timestamp,job_id,task_id,cpu_rate,mem_usage,duration
1,job_0,0,912,1343,25
1,job_1,1,618,1577,27
2,job_2,2,1308,2703,20
6,job_3,3,356,402,17
12,job_4,4,577,667,7
16,job_5,5,351,547,17
22,job_6,6,229,395,14
23,job_7,7,1427,1423,17
28,job_8,8,323,644,17
36,job_9,9,151,428,13
37,job_10,10,1125,1281,16
38,job_11,11,1256,1517,33
43,job_12,12,445,589,14
45,job_13,13,1161,1893,34
51,job_14,14,132,587,9
59,job_15,15,350,571,16
62,job_16,16,176,310,5
64,job_17,17,1511,2733,30
74,job_18,18,238,582,6
82,job_19,19,350,719,16
84,job_20,20,1251,2150,47
85,job_21,21,1314,1922,25
87,job_22,22,1103,1491,38
94,job_23,23,174,571,19
101,job_24,24,424,644,12
105,job_25,25,390,606,5
115,job_26,26,262,391,15
117,job_27,27,167,366,13
126,job_28,28,414,367,6
129,job_29,29,237,468,8
131,job_30,30,1288,1842,13
131,job_31,31,1167,1854,21
132,job_32,32,1194,2545,43
135,job_33,33,250,464,8
140,job_34,34,407,515,5
142,job_35,35,281,667,14
143,job_36,36,1192,3076,23
150,job_37,37,199,658,16
151,job_38,38,891,3359,24
153,job_39,39,1339,2545,28
153,job_40,40,1557,2402,15
154,job_41,41,848,2186,10
154,job_42,42,795,2220,35
160,job_43,43,402,569,20
160,job_44,44,1408,1579,42
166,job_45,45,237,575,12
168,job_46,46,1792,1489,16
168,job_47,47,2202,1634,41
170,job_48,48,1180,2024,34
174,job_49,49,202,570,13
176,job_50,50,780,3277,34
186,job_51,51,153,515,16
186,job_52,52,1597,2257,46
186,job_53,53,1535,2101,30
189,job_54,54,179,505,8
189,job_55,55,1050,2421,28
190,job_56,56,1213,1743,19
192,job_57,57,1383,3320,29
195,job_58,58,239,505,7
204,job_59,59,214,563,10
204,job_60,60,1717,2160,40
207,job_61,61,238,680,12
209,job_62,62,949,2656,11
209,job_63,63,1814,2597,29
210,job_64,64,1655,1247,48
211,job_65,65,584,2716,37
219,job_66,66,259,329,11
220,job_67,67,574,2480,20
225,job_68,68,370,593,11
226,job_69,69,1016,1512,18
233,job_70,70,229,552,9
235,job_71,71,686,1790,46
244,job_72,72,305,572,11
253,job_73,73,248,344,10
253,job_74,74,837,1912,42
255,job_75,75,1332,2703,36
257,job_76,76,526,1735,47
259,job_77,77,1734,2318,29
262,job_78,78,408,545,20
263,job_79,79,1301,1611,21
265,job_80,80,1728,1132,19
265,job_81,81,1750,2582,48
265,job_82,82,1510,2359,36
267,job_83,83,853,1698,28
267,job_84,84,1201,2994,32
269,job_85,85,955,2000,31
276,job_86,86,383,627,6
277,job_87,87,914,2727,10
279,job_88,88,961,2034,27
282,job_89,89,360,524,14
282,job_90,90,955,1750,11
286,job_91,91,340,414,8
288,job_92,92,1869,2717,26
293,job_93,93,349,422,16
302,job_94,94,267,512,7
306,job_95,95,396,545,17
308,job_96,96,1733,3008,47
310,job_97,97,1051,1848,13
311,job_98,98,1838,2054,37
311,job_99,99,1305,1865,29
313,job_100,100,218,511,7
321,job_101,101,255,626,13
331,job_102,102,270,448,10
333,job_103,103,1448,1783,37
333,job_104,104,764,2017,26
334,job_105,105,1024,1681,30
335,job_106,106,724,381,46
335,job_107,107,1565,1874,39
336,job_108,108,837,2531,15
337,job_109,109,1127,2264,44
337,job_110,110,1067,1546,25
344,job_111,111,504,534,19
344,job_112,112,1394,1595,34
346,job_113,113,1437,2041,20
354,job_114,114,232,531,10
356,job_115,115,261,340,18
357,job_116,116,889,2102,12
363,job_117,117,444,548,13
365,job_118,118,247,641,6
373,job_119,119,444,526,17
380,job_120,120,368,486,6
381,job_121,121,1269,1614,27
383,job_122,122,1756,2470,26
383,job_123,123,1409,1951,35
383,job_124,124,773,1715,13
384,job_125,125,828,2535,17
391,job_126,126,187,655,8
395,job_127,127,278,671,11
395,job_128,128,1127,1512,26
397,job_129,129,271,375,9
399,job_130,130,239,459,7
400,job_131,131,1664,2088,28
402,job_132,132,1520,1561,19
402,job_133,133,1200,1753,48
403,job_134,134,1472,1759,29
403,job_135,135,898,2211,18
408,job_136,136,282,511,5
409,job_137,137,1290,2370,15
418,job_138,138,184,406,11
425,job_139,139,253,372,16
427,job_140,140,179,507,17
429,job_141,141,322,438,9
435,job_142,142,189,611,13
445,job_143,143,425,369,20
451,job_144,144,260,532,11
453,job_145,145,864,1196,13
462,job_146,146,172,559,18
470,job_147,147,311,432,15
472,job_148,148,1070,2185,47
473,job_149,149,1244,1673,33
474,job_150,150,1246,1319,21
475,job_151,151,1497,1796,49
476,job_152,152,1242,1919,49
478,job_153,153,934,2374,22
481,job_154,154,310,428,20
481,job_155,155,1287,1879,36
490,job_156,156,354,590,17
492,job_157,157,1171,1824,12
494,job_158,158,1323,1816,38
495,job_159,159,1217,2813,37
496,job_160,160,1195,2650,42
496,job_161,161,1256,2773,40
496,job_162,162,1261,594,18
496,job_163,163,1718,2282,21
498,job_164,164,1733,1399,39
500,job_165,165,880,1684,26
501,job_166,166,733,3119,25
511,job_167,167,391,387,6
513,job_168,168,1427,2341,40
514,job_169,169,1423,2102,18
515,job_170,170,1437,2033,23
516,job_171,171,1002,1383,18
517,job_172,172,958,1773,34
519,job_173,173,1008,1439,26
520,job_174,174,828,2410,40
520,job_175,175,1329,2118,42
520,job_176,176,1175,1653,47
530,job_177,177,208,438,16
531,job_178,178,1686,2212,30
533,job_179,179,600,1801,13
535,job_180,180,1555,1544,14
535,job_181,181,1073,2737,19
540,job_182,182,430,590,13
541,job_183,183,1042,2279,49
541,job_184,184,1242,2268,43
542,job_185,185,1153,1581,15
549,job_186,186,302,645,7
551,job_187,187,1579,1682,42
551,job_188,188,617,2162,49
553,job_189,189,353,546,7
555,job_190,190,1448,1591,32
557,job_191,191,1454,1656,33
558,job_192,192,788,1784,36
560,job_193,193,1251,2441,15
561,job_194,194,1029,2484,42
563,job_195,195,1379,2391,31
565,job_196,196,1033,2377,34
565,job_197,197,1294,2240,26
566,job_198,198,685,1879,14
567,job_199,199,1314,2861,46
567,job_200,200,1339,2097,35
568,job_201,201,1525,1697,25
572,job_202,202,386,515,18
573,job_203,203,1613,2231,47
579,job_204,204,431,509,15
581,job_205,205,264,358,12
582,job_206,206,1496,1085,25
585,job_207,207,262,605,13
593,job_208,208,368,791,15
594,job_209,209,984,2093,17
594,job_210,210,887,1900,33
600,job_211,211,247,401,7
610,job_212,212,168,506,9
610,job_213,213,1273,2127,49
620,job_214,214,436,582,15
622,job_215,215,263,514,10
631,job_216,216,384,487,7
633,job_217,217,1578,2279,34
634,job_218,218,1214,2255,38
635,job_219,219,1317,1984,47
639,job_220,220,296,556,5
648,job_221,221,100,401,14
649,job_222,222,1491,1675,32
649,job_223,223,938,2306,45
651,job_224,224,614,1291,36
653,job_225,225,1316,1958,49
653,job_226,226,909,2013,49
654,job_227,227,1348,1708,21
655,job_228,228,1273,1483,48
657,job_229,229,1254,3430,31
659,job_230,230,1329,1659,17
661,job_231,231,1612,2022,26
663,job_232,232,1219,1815,42
668,job_233,233,255,478,13
669,job_234,234,1080,2584,44
669,job_235,235,560,1953,44
673,job_236,236,304,245,5
681,job_237,237,424,514,12
687,job_238,238,366,399,6
688,job_239,239,1068,1902,13
697,job_240,240,337,592,13
699,job_241,241,1074,1933,26
700,job_242,242,1581,1900,49
701,job_243,243,949,1791,11
704,job_244,244,371,541,8
706,job_245,245,1558,2112,35
709,job_246,246,169,451,7
711,job_247,247,1248,1751,36
711,job_248,248,836,772,32
712,job_249,249,1083,1591,30
713,job_250,250,1557,2664,48
714,job_251,251,1282,1435,17
717,job_252,252,447,465,20
718,job_253,253,1163,1753,20
719,job_254,254,1199,1600,46
720,job_255,255,1665,2058,42
725,job_256,256,462,417,9
732,job_257,257,220,627,11
732,job_258,258,1016,2413,26
740,job_259,259,348,697,20
740,job_260,260,1084,1774,23
741,job_261,261,1121,1404,12
743,job_262,262,564,1651,32
744,job_263,263,732,2777,13
745,job_264,264,1664,2174,25
747,job_265,265,769,1985,24
749,job_266,266,477,387,10
749,job_267,267,1465,2892,21
750,job_268,268,855,2798,50
752,job_269,269,1507,2154,44
752,job_270,270,1659,1882,43
754,job_271,271,1846,2176,44
756,job_272,272,646,2712,50
761,job_273,273,156,649,7
766,job_274,274,141,501,18
766,job_275,275,785,1047,40
767,job_276,276,1520,941,20
767,job_277,277,605,2027,50
777,job_278,278,343,396,20
777,job_279,279,1355,2042,25
778,job_280,280,1391,2338,30
779,job_281,281,1570,1832,47
786,job_282,282,130,367,10
790,job_283,283,395,481,7
792,job_284,284,874,2649,24
794,job_285,285,297,429,8
804,job_286,286,232,267,7
809,job_287,287,466,530,19
813,job_288,288,184,515,10
815,job_289,289,1488,1298,25
817,job_290,290,993,2578,45
817,job_291,291,1211,1815,18
818,job_292,292,1008,1851,15
827,job_293,293,382,448,14
829,job_294,294,1221,1661,18
831,job_295,295,1240,1422,25
839,job_296,296,357,679,10
841,job_297,297,1166,1733,23
843,job_298,298,861,2069,24
845,job_299,299,269,729,18
846,job_300,300,1720,2931,10
846,job_301,301,1156,2211,10
848,job_302,302,773,2639,39
849,job_303,303,1823,2494,30
850,job_304,304,979,2044,36
850,job_305,305,837,1891,43
850,job_306,306,1048,2485,36
857,job_307,307,239,580,11
859,job_308,308,1455,1799,32
861,job_309,309,1146,2596,46
863,job_310,310,1303,2323,11
863,job_311,311,923,2223,12
864,job_312,312,1237,2517,19
866,job_313,313,980,982,25
866,job_314,314,1215,1912,26
867,job_315,315,981,1544,24
868,job_316,316,823,2542,39
870,job_317,317,1005,2525,30
880,job_318,318,157,516,12
881,job_319,319,1746,3111,48
882,job_320,320,1584,2157,12
887,job_321,321,316,377,10
888,job_322,322,928,3005,26
888,job_323,323,1360,2046,31
890,job_324,324,1211,1851,28
892,job_325,325,1268,2203,19
899,job_326,326,287,510,6
899,job_327,327,1459,2143,50
907,job_328,328,202,422,6
908,job_329,329,1191,2708,34
914,job_330,330,146,718,17
921,job_331,331,187,624,5
929,job_332,332,100,409,20
929,job_333,333,1466,1751,28
934,job_334,334,212,812,6
936,job_335,335,1160,1580,50
946,job_336,336,123,604,20
947,job_337,337,944,2106,46
953,job_338,338,273,624,19
953,job_339,339,984,2157,33
953,job_340,340,807,1763,11
955,job_341,341,1431,2145,12
956,job_342,342,1621,2546,21
964,job_343,343,182,480,8
965,job_344,344,1376,1269,42
967,job_345,345,658,1835,43
969,job_346,346,506,2781,35
972,job_347,347,334,470,17
972,job_348,348,1711,2418,28
974,job_349,349,784,2842,41
976,job_350,350,932,2573,44
976,job_351,351,1141,1971,22
978,job_352,352,1209,1875,16
981,job_353,353,446,549,8
986,job_354,354,403,512,16
988,job_355,355,1132,2096,38
993,job_356,356,312,588,19
995,job_357,357,204,650,13
996,job_358,358,1264,2135,22
996,job_359,359,803,2020,36
997,job_360,360,1479,1657,45
1007,job_361,361,418,644,17
1009,job_362,362,345,632,18
1009,job_363,363,926,1853,14
1013,job_364,364,243,623,19
1013,job_365,365,1016,1885,33
1014,job_366,366,1482,2895,23
1015,job_367,367,800,2076,35
1023,job_368,368,297,283,9
1029,job_369,369,100,588,17
1030,job_370,370,1071,1414,16
1031,job_371,371,1361,2078,13
1031,job_372,372,1125,2141,35
1033,job_373,373,777,1737,27
1035,job_374,374,1157,2861,28
1035,job_375,375,1544,2093,44
1036,job_376,376,869,1199,46
1041,job_377,377,289,509,13
1048,job_378,378,316,520,17
1049,job_379,379,1498,1806,35
1049,job_380,380,1079,2037,13
1051,job_381,381,1091,2311,30
1053,job_382,382,1070,2350,25
1055,job_383,383,1445,2507,45
1055,job_384,384,831,1254,14
1055,job_385,385,866,2553,28
1057,job_386,386,711,1921,17
1057,job_387,387,971,1997,15
1057,job_388,388,1028,2044,47
1059,job_389,389,1446,945,50
1060,job_390,390,806,1977,41
1062,job_391,391,743,2500,32
1064,job_392,392,1288,2082,34
1070,job_393,393,265,507,9
1072,job_394,394,1082,1868,20
1073,job_395,395,1002,2866,27
1083,job_396,396,207,602,19
1086,job_397,397,419,569,9
1088,job_398,398,1347,2120,10
1089,job_399,399,1628,2318,21
1093,job_400,400,178,481,14
1093,job_401,401,1615,2325,44
1093,job_402,402,1268,2188,20
1094,job_403,403,1048,1984,39
1095,job_404,404,900,2151,40
1095,job_405,405,2035,1378,29
1097,job_406,406,816,2234,26
1099,job_407,407,1624,2063,20
1104,job_408,408,282,404,6
1106,job_409,409,869,2308,16
1106,job_410,410,1421,1870,38
1107,job_411,411,1077,1880,48
1108,job_412,412,1409,2698,47
1115,job_413,413,358,521,16
1115,job_414,414,1215,1855,35
1116,job_415,415,784,2628,37
1117,job_416,416,1013,2753,48
1118,job_417,417,1516,1920,11
1118,job_418,418,964,2060,12
1119,job_419,419,799,1478,38
1127,job_420,420,363,407,6
1129,job_421,421,1112,2311,26
1133,job_422,422,253,576,12
1133,job_423,423,916,1310,37
1135,job_424,424,116,407,10
1136,job_425,425,1755,2365,43
1138,job_426,426,586,2697,26
1139,job_427,427,782,2647,44
1144,job_428,428,179,594,17
1144,job_429,429,899,1959,46
1146,job_430,430,1047,1082,14
1146,job_431,431,1754,1242,42
1155,job_432,432,247,496,15
1157,job_433,433,905,2904,11
1159,job_434,434,775,1961,17
1160,job_435,435,1731,1726,37
1160,job_436,436,1093,2079,50
1168,job_437,437,314,587,16
1178,job_438,438,342,679,20
1186,job_439,439,307,545,17
1189,job_440,440,339,430,6
1190,job_441,441,1246,2094,31
1192,job_442,442,1360,1917,50
1193,job_443,443,1727,1364,14
1194,job_444,444,1249,2471,31
1196,job_445,445,315,407,20
1205,job_446,446,464,463,7
1207,job_447,447,911,1581,13
1207,job_448,448,830,2681,28
1209,job_449,449,726,2435,14
1210,job_450,450,1204,2280,17
1212,job_451,451,362,402,17
1214,job_452,452,1414,1731,31
1216,job_453,453,343,723,10
1218,job_454,454,857,1812,17
1220,job_455,455,1251,2572,20
1220,job_456,456,1190,1743,10
1222,job_457,457,948,2024,11
1222,job_458,458,1475,1930,11
1224,job_459,459,1328,1479,12
1228,job_460,460,232,803,15
1228,job_461,461,1204,1826,40
1228,job_462,462,884,2679,32
1228,job_463,463,1073,2359,36
1230,job_464,464,1076,1801,20
1230,job_465,465,1779,1146,21
1230,job_466,466,1452,2087,14
1232,job_467,467,1576,1717,30
1234,job_468,468,1334,1908,20
1235,job_469,469,1537,1426,43
1236,job_470,470,1118,2331,28
1239,job_471,471,334,397,6
1240,job_472,472,1793,1650,19
1240,job_473,473,994,1499,26
1243,job_474,474,492,502,14
1244,job_475,475,1280,3168,13
1245,job_476,476,481,1632,44
1246,job_477,477,1249,2291,39
1248,job_478,478,1441,1639,20
1248,job_479,479,1635,1436,16
1250,job_480,480,1145,2450,26
1251,job_481,481,1470,2693,27
1251,job_482,482,1103,2235,24
1251,job_483,483,1082,1885,49
1251,job_484,484,1262,1976,33
1261,job_485,485,420,589,10
1271,job_486,486,100,445,6
1273,job_487,487,1309,1930,50
1283,job_488,488,179,323,12
1286,job_489,489,327,369,13
1287,job_490,490,891,2244,21
1289,job_491,491,1325,1508,12
1291,job_492,492,1207,2194,50
1291,job_493,493,1795,1199,14
1291,job_494,494,1137,1728,25
1293,job_495,495,963,1969,22
1295,job_496,496,688,1437,26
1297,job_497,497,918,2747,17
1299,job_498,498,310,409,13
1300,job_499,499,1501,1459,47
1300,job_500,500,1439,1248,12
1301,job_501,501,1341,1556,17
1301,job_502,502,1215,1927,30
1302,job_503,503,1227,2844,37
1303,job_504,504,1149,1764,31
1303,job_505,505,971,1632,33
1305,job_506,506,1328,465,21
1306,job_507,507,1376,1987,22
1311,job_508,508,472,581,13
1313,job_509,509,949,2338,11
1322,job_510,510,310,636,12
1322,job_511,511,1357,2280,24
1324,job_512,512,1123,2249,41
1324,job_513,513,1332,2125,38
1325,job_514,514,1056,2172,19
1327,job_515,515,455,290,16
1327,job_516,516,1490,2178,13
1328,job_517,517,1536,2036,26
1330,job_518,518,1403,2315,41
1332,job_519,519,910,2831,49
1334,job_520,520,963,2975,18
1336,job_521,521,974,1724,46
1338,job_522,522,1373,2037,15
1339,job_523,523,1321,2849,29
1340,job_524,524,743,1717,19
1341,job_525,525,918,1529,25
1342,job_526,526,1399,3119,26
1343,job_527,527,899,2593,15
1343,job_528,528,1079,2868,47
1347,job_529,529,465,484,20
1349,job_530,530,497,678,20
1349,job_531,531,1702,2302,22
1349,job_532,532,613,1840,40
1349,job_533,533,1386,2603,22
1350,job_534,534,881,1805,11
1351,job_535,535,1021,2501,49
1353,job_536,536,1175,2330,11
1354,job_537,537,1392,2035,44
1355,job_538,538,1142,1431,13
1359,job_539,539,336,343,20
1359,job_540,540,1042,1445,37
1361,job_541,541,1145,1940,30
1363,job_542,542,1268,2158,32
1367,job_543,543,326,520,9
1369,job_544,544,1404,1688,23
1369,job_545,545,994,1861,17
1369,job_546,546,1536,2100,38
1371,job_547,547,1353,2730,21
1372,job_548,548,723,1568,22
1381,job_549,549,318,346,17
1383,job_550,550,1276,1903,18
1383,job_551,551,1068,999,18
1383,job_552,552,1231,1526,17
1391,job_553,553,379,454,17
1392,job_554,554,780,2511,29
1393,job_555,555,1321,2170,33
1393,job_556,556,1244,2316,37
1393,job_557,557,1326,2208,40
1395,job_558,558,1507,1860,42
1405,job_559,559,397,490,19
1407,job_560,560,1480,2121,41
1409,job_561,561,1086,1632,24
1409,job_562,562,1327,2191,12
1410,job_563,563,916,1541,37
1412,job_564,564,1424,2499,33
1412,job_565,565,1515,1492,11
1412,job_566,566,1522,2336,32
1412,job_567,567,1289,2285,44
1413,job_568,568,1320,2426,17
1413,job_569,569,1071,1921,45
1415,job_570,570,1648,1023,34
1416,job_571,571,1974,1536,35
1416,job_572,572,687,2125,16
1418,job_573,573,1491,2285,29
1420,job_574,574,1047,2660,18
1422,job_575,575,885,1192,45
1422,job_576,576,1548,2294,42
1424,job_577,577,1463,2071,36
1425,job_578,578,816,1400,29
1432,job_579,579,250,545,15
1433,job_580,580,1070,1045,23
1433,job_581,581,1587,1679,47
1433,job_582,582,775,728,33
1434,job_583,583,624,2136,25
1436,job_584,584,349,563,6
1437,job_585,585,521,1434,37
1439,job_586,586,1324,1365,21
1439,job_587,587,1369,1300,31
1439,job_588,588,975,1544,36
1445,job_589,589,188,698,10
1445,job_590,590,781,1549,27
1445,job_591,591,1100,1642,27
1445,job_592,592,1041,2358,21
1446,job_593,593,437,1325,21
1446,job_594,594,1698,2510,40
1447,job_595,595,784,1928,23
1448,job_596,596,840,1116,42
1448,job_597,597,1309,1668,47
1448,job_598,598,1449,1381,16
1449,job_599,599,1214,2692,16
1449,job_600,600,1327,1684,35
1451,job_601,601,1322,2125,42
1451,job_602,602,641,2014,44
1452,job_603,603,1299,2796,38
1453,job_604,604,1499,1086,28
1455,job_605,605,1094,2239,41
1457,job_606,606,1003,1561,15
1467,job_607,607,580,616,16
1468,job_608,608,1166,1670,36
1468,job_609,609,745,2085,21
1468,job_610,610,1679,1504,33
1469,job_611,611,1116,1521,36
1470,job_612,612,1450,2591,47
1470,job_613,613,1309,1678,18
1474,job_614,614,273,653,17
1476,job_615,615,1540,2595,39
1476,job_616,616,971,1808,42
1476,job_617,617,1370,2600,14
1476,job_618,618,971,1671,37
1476,job_619,619,903,1698,28
1476,job_620,620,1299,2937,11
1477,job_621,621,1284,1236,33
1477,job_622,622,864,1877,14
1479,job_623,623,1083,1741,31
1481,job_624,624,1360,2370,21
1481,job_625,625,1058,2137,12
1481,job_626,626,1152,2430,22
1482,job_627,627,1301,1787,37
1484,job_628,628,1296,1929,26
1493,job_629,629,295,433,8
1494,job_630,630,1106,1981,36
1495,job_631,631,1431,1911,15
1495,job_632,632,1279,2075,21
1497,job_633,633,1057,2357,31
1498,job_634,634,1341,1708,25
1498,job_635,635,769,2640,41
1504,job_636,636,198,427,5
1504,job_637,637,1368,1983,29
1505,job_638,638,1278,1870,29
1506,job_639,639,757,2219,22
1507,job_640,640,1632,2469,20
1509,job_641,641,1451,1931,21
1509,job_642,642,1089,2474,23
1509,job_643,643,1478,2503,49
1510,job_644,644,1054,1592,28
1512,job_645,645,988,1982,37
1514,job_646,646,1386,1704,35
1516,job_647,647,942,2490,50
1518,job_648,648,1345,812,42
1527,job_649,649,546,554,9
1527,job_650,650,965,1644,12
1528,job_651,651,1199,3422,10
1529,job_652,652,1251,2094,27
1529,job_653,653,1355,1677,36
1529,job_654,654,652,2156,14
1530,job_655,655,1084,1895,18
1530,job_656,656,1514,1732,14
1532,job_657,657,1130,1816,48
1532,job_658,658,1363,1385,40
1535,job_659,659,450,440,14
1536,job_660,660,1182,2589,13
1538,job_661,661,1766,3083,33
1540,job_662,662,929,2308,40
1540,job_663,663,1434,1951,13
1541,job_664,664,847,1830,18
1543,job_665,665,1721,2529,39
1544,job_666,666,858,3036,30
1544,job_667,667,1450,2828,48
1551,job_668,668,312,390,6
1551,job_669,669,920,1837,30
1553,job_670,670,753,2527,40
1554,job_671,671,536,2686,49
1555,job_672,672,1676,2775,50
1555,job_673,673,1644,2572,31
1557,job_674,674,651,1816,10
1559,job_675,675,984,2007,34
1560,job_676,676,1709,1681,22
1560,job_677,677,1049,2228,26
1563,job_678,678,142,547,16
1566,job_679,679,303,596,15
1566,job_680,680,1009,2521,32
1568,job_681,681,740,2227,32
1568,job_682,682,893,2164,10
1569,job_683,683,1680,2360,47
1571,job_684,684,298,506,9
1572,job_685,685,1063,2028,30
1572,job_686,686,1095,2072,14
1572,job_687,687,1439,2254,35
1577,job_688,688,269,456,10
1577,job_689,689,1387,2000,32
1585,job_690,690,185,435,11
1586,job_691,691,1534,2187,14
1586,job_692,692,1098,2057,39
1587,job_693,693,1318,1833,29
1587,job_694,694,1582,2332,44
1587,job_695,695,826,2187,23
1588,job_696,696,1099,3109,24
1596,job_697,697,518,675,10
1598,job_698,698,1184,2161,32
1600,job_699,699,1096,2201,50
1601,job_700,700,1095,1703,28
1602,job_701,701,1249,2529,48
1602,job_702,702,1484,2440,20
1604,job_703,703,598,1484,26
1605,job_704,704,1722,1810,26
1606,job_705,705,1322,2027,49
1607,job_706,706,1498,1098,33
1609,job_707,707,758,2616,48
1610,job_708,708,1563,2275,17
1610,job_709,709,1199,2617,15
1611,job_710,710,1040,2212,22
1612,job_711,711,1525,1862,15
1614,job_712,712,1197,2439,22
1614,job_713,713,1063,2225,12
1616,job_714,714,1344,1744,36
1618,job_715,715,1354,2490,19
1619,job_716,716,1637,2542,46
1621,job_717,717,1472,2721,43
1621,job_718,718,888,2976,18
1621,job_719,719,1124,1913,42
1623,job_720,720,1039,2446,22
1629,job_721,721,456,403,6
1631,job_722,722,608,2510,27
1632,job_723,723,1271,2047,21
1633,job_724,724,2037,2403,47
1635,job_725,725,763,1769,50
1635,job_726,726,1095,1894,22
1636,job_727,727,1227,2436,13
1637,job_728,728,1075,2385,35
1637,job_729,729,1052,2293,24
1637,job_730,730,1031,1063,43
1638,job_731,731,1279,1869,23
1646,job_732,732,338,395,5
1647,job_733,733,699,1833,45
1648,job_734,734,1332,2223,40
1648,job_735,735,1568,1772,20
1648,job_736,736,1356,2235,12
1650,job_737,737,1436,2085,49
1650,job_738,738,1031,1249,50
1652,job_739,739,1095,1870,16
1654,job_740,740,1316,1619,23
1655,job_741,741,1403,1889,20
1657,job_742,742,867,2374,39
1657,job_743,743,1293,2011,47
1658,job_744,744,1199,1767,31
1660,job_745,745,942,1006,49
1662,job_746,746,751,2237,41
1662,job_747,747,1106,2529,40
1665,job_748,748,135,718,6
1666,job_749,749,1014,1395,33
1666,job_750,750,1546,2731,46
1667,job_751,751,1059,2420,44
1667,job_752,752,1006,1582,11
1668,job_753,753,1275,1462,37
1670,job_754,754,1155,2051,26
1671,job_755,755,1025,1915,38
1672,job_756,756,1218,1939,10
1674,job_757,757,1012,1695,46
1675,job_758,758,799,2210,23
1680,job_759,759,314,580,5
1681,job_760,760,1288,1658,49
1683,job_761,761,1140,2849,47
1684,job_762,762,1193,2747,25
1684,job_763,763,1421,2314,22
1686,job_764,764,1114,1766,17
1686,job_765,765,1332,2523,40
1690,job_766,766,165,344,15
1691,job_767,767,1146,1628,35
1699,job_768,768,145,357,19
1701,job_769,769,1079,2134,27
1708,job_770,770,304,492,6
1710,job_771,771,821,1386,14
1712,job_772,772,814,3728,11
1712,job_773,773,819,3235,13
1714,job_774,774,1111,2005,35
1721,job_775,775,272,648,6
1723,job_776,776,1639,2860,50
1723,job_777,777,1378,2521,46
1723,job_778,778,1640,2773,11
1724,job_779,779,1164,2645,41
1726,job_780,780,889,3163,33
1726,job_781,781,1460,2171,12
1727,job_782,782,1312,1725,15
1729,job_783,783,1660,2536,13
1731,job_784,784,1513,2290,42
1731,job_785,785,955,2535,14
1731,job_786,786,1121,2217,40
1732,job_787,787,1117,2034,22
1732,job_788,788,1674,1519,39
1732,job_789,789,777,2152,39
1733,job_790,790,1169,1814,31
1733,job_791,791,1107,2054,25
1733,job_792,792,942,1972,48
1733,job_793,793,1314,1695,22
1734,job_794,794,1385,2031,34
1736,job_795,795,1110,2073,32
1738,job_796,796,1005,2437,43
1740,job_797,797,1310,1813,20
1742,job_798,798,1442,1512,40
1743,job_799,799,1055,2740,40
1744,job_800,800,1301,2003,46
1748,job_801,801,170,430,5
1748,job_802,802,1356,2137,10
1749,job_803,803,1090,1474,17
1752,job_804,804,378,460,7
1752,job_805,805,780,1673,15
1752,job_806,806,999,1929,41
1753,job_807,807,1150,1693,39
1753,job_808,808,1177,2299,12
1755,job_809,809,1231,2755,31
1755,job_810,810,859,2099,44
1757,job_811,811,1175,1830,12
1759,job_812,812,1247,2746,48
1760,job_813,813,921,1118,28
1761,job_814,814,1306,1306,24
1761,job_815,815,1714,1461,49
1762,job_816,816,1069,2511,31
1763,job_817,817,525,2422,39
1765,job_818,818,1395,2362,45
1767,job_819,819,1632,2166,14
1767,job_820,820,1260,1506,48
1769,job_821,821,987,2179,44
1769,job_822,822,1575,1236,42
1769,job_823,823,1277,2462,21
1770,job_824,824,804,2395,24
1772,job_825,825,1042,2062,24
1773,job_826,826,1577,1920,27
1775,job_827,827,1575,2178,37
1776,job_828,828,1521,2493,24
1778,job_829,829,1568,2393,30
1780,job_830,830,640,1349,16
1781,job_831,831,1392,1481,15
1782,job_832,832,1307,1991,30
1783,job_833,833,1157,2107,47
1783,job_834,834,1004,1801,22
1785,job_835,835,1078,1402,18
1785,job_836,836,608,1871,42
1786,job_837,837,1517,1378,39
1788,job_838,838,1543,1850,38
1790,job_839,839,1449,2537,35
1790,job_840,840,1258,2915,35
1791,job_841,841,874,1575,15
1793,job_842,842,1334,2661,50
1795,job_843,843,1135,2921,29
1795,job_844,844,1062,2414,46
1797,job_845,845,215,398,14
1798,job_846,846,1119,2027,41
1799,job_847,847,1113,1653,48
1800,job_848,848,1193,2612,42
1800,job_849,849,1198,1271,37
1802,job_850,850,1200,1719,18
1802,job_851,851,1262,1901,21
1804,job_852,852,1551,2098,37
1805,job_853,853,669,2081,44
1806,job_854,854,1439,1453,40
1808,job_855,855,866,1891,11
1809,job_856,856,929,2328,47
1810,job_857,857,1473,1871,49
1811,job_858,858,1164,2872,36
1821,job_859,859,186,536,15
1821,job_860,860,973,2003,43
1822,job_861,861,945,1654,31
1824,job_862,862,1187,2179,36
1829,job_863,863,436,613,16
1829,job_864,864,1203,1902,47
1831,job_865,865,810,2057,31
1831,job_866,866,1354,1777,27
1831,job_867,867,1305,1880,16
1832,job_868,868,1243,2078,17
1833,job_869,869,1425,2489,22
1833,job_870,870,1504,1987,37
1834,job_871,871,1301,1121,43
1835,job_872,872,1083,1727,20
1837,job_873,873,1908,1892,43
1839,job_874,874,1501,1299,34
1841,job_875,875,1342,1978,19
1843,job_876,876,1233,1542,41
1844,job_877,877,1319,1749,45
1844,job_878,878,1151,2022,25
1845,job_879,879,757,2278,23
1845,job_880,880,959,1768,37
1846,job_881,881,1182,2237,30
1846,job_882,882,1190,2291,46
1846,job_883,883,1127,2110,27
1848,job_884,884,1197,2779,26
1850,job_885,885,1203,2328,40
1850,job_886,886,1013,2219,42
1850,job_887,887,1328,1992,44
1852,job_888,888,1077,2300,42
1853,job_889,889,812,1878,41
1854,job_890,890,1534,1291,49
1854,job_891,891,1324,3027,22
1856,job_892,892,1304,1953,14
1858,job_893,893,1464,1331,13
1858,job_894,894,838,1752,13
1860,job_895,895,774,1946,12
1862,job_896,896,1121,2201,12
1863,job_897,897,1179,1274,33
1865,job_898,898,1412,2030,42
1866,job_899,899,848,2012,38
1866,job_900,900,1663,1795,11
1867,job_901,901,1597,2185,20
1868,job_902,902,1550,2260,14
1868,job_903,903,1590,2236,26
1871,job_904,904,189,602,11
1872,job_905,905,1714,2329,31
1874,job_906,906,1519,2727,39
1876,job_907,907,1244,2077,47
1878,job_908,908,1012,1539,35
1880,job_909,909,1267,2345,36
1882,job_910,910,1560,2146,21
1884,job_911,911,1215,1933,38
1885,job_912,912,1461,792,26
1885,job_913,913,1243,1176,44
1886,job_914,914,1439,1570,10
1889,job_915,915,585,644,7
1891,job_916,916,953,2418,34
1891,job_917,917,1417,2636,31
1892,job_918,918,1120,2706,19
1893,job_919,919,1611,2339,28
1894,job_920,920,1375,2607,22
1894,job_921,921,1382,2208,19
1894,job_922,922,754,490,18
1896,job_923,923,1560,3138,45
1898,job_924,924,1358,1475,30
1900,job_925,925,1305,2497,46
1901,job_926,926,1090,1593,35
1901,job_927,927,1123,2039,43
1903,job_928,928,1248,1682,44
1905,job_929,929,1332,1561,48
1906,job_930,930,1052,2689,10
1907,job_931,931,1218,1608,19
1907,job_932,932,1414,3347,24
1908,job_933,933,1027,2220,35
1910,job_934,934,1282,1712,26
1911,job_935,935,944,2605,13
1912,job_936,936,1604,2116,28
1914,job_937,937,870,2051,27
1915,job_938,938,1698,2796,22
1916,job_939,939,1207,1341,32
1916,job_940,940,1156,1543,26
1916,job_941,941,853,2443,13
1916,job_942,942,874,1991,39
1917,job_943,943,1154,2124,10
1918,job_944,944,1807,2203,27
1918,job_945,945,1638,1297,46
1919,job_946,946,1200,389,19
1919,job_947,947,1676,1173,34
1919,job_948,948,1612,1921,29
1920,job_949,949,1384,1552,16
1921,job_950,950,961,1989,45
1922,job_951,951,860,1821,10
1924,job_952,952,1147,1891,44
1925,job_953,953,921,1610,37
1926,job_954,954,1363,1221,48
1928,job_955,955,1210,2370,49
1928,job_956,956,1169,2507,37
1929,job_957,957,997,1673,20
1930,job_958,958,1019,1234,12
1930,job_959,959,1631,1467,21
1930,job_960,960,1434,2422,20
1932,job_961,961,1301,2469,35
1932,job_962,962,1145,1473,28
1932,job_963,963,749,2190,37
1933,job_964,964,1343,1649,43
1935,job_965,965,783,2195,31
1937,job_966,966,565,1519,41
1939,job_967,967,1276,1834,24
1941,job_968,968,1262,1759,49
1941,job_969,969,1231,2506,48
1941,job_970,970,1017,2199,30
1943,job_971,971,856,1472,32
1944,job_972,972,1431,1905,44
1944,job_973,973,1004,2276,13
1946,job_974,974,1690,1760,44
1947,job_975,975,848,2054,26
1948,job_976,976,1472,1920,36
1950,job_977,977,1520,1695,20
1950,job_978,978,1477,2603,34
1951,job_979,979,2018,1647,10
1953,job_980,980,1140,2103,21
1953,job_981,981,1325,3194,41
1954,job_982,982,743,1890,33
1954,job_983,983,1548,1969,14
1956,job_984,984,567,2151,38
1956,job_985,985,897,2554,30
1958,job_986,986,986,1885,24
1958,job_987,987,1483,1861,23
1958,job_988,988,1554,2379,20
1960,job_989,989,1619,2475,28
1962,job_990,990,243,537,20
1962,job_991,991,1107,2706,29
1963,job_992,992,1414,2192,17
1964,job_993,993,1359,1748,12
1966,job_994,994,1372,1270,31
1966,job_995,995,946,2310,37
1966,job_996,996,1408,2495,42
1966,job_997,997,1058,1876,35
1967,job_998,998,986,1933,40
1968,job_999,999,1368,2085,21
1968,job_1000,1000,1175,2428,41
1970,job_1001,1001,1580,1976,23
1972,job_1002,1002,1080,1757,30
1974,job_1003,1003,1608,936,14
1974,job_1004,1004,778,2682,31
1976,job_1005,1005,968,2177,32
1977,job_1006,1006,1464,1938,26
1979,job_1007,1007,918,1560,23
1981,job_1008,1008,1046,1455,21
1981,job_1009,1009,1728,2219,30
1983,job_1010,1010,1365,1052,43
1984,job_1011,1011,1510,2265,42
1985,job_1012,1012,910,2707,24
1987,job_1013,1013,1291,1240,36
1987,job_1014,1014,1097,1908,39
1987,job_1015,1015,1505,2531,38
1988,job_1016,1016,725,2441,18
1989,job_1017,1017,929,1486,31
1991,job_1018,1018,635,2019,40
1993,job_1019,1019,948,2805,23
1995,job_1020,1020,1488,1672,45
1996,job_1021,1021,1622,1954,10
1996,job_1022,1022,1070,2095,14
1998,job_1023,1023,1255,2740,35
1999,job_1024,1024,1000,2316,28
1999,job_1025,1025,1013,1634,41
2000,job_1026,1026,1519,2569,30
2001,job_1027,1027,1523,1831,30
2001,job_1028,1028,1534,2361,14
2002,job_1029,1029,1746,1374,31
2004,job_1030,1030,1479,1234,39
2006,job_1031,1031,1089,2381,42
2008,job_1032,1032,860,1484,39
2010,job_1033,1033,1496,1968,26
2012,job_1034,1034,1145,2429,46
2012,job_1035,1035,1005,2401,27
2014,job_1036,1036,1411,1991,29
2015,job_1037,1037,895,2059,49
2017,job_1038,1038,863,1492,38
2019,job_1039,1039,1351,2455,16
2021,job_1040,1040,851,1411,50
2021,job_1041,1041,1957,2432,35
2023,job_1042,1042,1857,2281,16
2024,job_1043,1043,1130,2404,11
2026,job_1044,1044,1577,1889,42
2028,job_1045,1045,1081,2155,32
2030,job_1046,1046,1144,2288,10
2030,job_1047,1047,1491,2498,16
2031,job_1048,1048,1468,2401,44
2032,job_1049,1049,1029,1734,27
2033,job_1050,1050,1242,2711,45
2041,job_1051,1051,436,507,17
2042,job_1052,1052,985,1715,45
2044,job_1053,1053,856,1959,11
2045,job_1054,1054,940,1805,29
2045,job_1055,1055,1049,3071,16
2045,job_1056,1056,1162,1887,40
2046,job_1057,1057,1696,1859,24
2046,job_1058,1058,1187,2228,31
2046,job_1059,1059,863,2078,36
2046,job_1060,1060,1783,1990,22
2048,job_1061,1061,876,2426,31
2048,job_1062,1062,1013,2083,39
2048,job_1063,1063,1048,1737,35
2049,job_1064,1064,751,1919,40
2051,job_1065,1065,1046,1558,17
2053,job_1066,1066,1370,1863,45
2054,job_1067,1067,1289,1994,39
2056,job_1068,1068,1227,2311,27
2058,job_1069,1069,1157,2502,42
2060,job_1070,1070,465,1470,27
2062,job_1071,1071,897,1901,31
2063,job_1072,1072,918,2620,27
2064,job_1073,1073,1462,2428,47
2064,job_1074,1074,1229,1855,25
2066,job_1075,1075,1494,1375,22
2067,job_1076,1076,1589,2255,29
2068,job_1077,1077,1410,805,13
2070,job_1078,1078,1025,1218,40
2070,job_1079,1079,762,1736,13
2071,job_1080,1080,1407,3071,13
2071,job_1081,1081,1265,2509,12
2072,job_1082,1082,1200,2010,47
2074,job_1083,1083,800,2519,21
2076,job_1084,1084,954,2552,45
2077,job_1085,1085,1153,2283,38
2079,job_1086,1086,1531,1483,17
2079,job_1087,1087,892,1952,23
2079,job_1088,1088,920,1941,48
2079,job_1089,1089,1240,2317,32
2081,job_1090,1090,1392,1881,47
2082,job_1091,1091,821,1290,23
2083,job_1092,1092,748,2500,32
2083,job_1093,1093,1373,1460,38
2083,job_1094,1094,814,1966,15
2085,job_1095,1095,950,2069,29
2086,job_1096,1096,1111,2433,34
2086,job_1097,1097,1418,1598,22
2086,job_1098,1098,1528,1017,49
2088,job_1099,1099,564,2603,20
2088,job_1100,1100,1271,3345,38
2090,job_1101,1101,1413,2029,20
2092,job_1102,1102,824,1996,39
2092,job_1103,1103,843,2750,37
2092,job_1104,1104,1512,1719,17
2092,job_1105,1105,839,2325,48
2093,job_1106,1106,1660,2089,49
2094,job_1107,1107,1364,2276,13
2094,job_1108,1108,1330,1836,15
2096,job_1109,1109,1111,2771,23
2097,job_1110,1110,907,1912,11
2097,job_1111,1111,987,2356,28
2099,job_1112,1112,1349,1761,34
2101,job_1113,1113,1881,3009,14
2103,job_1114,1114,472,788,44
2105,job_1115,1115,1147,1676,29
2106,job_1116,1116,1694,1585,12
2108,job_1117,1117,781,1472,16
2108,job_1118,1118,1166,1840,38
2109,job_1119,1119,800,1480,10
2110,job_1120,1120,947,2199,15
2112,job_1121,1121,1037,2680,27
2112,job_1122,1122,965,1750,32
2113,job_1123,1123,1011,2034,30
2114,job_1124,1124,1074,2138,16
2114,job_1125,1125,1527,2192,32
2114,job_1126,1126,1465,2221,10
2116,job_1127,1127,1272,2073,23
2117,job_1128,1128,1213,1144,44
2117,job_1129,1129,1491,1690,50
2119,job_1130,1130,1035,1983,31
2121,job_1131,1131,1037,2208,16
2122,job_1132,1132,992,1591,15
2122,job_1133,1133,1346,1912,35
2122,job_1134,1134,1308,1227,11
2124,job_1135,1135,1370,2654,31
2126,job_1136,1136,1504,2316,35
2127,job_1137,1137,1449,3068,25
2127,job_1138,1138,1651,2567,50
2129,job_1139,1139,708,2252,48
2130,job_1140,1140,1744,2392,42
2131,job_1141,1141,1175,1747,24
2133,job_1142,1142,1310,1608,34
2133,job_1143,1143,508,1436,32
2135,job_1144,1144,1297,1971,22
2137,job_1145,1145,1645,2548,23
2138,job_1146,1146,1736,2280,32
2139,job_1147,1147,1422,1006,27
2139,job_1148,1148,1087,1969,15
2141,job_1149,1149,1293,1632,48
2141,job_1150,1150,909,1764,50
2142,job_1151,1151,871,1584,27
2143,job_1152,1152,1446,1745,41
2144,job_1153,1153,1156,2089,33
2144,job_1154,1154,1139,1914,14
2145,job_1155,1155,1072,2174,30
2147,job_1156,1156,1073,3255,45
2148,job_1157,1157,956,2048,25
2150,job_1158,1158,1088,2625,28
2150,job_1159,1159,993,1664,16
2151,job_1160,1160,891,2014,10
2153,job_1161,1161,1294,2238,37
2155,job_1162,1162,1495,1680,19
2155,job_1163,1163,973,2801,23
2157,job_1164,1164,1077,2659,50
2159,job_1165,1165,1118,2116,41
2161,job_1166,1166,1324,2648,40
2161,job_1167,1167,1249,1959,22
2162,job_1168,1168,1476,2033,35
2162,job_1169,1169,1398,2166,13
2164,job_1170,1170,1083,1658,34
2164,job_1171,1171,1499,2452,23
2165,job_1172,1172,913,1695,28
2165,job_1173,1173,1214,2754,22
2165,job_1174,1174,782,2489,48
2167,job_1175,1175,1245,2357,27
2168,job_1176,1176,1121,1691,20
2169,job_1177,1177,1142,2223,31
2169,job_1178,1178,1468,2430,23
2171,job_1179,1179,1458,2464,23
2172,job_1180,1180,502,1648,49
2172,job_1181,1181,1234,2159,46
2173,job_1182,1182,1443,2100,43
2174,job_1183,1183,1233,1183,10
2175,job_1184,1184,1215,2444,24
2175,job_1185,1185,1447,2165,24
2177,job_1186,1186,1647,3203,10
2179,job_1187,1187,1074,1908,32
2179,job_1188,1188,802,1755,34
2180,job_1189,1189,1146,1641,18
2182,job_1190,1190,1041,1494,50
2182,job_1191,1191,1494,2217,24
2184,job_1192,1192,1335,2233,37
2185,job_1193,1193,1610,2802,43
2185,job_1194,1194,964,2278,10
2185,job_1195,1195,645,2028,22
2186,job_1196,1196,1577,2081,25
2186,job_1197,1197,827,1659,43
2186,job_1198,1198,1300,1449,39
2186,job_1199,1199,856,1708,29
2186,job_1200,1200,997,1860,50
2188,job_1201,1201,993,1639,26
2189,job_1202,1202,1014,1773,24
2191,job_1203,1203,847,2625,44
2192,job_1204,1204,1144,2566,26
2194,job_1205,1205,816,1493,32
2194,job_1206,1206,979,2086,16
2194,job_1207,1207,1263,2670,33
2194,job_1208,1208,1299,2529,36
2196,job_1209,1209,1216,2231,14
2197,job_1210,1210,1122,1557,39
2198,job_1211,1211,1221,1265,20
2199,job_1212,1212,1140,2274,45
2200,job_1213,1213,1446,1978,34
2201,job_1214,1214,1524,2599,19
2201,job_1215,1215,1037,3128,45
2201,job_1216,1216,1130,2496,45
2201,job_1217,1217,1353,2521,20
2202,job_1218,1218,1147,2333,50
2204,job_1219,1219,1480,1584,34
2205,job_1220,1220,1525,2760,20
2205,job_1221,1221,1286,2054,41
2206,job_1222,1222,1579,1839,45
2207,job_1223,1223,731,3144,36
2208,job_1224,1224,1032,2894,25
2209,job_1225,1225,1404,2409,10
2209,job_1226,1226,1401,1095,41
2209,job_1227,1227,1203,1682,14
2209,job_1228,1228,1255,2809,34
2209,job_1229,1229,1413,1994,13
2211,job_1230,1230,1424,1570,33
2211,job_1231,1231,1498,1639,18
2211,job_1232,1232,1050,2236,33
2213,job_1233,1233,1399,2592,34
2213,job_1234,1234,986,2001,10
2213,job_1235,1235,785,2015,46
2215,job_1236,1236,1106,2240,43
2217,job_1237,1237,1340,1357,11
2217,job_1238,1238,1006,1927,12
2218,job_1239,1239,1174,1014,24
2219,job_1240,1240,969,2346,38
2220,job_1241,1241,951,2285,38
2220,job_1242,1242,1328,2655,24
2220,job_1243,1243,1904,2369,15
2222,job_1244,1244,1781,1799,30
2222,job_1245,1245,1134,1202,31
2222,job_1246,1246,1571,1958,33
2224,job_1247,1247,1625,1890,12
2224,job_1248,1248,1628,2195,48
2226,job_1249,1249,1885,1857,34
2227,job_1250,1250,693,1903,20
2227,job_1251,1251,1257,1857,25
2228,job_1252,1252,982,1171,13
2229,job_1253,1253,1115,2042,11
2231,job_1254,1254,1619,1644,11
2231,job_1255,1255,1311,1635,50
2232,job_1256,1256,1227,1598,21
2232,job_1257,1257,1185,2594,26
2233,job_1258,1258,1427,1744,50
2235,job_1259,1259,1358,1931,34
2235,job_1260,1260,1480,1729,50
2236,job_1261,1261,1295,2606,37
2237,job_1262,1262,1764,2190,43
2237,job_1263,1263,1218,2788,12
2238,job_1264,1264,1129,1780,17
2240,job_1265,1265,688,1930,18
2241,job_1266,1266,1347,2339,35
2243,job_1267,1267,770,1846,33
2243,job_1268,1268,1118,1951,23
2245,job_1269,1269,811,2462,37
2247,job_1270,1270,570,1663,28
2247,job_1271,1271,1292,2400,41
2247,job_1272,1272,1030,2011,39
2249,job_1273,1273,2344,2476,26
2251,job_1274,1274,1225,2361,18
2251,job_1275,1275,716,2264,44
2251,job_1276,1276,1108,1549,12
2252,job_1277,1277,1247,1642,16
2252,job_1278,1278,981,2396,31
2254,job_1279,1279,1491,2065,26
2256,job_1280,1280,1284,1710,17
2256,job_1281,1281,1740,2441,35
2256,job_1282,1282,1819,2373,33
2256,job_1283,1283,1436,2282,45
2258,job_1284,1284,714,1931,17
2260,job_1285,1285,1017,2335,36
2261,job_1286,1286,1274,1556,24
2262,job_1287,1287,1312,1983,11
2263,job_1288,1288,1087,2053,50
2264,job_1289,1289,905,2863,28
2266,job_1290,1290,1298,1115,49
2266,job_1291,1291,1300,1572,26
2266,job_1292,1292,1178,1370,24
2267,job_1293,1293,856,1544,25
2267,job_1294,1294,1397,1781,23
2267,job_1295,1295,1012,1303,42
2268,job_1296,1296,1107,1414,33
2269,job_1297,1297,609,1931,33
2271,job_1298,1298,1022,1603,49
2272,job_1299,1299,968,1216,23
2272,job_1300,1300,1011,1735,22
2274,job_1301,1301,1686,1154,44
2276,job_1302,1302,1292,2397,28
2276,job_1303,1303,1518,1168,42
2277,job_1304,1304,1035,1335,28
2277,job_1305,1305,1173,2605,23
2279,job_1306,1306,893,1993,18
2279,job_1307,1307,1449,2845,49
2281,job_1308,1308,1207,2470,31
2281,job_1309,1309,1061,3251,16
2281,job_1310,1310,1185,2105,19
2283,job_1311,1311,1064,2435,26
2285,job_1312,1312,1097,2858,43
2286,job_1313,1313,1508,1729,16
2288,job_1314,1314,968,972,37
2290,job_1315,1315,1245,1986,10
2290,job_1316,1316,1076,2372,13
2292,job_1317,1317,1183,1592,32
2293,job_1318,1318,1256,2721,25
2293,job_1319,1319,854,2574,29
2293,job_1320,1320,1344,2154,30
2294,job_1321,1321,1202,2541,35
2296,job_1322,1322,1576,2786,30
2297,job_1323,1323,1409,1968,44
2299,job_1324,1324,1017,1713,19
2300,job_1325,1325,939,2349,24
2300,job_1326,1326,884,2203,40
2302,job_1327,1327,1367,2451,35
2304,job_1328,1328,1006,1961,23
2305,job_1329,1329,1575,2021,13
2307,job_1330,1330,1412,3215,40
2309,job_1331,1331,1265,2711,24
2310,job_1332,1332,1218,1703,25
2311,job_1333,1333,389,2931,36
2312,job_1334,1334,1229,2785,34
2314,job_1335,1335,645,1898,38
2315,job_1336,1336,637,2256,28
2315,job_1337,1337,1235,322,42
2316,job_1338,1338,1224,2564,17
2317,job_1339,1339,971,1821,35
2318,job_1340,1340,1368,1435,26
2318,job_1341,1341,1177,2292,47
2320,job_1342,1342,1181,2639,48
2321,job_1343,1343,1411,1812,48
2323,job_1344,1344,1398,1999,20
2323,job_1345,1345,1643,1920,16
2324,job_1346,1346,1138,1964,23
2325,job_1347,1347,1109,2641,11
2325,job_1348,1348,1319,1655,27
2327,job_1349,1349,1364,1375,14
2329,job_1350,1350,1680,1289,44
2331,job_1351,1351,1364,2296,35
2333,job_1352,1352,1148,2404,18
2333,job_1353,1353,1586,2103,13
2334,job_1354,1354,1421,1824,27
2336,job_1355,1355,1447,1953,23
2337,job_1356,1356,943,1556,36
2337,job_1357,1357,1014,2658,48
2339,job_1358,1358,920,1601,20
2339,job_1359,1359,1337,2985,41
2340,job_1360,1360,2462,2778,16
2340,job_1361,1361,1138,2278,15
2340,job_1362,1362,1514,1880,14
2340,job_1363,1363,978,1730,34
2340,job_1364,1364,1827,2015,38
2342,job_1365,1365,781,1164,15
2343,job_1366,1366,1430,2052,26
2345,job_1367,1367,1008,1830,13
2347,job_1368,1368,1405,2594,38
2349,job_1369,1369,1428,2283,38
2349,job_1370,1370,1401,1448,38
2349,job_1371,1371,1218,1594,32
2351,job_1372,1372,1120,1896,31
2353,job_1373,1373,1349,2419,22
2355,job_1374,1374,1410,1212,22
2357,job_1375,1375,1318,1674,21
2358,job_1376,1376,1077,1591,12
2359,job_1377,1377,1192,1601,41
2359,job_1378,1378,1384,1905,27
2359,job_1379,1379,1476,2586,33
2360,job_1380,1380,1193,2383,27
2362,job_1381,1381,1248,1853,14
2363,job_1382,1382,1399,2743,47
2365,job_1383,1383,1046,2088,34
2366,job_1384,1384,1430,947,16
2367,job_1385,1385,864,2226,18
2369,job_1386,1386,1666,1937,17
2370,job_1387,1387,1406,1880,44
2371,job_1388,1388,1245,2004,37
2372,job_1389,1389,1663,1355,49
2372,job_1390,1390,1151,2296,18
2373,job_1391,1391,951,2781,49
2375,job_1392,1392,1378,1889,37
2375,job_1393,1393,1249,2085,29
2377,job_1394,1394,1294,1747,21
2378,job_1395,1395,1829,1823,10
2380,job_1396,1396,1039,2578,17
2382,job_1397,1397,1050,1486,15
2382,job_1398,1398,1039,1954,50
2382,job_1399,1399,1046,2071,38
2383,job_1400,1400,840,1386,36
2385,job_1401,1401,962,2268,35
2385,job_1402,1402,426,1880,26
2386,job_1403,1403,1365,2624,21
2388,job_1404,1404,688,2131,10
2388,job_1405,1405,760,1176,30
2390,job_1406,1406,590,884,30
2392,job_1407,1407,1200,1178,29
2392,job_1408,1408,1180,2352,49
2393,job_1409,1409,1084,3261,33
2395,job_1410,1410,1337,1798,34
2396,job_1411,1411,1478,2859,47
2398,job_1412,1412,1180,2458,34
2400,job_1413,1413,1182,1908,39
2402,job_1414,1414,1598,2633,37
2402,job_1415,1415,1088,1872,25
2403,job_1416,1416,1210,2364,18
2403,job_1417,1417,1050,1869,45
2403,job_1418,1418,1161,1404,12
2405,job_1419,1419,1235,1801,40
2405,job_1420,1420,1129,1043,10
2405,job_1421,1421,966,2625,21
2407,job_1422,1422,961,2308,29
2408,job_1423,1423,1195,2039,36
2408,job_1424,1424,997,1441,43
2408,job_1425,1425,1426,2868,50
2408,job_1426,1426,1328,2110,36
2408,job_1427,1427,1164,2522,50
2409,job_1428,1428,1026,2775,21
2409,job_1429,1429,1497,2335,30
2411,job_1430,1430,1040,1977,22
2412,job_1431,1431,1624,1121,30
2412,job_1432,1432,1344,2160,37
2414,job_1433,1433,1441,2183,41
2414,job_1434,1434,619,1834,19
2414,job_1435,1435,1617,1634,14
2414,job_1436,1436,1911,2413,13
2416,job_1437,1437,1298,1897,12
2417,job_1438,1438,853,2016,37
2419,job_1439,1439,694,2074,44
2419,job_1440,1440,928,2382,21
2420,job_1441,1441,1437,1552,49
2422,job_1442,1442,1172,2712,29
2422,job_1443,1443,1155,2669,13
2424,job_1444,1444,1207,3029,47
2426,job_1445,1445,1367,3068,18
2427,job_1446,1446,579,2940,23
2429,job_1447,1447,765,1880,11
2431,job_1448,1448,1082,2785,14
2431,job_1449,1449,588,1420,22
2431,job_1450,1450,680,1691,46
2431,job_1451,1451,1695,2226,23
2433,job_1452,1452,1470,1085,20
2434,job_1453,1453,1425,1545,16
2434,job_1454,1454,1520,2478,37
2435,job_1455,1455,1653,1858,46
2436,job_1456,1456,997,1132,21
2436,job_1457,1457,1448,1997,40
2438,job_1458,1458,1573,1523,14
2440,job_1459,1459,1156,2738,46
2441,job_1460,1460,867,1697,47
2442,job_1461,1461,1364,1791,23
2442,job_1462,1462,1449,2743,24
2444,job_1463,1463,1041,1154,42
2445,job_1464,1464,847,2725,11
2447,job_1465,1465,1102,1861,18
2448,job_1466,1466,523,1396,43
2448,job_1467,1467,1294,1608,43
2449,job_1468,1468,1047,2206,34
2449,job_1469,1469,770,1709,23
2451,job_1470,1470,1747,2330,34
2451,job_1471,1471,1003,1393,30
2451,job_1472,1472,1229,2573,31
2451,job_1473,1473,1154,1799,17
2451,job_1474,1474,1306,1798,36
2453,job_1475,1475,1541,1680,21
2455,job_1476,1476,1916,1619,44
2455,job_1477,1477,1073,2342,10
2455,job_1478,1478,1321,1552,30
2456,job_1479,1479,951,1980,28
2457,job_1480,1480,934,2623,15
2457,job_1481,1481,1163,1518,26
2459,job_1482,1482,1147,2001,18
2459,job_1483,1483,1194,2518,50
2459,job_1484,1484,1316,1557,42
2460,job_1485,1485,1120,1888,37
2462,job_1486,1486,750,2041,29
2463,job_1487,1487,573,2932,43
2463,job_1488,1488,1302,2404,21
2465,job_1489,1489,922,2617,32
2466,job_1490,1490,768,1846,10
2466,job_1491,1491,654,1925,19
2467,job_1492,1492,1025,2375,32
2468,job_1493,1493,1460,1529,39
2470,job_1494,1494,1774,2310,14
2470,job_1495,1495,966,3219,29
2472,job_1496,1496,1538,1652,13
2472,job_1497,1497,719,2087,47
2474,job_1498,1498,1629,2391,38
2474,job_1499,1499,1359,2177,49
2476,job_1500,1500,1115,1761,35
2477,job_1501,1501,1171,1226,50
2477,job_1502,1502,776,1579,37
2477,job_1503,1503,1217,1700,19
2479,job_1504,1504,744,1689,28
2479,job_1505,1505,1489,2578,32
2479,job_1506,1506,1309,1270,33
2480,job_1507,1507,1315,1999,45
2480,job_1508,1508,1361,1970,12
2480,job_1509,1509,1892,2370,32
2481,job_1510,1510,1500,2331,29
2481,job_1511,1511,1283,1902,41
2482,job_1512,1512,744,1778,18
2482,job_1513,1513,1318,2251,11
2483,job_1514,1514,812,1791,44
2483,job_1515,1515,1759,1633,23
2483,job_1516,1516,1127,1751,28
2484,job_1517,1517,1397,1461,46
2486,job_1518,1518,1022,2106,50
2488,job_1519,1519,599,2765,33
2488,job_1520,1520,1309,1417,38
2489,job_1521,1521,1258,2333,32
2490,job_1522,1522,1343,2092,16
2492,job_1523,1523,1407,1780,25
2494,job_1524,1524,1482,2500,14
2495,job_1525,1525,1338,2044,47
2497,job_1526,1526,1206,1976,18
2497,job_1527,1527,912,2306,29
2498,job_1528,1528,1138,1706,23
2500,job_1529,1529,1893,2571,11
2502,job_1530,1530,1310,2558,38
2504,job_1531,1531,1481,1784,22
2504,job_1532,1532,492,1575,31
2505,job_1533,1533,947,3326,23
2505,job_1534,1534,1563,971,15
2505,job_1535,1535,1423,3096,38
2507,job_1536,1536,1090,1497,45
2508,job_1537,1537,1690,2043,27
2510,job_1538,1538,1830,1496,46
2510,job_1539,1539,1366,2962,36
2512,job_1540,1540,1597,3146,49
2514,job_1541,1541,1272,2624,15
2514,job_1542,1542,898,2195,14
2516,job_1543,1543,1273,1690,24
2517,job_1544,1544,1067,1592,37
2517,job_1545,1545,972,1863,15
2518,job_1546,1546,1371,1782,10
2519,job_1547,1547,1231,2703,14
2519,job_1548,1548,882,1532,20
2521,job_1549,1549,1056,2912,14
2522,job_1550,1550,1570,2217,40
2523,job_1551,1551,1150,1600,11
2525,job_1552,1552,975,1673,39
2526,job_1553,1553,1432,3540,43
2527,job_1554,1554,1132,2468,25
2528,job_1555,1555,1333,3182,37
2529,job_1556,1556,1697,1633,19
2531,job_1557,1557,1213,817,44
2532,job_1558,1558,1898,1260,46
2534,job_1559,1559,1054,1841,31
2535,job_1560,1560,1042,2159,45
2535,job_1561,1561,871,1565,42
2535,job_1562,1562,901,2386,41
2536,job_1563,1563,1602,2274,38
2538,job_1564,1564,1552,2139,30
2538,job_1565,1565,1416,2681,27
2539,job_1566,1566,1469,2381,35
2539,job_1567,1567,1074,2059,31
2540,job_1568,1568,802,2078,26
2541,job_1569,1569,1010,2385,36
2543,job_1570,1570,750,2453,24
2543,job_1571,1571,1105,1425,10
2544,job_1572,1572,1389,2157,14
2545,job_1573,1573,1142,2620,43
2545,job_1574,1574,1558,1992,29
2547,job_1575,1575,1493,1905,48
2547,job_1576,1576,918,1776,29
2548,job_1577,1577,1126,2706,37
2550,job_1578,1578,1533,2851,16
2550,job_1579,1579,1116,3103,17
2558,job_1580,1580,298,402,8
2560,job_1581,1581,1047,1779,19
2562,job_1582,1582,1001,2457,24
2563,job_1583,1583,1665,1943,23
2565,job_1584,1584,1052,1497,38
2567,job_1585,1585,1383,2246,50
2567,job_1586,1586,1600,2454,32
2568,job_1587,1587,1207,2309,12
2569,job_1588,1588,1002,1413,19
2571,job_1589,1589,1413,2159,15
2572,job_1590,1590,1461,1878,21
2574,job_1591,1591,1282,1776,16
2576,job_1592,1592,2089,1419,20
2578,job_1593,1593,575,2770,28
2580,job_1594,1594,953,1739,36
2582,job_1595,1595,1078,1487,46
2584,job_1596,1596,1267,2384,13
2586,job_1597,1597,1202,1307,41
2586,job_1598,1598,1157,1720,20
2588,job_1599,1599,1470,2211,10
2589,job_1600,1600,785,2282,44
2589,job_1601,1601,1393,1803,38
2589,job_1602,1602,1473,2592,23
2589,job_1603,1603,1535,1932,23
2590,job_1604,1604,845,1994,14
2590,job_1605,1605,1099,2421,27
2591,job_1606,1606,1543,1968,32
2592,job_1607,1607,678,2254,14
2594,job_1608,1608,629,2132,46
2594,job_1609,1609,1171,1854,23
2594,job_1610,1610,763,1902,33
2594,job_1611,1611,1807,1958,11
2596,job_1612,1612,1087,2270,24
2596,job_1613,1613,282,1791,18
2597,job_1614,1614,1342,2218,49
2599,job_1615,1615,1356,1310,11
2599,job_1616,1616,897,2215,35
2601,job_1617,1617,1569,1513,26
2601,job_1618,1618,883,1931,41
2601,job_1619,1619,1501,2183,33
2602,job_1620,1620,1196,2207,21
2603,job_1621,1621,1720,1292,32
2605,job_1622,1622,1494,899,24
2605,job_1623,1623,618,2487,11
2605,job_1624,1624,995,2230,35
2605,job_1625,1625,992,1425,13
2605,job_1626,1626,1248,1543,21
2607,job_1627,1627,1131,1286,29
2609,job_1628,1628,1300,2162,10
2609,job_1629,1629,771,1949,21
2609,job_1630,1630,738,1939,19
2611,job_1631,1631,1278,2294,22
2611,job_1632,1632,946,2003,31
2612,job_1633,1633,1378,2211,30
2612,job_1634,1634,973,719,40
2612,job_1635,1635,1026,2580,24
2614,job_1636,1636,1284,2446,11
2616,job_1637,1637,1244,2482,17
2616,job_1638,1638,907,2547,48
2616,job_1639,1639,1014,2030,42
2617,job_1640,1640,1628,2638,24
2621,job_1641,1641,340,635,7
2623,job_1642,1642,942,2389,35
2623,job_1643,1643,1011,1437,40
2625,job_1644,1644,1362,983,24
2625,job_1645,1645,1512,1379,46
2627,job_1646,1646,1281,2288,26
2629,job_1647,1647,932,1968,14
2631,job_1648,1648,1308,1587,20
2632,job_1649,1649,1054,1948,34
2634,job_1650,1650,1281,1349,22
2635,job_1651,1651,1127,2656,50
2636,job_1652,1652,1121,967,47
2636,job_1653,1653,1048,2419,23
2637,job_1654,1654,1144,1464,18
2638,job_1655,1655,1048,2335,28
2640,job_1656,1656,1631,1906,10
2641,job_1657,1657,925,1994,42
2642,job_1658,1658,1135,2311,46
2647,job_1659,1659,451,425,8
2656,job_1660,1660,322,417,9
2656,job_1661,1661,1154,2326,43
2658,job_1662,1662,1197,1032,11
2660,job_1663,1663,921,1376,14
2661,job_1664,1664,1260,2819,50
2663,job_1665,1665,311,630,16
2665,job_1666,1666,1037,1600,26
2666,job_1667,1667,1227,1651,23
2666,job_1668,1668,1068,1749,23
2668,job_1669,1669,602,3355,16
2678,job_1670,1670,296,563,18
2680,job_1671,1671,1569,1724,22
2681,job_1672,1672,1406,2098,43
2682,job_1673,1673,1216,1981,23
2682,job_1674,1674,1649,1879,48
2683,job_1675,1675,1698,2737,18
2683,job_1676,1676,966,2442,43
2684,job_1677,1677,692,2044,21
2686,job_1678,1678,1168,1799,38
2688,job_1679,1679,785,2218,48
2695,job_1680,1680,348,494,16
2695,job_1681,1681,1387,2650,37
2696,job_1682,1682,1263,1983,12
2698,job_1683,1683,1400,1856,39
2698,job_1684,1684,1245,1674,34
2699,job_1685,1685,585,2378,30
2701,job_1686,1686,1326,1440,27
2702,job_1687,1687,1046,2131,37
2702,job_1688,1688,1120,2494,13
2703,job_1689,1689,1437,2354,14
2708,job_1690,1690,166,580,11
2710,job_1691,1691,741,1777,28
2712,job_1692,1692,1383,2942,28
2712,job_1693,1693,1342,1825,19
2713,job_1694,1694,1470,1726,36
2715,job_1695,1695,1589,2967,48
2717,job_1696,1696,838,2178,23
2717,job_1697,1697,1415,1989,39
2718,job_1698,1698,1231,2956,14
2720,job_1699,1699,971,2073,13
2720,job_1700,1700,866,2555,26
2722,job_1701,1701,1055,2415,17
2722,job_1702,1702,1726,1992,44
2723,job_1703,1703,925,1998,20
2725,job_1704,1704,1518,1555,40
2725,job_1705,1705,1337,1600,42
2725,job_1706,1706,1571,1747,28
2725,job_1707,1707,894,1884,12
2726,job_1708,1708,1522,1861,34
2726,job_1709,1709,1513,1548,46
2727,job_1710,1710,1527,1772,24
2729,job_1711,1711,1765,2935,26
2729,job_1712,1712,1270,2191,32
2731,job_1713,1713,887,1997,12
2732,job_1714,1714,1010,1303,13
2734,job_1715,1715,1044,2309,14
2736,job_1716,1716,1304,1980,43
2737,job_1717,1717,1650,1220,44
2741,job_1718,1718,330,473,12
2743,job_1719,1719,617,2009,32
2745,job_1720,1720,1011,2074,33
2746,job_1721,1721,1398,2567,46
2746,job_1722,1722,922,1573,50
2747,job_1723,1723,990,2117,46
2749,job_1724,1724,1637,1882,46
2751,job_1725,1725,1382,1621,50
2752,job_1726,1726,1056,2177,50
2753,job_1727,1727,1074,1928,10
2753,job_1728,1728,1599,2446,23
2754,job_1729,1729,1173,1969,28
2756,job_1730,1730,636,1610,15
2757,job_1731,1731,785,1912,32
2759,job_1732,1732,431,718,26
2760,job_1733,1733,891,2144,34
2762,job_1734,1734,1012,1730,34
2764,job_1735,1735,1263,1820,37
2766,job_1736,1736,1206,2054,35
2766,job_1737,1737,860,819,40
2766,job_1738,1738,1461,2629,47
2768,job_1739,1739,1843,1932,22
2769,job_1740,1740,955,1625,20
2770,job_1741,1741,1475,1390,14
2772,job_1742,1742,827,1927,33
2772,job_1743,1743,1270,2400,41
2774,job_1744,1744,1366,2407,24
2775,job_1745,1745,1802,2282,30
2776,job_1746,1746,1088,2723,24
2778,job_1747,1747,1265,2415,27
2779,job_1748,1748,898,1247,21
2781,job_1749,1749,1037,1776,19
2783,job_1750,1750,1136,1912,38
2789,job_1751,1751,307,374,17
2789,job_1752,1752,1364,2561,46
2791,job_1753,1753,1279,2141,33
2791,job_1754,1754,1311,3132,22
2793,job_1755,1755,820,704,27
2793,job_1756,1756,1231,2258,28
2794,job_1757,1757,1197,3065,42
2796,job_1758,1758,1428,1566,40
2797,job_1759,1759,716,2184,28
2799,job_1760,1760,1043,3105,24
2805,job_1761,1761,485,570,14
2806,job_1762,1762,662,1787,36
2807,job_1763,1763,1242,1577,41
2808,job_1764,1764,1490,2092,19
2810,job_1765,1765,1730,2544,35
2812,job_1766,1766,1230,1650,48
2812,job_1767,1767,1252,1986,29
2814,job_1768,1768,1307,2604,25
2816,job_1769,1769,1466,861,29
2826,job_1770,1770,421,485,16
2826,job_1771,1771,745,2123,36
2828,job_1772,1772,451,2713,20
2829,job_1773,1773,766,2106,50
2829,job_1774,1774,830,2708,32
2831,job_1775,1775,843,1740,30
2832,job_1776,1776,1258,2453,17
2838,job_1777,1777,228,724,11
2840,job_1778,1778,1477,1466,50
2840,job_1779,1779,956,1936,10
2841,job_1780,1780,651,1559,28
2841,job_1781,1781,772,1982,30
2843,job_1782,1782,1175,2057,44
2843,job_1783,1783,1433,886,13
2843,job_1784,1784,986,2127,18
2843,job_1785,1785,1234,1994,23
2845,job_1786,1786,1545,2036,15
2851,job_1787,1787,268,470,13
2852,job_1788,1788,1125,1452,26
2853,job_1789,1789,1222,2030,47
2862,job_1790,1790,315,554,10
2862,job_1791,1791,1353,1993,16
2863,job_1792,1792,1059,2013,38
2863,job_1793,1793,894,2649,42
2865,job_1794,1794,1407,1241,19
2866,job_1795,1795,753,1708,33
2866,job_1796,1796,1326,1732,41
2868,job_1797,1797,701,2581,48
2868,job_1798,1798,1224,1531,20
2869,job_1799,1799,975,2252,23
2871,job_1800,1800,1239,2213,41
2872,job_1801,1801,1403,1430,32
2874,job_1802,1802,1152,2596,38
2875,job_1803,1803,1097,2511,24
2879,job_1804,1804,289,533,10
2881,job_1805,1805,1296,1826,45
2883,job_1806,1806,917,2619,48
2884,job_1807,1807,1576,1794,18
2886,job_1808,1808,1401,1857,10
2890,job_1809,1809,189,630,12
2892,job_1810,1810,883,1732,34
2893,job_1811,1811,1139,2475,38
2895,job_1812,1812,1252,1550,26
2895,job_1813,1813,1389,1687,27
2899,job_1814,1814,264,362,14
2901,job_1815,1815,1247,2687,21
2902,job_1816,1816,1010,1613,49
2906,job_1817,1817,404,490,18
2908,job_1818,1818,1172,2398,18
2909,job_1819,1819,1598,2446,44
2910,job_1820,1820,1315,1853,24
2912,job_1821,1821,1039,1494,23
2912,job_1822,1822,667,2137,21
2912,job_1823,1823,656,1819,34
2912,job_1824,1824,1223,1244,15
2914,job_1825,1825,1249,1858,30
2914,job_1826,1826,1010,2447,46
2924,job_1827,1827,234,645,20
2924,job_1828,1828,887,2750,37
2926,job_1829,1829,1237,1282,41
2928,job_1830,1830,1027,1569,49
2929,job_1831,1831,1445,1535,47
2929,job_1832,1832,1501,1192,19
2931,job_1833,1833,1108,1746,33
2933,job_1834,1834,1791,1966,12
2933,job_1835,1835,1283,2140,35
2935,job_1836,1836,1527,1549,20
2937,job_1837,1837,1204,1562,45
2938,job_1838,1838,1005,2813,40
2938,job_1839,1839,1733,1508,32
2938,job_1840,1840,1692,2235,48
2938,job_1841,1841,935,3039,26
2938,job_1842,1842,1312,930,49
2939,job_1843,1843,1228,1712,25
2939,job_1844,1844,944,2107,36
2939,job_1845,1845,1053,2543,16
2940,job_1846,1846,1367,2042,44
2943,job_1847,1847,382,492,19
2944,job_1848,1848,1378,2634,30
2944,job_1849,1849,1232,1872,13
2945,job_1850,1850,989,1723,26
2945,job_1851,1851,2090,2354,43
2947,job_1852,1852,978,1488,37
2948,job_1853,1853,1503,1541,19
2949,job_1854,1854,1238,2044,23
2958,job_1855,1855,100,410,9
2958,job_1856,1856,1300,2006,18
2960,job_1857,1857,1306,2051,14
2961,job_1858,1858,1570,1157,29
2963,job_1859,1859,1016,1838,10
2963,job_1860,1860,1649,1851,43
2963,job_1861,1861,1555,1774,42
2964,job_1862,1862,1130,2506,22
2964,job_1863,1863,994,1589,20
2965,job_1864,1864,1404,1261,35
2966,job_1865,1865,1495,2477,48
2969,job_1866,1866,295,551,19
2971,job_1867,1867,1109,1671,31
2976,job_1868,1868,311,663,15
2977,job_1869,1869,1752,1765,48
2978,job_1870,1870,1738,2699,22
2979,job_1871,1871,1169,1903,15
2980,job_1872,1872,1008,2012,40
2981,job_1873,1873,740,2684,38
2983,job_1874,1874,828,1812,24
2993,job_1875,1875,208,696,18
2994,job_1876,1876,1378,2850,38
2996,job_1877,1877,255,546,19
2998,job_1878,1878,1062,1996,25
2999,job_1879,1879,910,1706,33
3001,job_1880,1880,1400,1224,11
3006,job_1881,1881,305,290,10
3007,job_1882,1882,1089,1748,39
3007,job_1883,1883,632,2683,26
3008,job_1884,1884,1485,2059,50
3010,job_1885,1885,1098,1784,17
3015,job_1886,1886,437,501,8
3017,job_1887,1887,1233,1672,14
3017,job_1888,1888,1836,1737,29
3017,job_1889,1889,1553,2193,15
3019,job_1890,1890,1232,2042,41
3021,job_1891,1891,794,2041,16
3022,job_1892,1892,1229,2497,50
3022,job_1893,1893,963,1141,47
3022,job_1894,1894,1190,1913,29
3022,job_1895,1895,1676,2052,40
3022,job_1896,1896,1423,2314,40
3023,job_1897,1897,1091,1398,14
3032,job_1898,1898,283,504,15
3036,job_1899,1899,331,638,11
3043,job_1900,1900,400,500,8
3044,job_1901,1901,1801,2017,37
3044,job_1902,1902,1154,1877,42
3044,job_1903,1903,920,2533,27
3045,job_1904,1904,1257,2576,47
3046,job_1905,1905,1207,1449,31
3048,job_1906,1906,1207,1257,25
3050,job_1907,1907,1617,1596,50
3051,job_1908,1908,1098,2636,31
3053,job_1909,1909,183,281,12
3054,job_1910,1910,1513,1293,36
3056,job_1911,1911,1294,1405,32
3057,job_1912,1912,777,1857,46
3057,job_1913,1913,1247,2589,13
3059,job_1914,1914,1510,2443,43
3060,job_1915,1915,1055,2365,30
3061,job_1916,1916,1537,1423,48
3063,job_1917,1917,678,1638,43
3064,job_1918,1918,1159,2367,35
3064,job_1919,1919,1508,1845,33
3064,job_1920,1920,868,2029,38
3065,job_1921,1921,1507,1842,13
3065,job_1922,1922,913,2604,10
3067,job_1923,1923,1222,1269,27
3067,job_1924,1924,1068,2013,49
3069,job_1925,1925,991,2005,44
3070,job_1926,1926,942,1240,25
3077,job_1927,1927,280,322,16
3082,job_1928,1928,277,394,13
3084,job_1929,1929,1069,1888,43
3085,job_1930,1930,1424,1661,50
3093,job_1931,1931,122,594,15
3094,job_1932,1932,539,1572,10
3095,job_1933,1933,1558,2373,11
3095,job_1934,1934,1287,1760,12
3097,job_1935,1935,1199,2082,27
3098,job_1936,1936,1147,1800,30
3098,job_1937,1937,1281,2389,25
3098,job_1938,1938,1012,2496,39
3100,job_1939,1939,1009,2356,45
3101,job_1940,1940,958,2213,36
3101,job_1941,1941,1024,2032,25
3101,job_1942,1942,1403,1794,28
3109,job_1943,1943,400,498,12
3111,job_1944,1944,1003,2164,35
3112,job_1945,1945,994,2495,20
3115,job_1946,1946,477,683,18
3123,job_1947,1947,334,620,6
3123,job_1948,1948,1008,2230,42
3125,job_1949,1949,1357,1366,41
3126,job_1950,1950,999,1103,44
3128,job_1951,1951,1064,1954,45
3128,job_1952,1952,1098,1730,34
3130,job_1953,1953,1161,1477,40
3132,job_1954,1954,1139,2078,32
3132,job_1955,1955,1457,2319,15
3132,job_1956,1956,1065,1486,21
3132,job_1957,1957,503,2033,16
3132,job_1958,1958,1373,1886,31
3134,job_1959,1959,1454,2314,45
3136,job_1960,1960,915,1780,26
3145,job_1961,1961,436,551,19
3145,job_1962,1962,1085,1002,37
3146,job_1963,1963,1041,1848,22
3154,job_1964,1964,248,487,11
3160,job_1965,1965,432,364,17
3162,job_1966,1966,1388,2140,49
3163,job_1967,1967,1685,1913,28
3163,job_1968,1968,1310,1237,27
3173,job_1969,1969,377,553,8
3182,job_1970,1970,296,646,17
3184,job_1971,1971,1297,2040,14
3187,job_1972,1972,374,619,8
3187,job_1973,1973,751,2704,14
3187,job_1974,1974,1523,1881,16
3188,job_1975,1975,1447,1670,14
3193,job_1976,1976,310,523,7
3195,job_1977,1977,1349,2299,40
3196,job_1978,1978,1548,2340,37
3198,job_1979,1979,1069,1841,39
3200,job_1980,1980,1063,1971,17
3207,job_1981,1981,402,513,6
3209,job_1982,1982,1753,1695,44
3209,job_1983,1983,1256,2101,18
3210,job_1984,1984,1421,2438,48
3212,job_1985,1985,991,1706,22
3212,job_1986,1986,1167,2370,35
3212,job_1987,1987,1538,1877,13
3214,job_1988,1988,1087,1877,44
3214,job_1989,1989,1220,2253,38
3214,job_1990,1990,888,2359,25
3216,job_1991,1991,1589,1880,26
3218,job_1992,1992,1335,2283,13
3220,job_1993,1993,1338,2762,18
3223,job_1994,1994,264,673,17
3223,job_1995,1995,1042,2677,33
3224,job_1996,1996,1620,1991,45
3225,job_1997,1997,588,2073,40
3226,job_1998,1998,1599,1883,25
3227,job_1999,1999,1278,909,44
3228,job_2000,2000,1196,1787,20
3229,job_2001,2001,1217,1917,15
3229,job_2002,2002,1044,1917,38
3231,job_2003,2003,1113,2383,36
3232,job_2004,2004,1505,1807,25
3234,job_2005,2005,1966,2306,43
3235,job_2006,2006,1082,2265,27
3235,job_2007,2007,1521,1232,42
3235,job_2008,2008,1111,2068,37
3235,job_2009,2009,1204,2219,21
3239,job_2010,2010,273,507,13
3240,job_2011,2011,1035,2843,35
3247,job_2012,2012,348,439,6
3247,job_2013,2013,1033,1401,46
3248,job_2014,2014,1381,2030,36
3248,job_2015,2015,1241,2161,32
3250,job_2016,2016,388,482,6
3252,job_2017,2017,617,2740,27
3252,job_2018,2018,1658,2510,19
3254,job_2019,2019,841,3041,20
3255,job_2020,2020,1316,1177,17
3256,job_2021,2021,1574,2540,44
3266,job_2022,2022,345,560,8
3268,job_2023,2023,1771,2045,19
3270,job_2024,2024,798,1631,49
3270,job_2025,2025,1011,2269,14
3272,job_2026,2026,1287,997,35
3274,job_2027,2027,1414,2689,18
3275,job_2028,2028,1393,1848,27
3275,job_2029,2029,1170,1436,37
3275,job_2030,2030,1639,2157,46
3275,job_2031,2031,1334,1638,47
3277,job_2032,2032,1356,2226,13
3278,job_2033,2033,913,2549,17
3278,job_2034,2034,1002,2552,49
3278,job_2035,2035,1446,1881,46
3280,job_2036,2036,1376,2465,46
3285,job_2037,2037,337,289,6
3285,job_2038,2038,1221,1983,50
3286,job_2039,2039,1088,1586,48
3286,job_2040,2040,986,2401,28
3287,job_2041,2041,1390,1744,20
3287,job_2042,2042,1019,2729,34
3288,job_2043,2043,1128,1194,43
3290,job_2044,2044,1040,2689,38
3291,job_2045,2045,1432,1730,25
3291,job_2046,2046,1106,1769,42
3291,job_2047,2047,1211,2288,23
3293,job_2048,2048,1132,2891,26
3295,job_2049,2049,1130,1028,40
3296,job_2050,2050,723,1627,33
3298,job_2051,2051,853,1930,47
3298,job_2052,2052,1295,629,36
3302,job_2053,2053,371,559,12
3303,job_2054,2054,1551,2226,45
3304,job_2055,2055,727,2177,41
3308,job_2056,2056,236,390,16
3311,job_2057,2057,270,605,8
3311,job_2058,2058,1472,1927,21
3312,job_2059,2059,1001,2672,30
3312,job_2060,2060,685,1427,44
3313,job_2061,2061,982,2131,45
3315,job_2062,2062,283,428,14
3317,job_2063,2063,790,2026,12
3318,job_2064,2064,1055,1882,49
3318,job_2065,2065,915,1436,21
3318,job_2066,2066,1179,1883,49
3324,job_2067,2067,401,501,13
3326,job_2068,2068,1007,2018,33
3326,job_2069,2069,954,1978,14
3327,job_2070,2070,1495,2392,36
3329,job_2071,2071,1004,1829,41
3335,job_2072,2072,433,355,10
3335,job_2073,2073,1224,2095,19
3335,job_2074,2074,1751,2398,46
3337,job_2075,2075,893,1041,38
3337,job_2076,2076,480,2353,19
3339,job_2077,2077,890,2081,17
3343,job_2078,2078,323,476,14
3344,job_2079,2079,1379,2199,38
3344,job_2080,2080,1325,2065,18
3345,job_2081,2081,878,1946,38
3353,job_2082,2082,233,393,11
3353,job_2083,2083,1223,1694,34
3359,job_2084,2084,179,557,9
3361,job_2085,2085,1032,2057,30
3361,job_2086,2086,1121,2016,27
3371,job_2087,2087,402,463,14
3372,job_2088,2088,1236,1314,36
3374,job_2089,2089,813,1815,48
3376,job_2090,2090,1221,2378,32
3386,job_2091,2091,114,400,6
3388,job_2092,2092,1338,1251,40
3390,job_2093,2093,1721,1943,37
3391,job_2094,2094,1629,1193,47
3392,job_2095,2095,1074,2019,17
3393,job_2096,2096,1225,2686,10
3398,job_2097,2097,238,567,13
3400,job_2098,2098,1325,1352,16
3402,job_2099,2099,837,2037,31
3404,job_2100,2100,1128,1843,33
3406,job_2101,2101,733,2386,41
3407,job_2102,2102,1377,1528,12
3411,job_2103,2103,397,515,16
3412,job_2104,2104,1445,2342,44
3412,job_2105,2105,1096,2577,14
3414,job_2106,2106,1241,1629,35
3423,job_2107,2107,284,394,9
3425,job_2108,2108,1435,1409,26
3427,job_2109,2109,155,486,8
3429,job_2110,2110,1134,1566,37
3431,job_2111,2111,1127,1784,24
3431,job_2112,2112,1281,1242,49
3433,job_2113,2113,1760,2001,38
3434,job_2114,2114,1192,1350,42
3435,job_2115,2115,946,2178,37
3435,job_2116,2116,1293,2397,19
3436,job_2117,2117,1350,1533,14
3436,job_2118,2118,1047,1238,24
3441,job_2119,2119,408,580,12
3442,job_2120,2120,1031,2026,22
3451,job_2121,2121,222,649,17
3460,job_2122,2122,364,624,7
3462,job_2123,2123,1411,1364,26
3462,job_2124,2124,1278,1461,38
3462,job_2125,2125,1479,1992,43
3464,job_2126,2126,1392,1983,40
3464,job_2127,2127,766,896,39
3469,job_2128,2128,335,455,10
3476,job_2129,2129,378,471,8
3478,job_2130,2130,1705,1873,11
3479,job_2131,2131,1429,1906,23
3480,job_2132,2132,1246,2414,27
3480,job_2133,2133,1474,2319,22
3482,job_2134,2134,892,1796,50
3483,job_2135,2135,1555,3026,41
3485,job_2136,2136,1998,2007,11
3486,job_2137,2137,790,2225,43
3491,job_2138,2138,224,452,5
3492,job_2139,2139,1184,2328,42
3493,job_2140,2140,914,2239,33
3494,job_2141,2141,1163,2699,14
3494,job_2142,2142,1318,823,24
3503,job_2143,2143,344,481,14
3504,job_2144,2144,887,2139,34
3506,job_2145,2145,977,1781,17
3507,job_2146,2146,1084,2589,20
3509,job_2147,2147,1310,2435,37
3511,job_2148,2148,1467,1568,43
3513,job_2149,2149,833,1815,16
3514,job_2150,2150,1204,2634,12
3516,job_2151,2151,755,2558,19
3518,job_2152,2152,1004,2073,15
3520,job_2153,2153,777,2095,10
3522,job_2154,2154,1421,1382,18
3522,job_2155,2155,1819,2396,33
3523,job_2156,2156,1580,2385,20
3529,job_2157,2157,308,466,11
3539,job_2158,2158,326,507,11
3541,job_2159,2159,1085,1591,14
3546,job_2160,2160,217,604,11
3548,job_2161,2161,1305,2037,46
3550,job_2162,2162,919,1831,50
3551,job_2163,2163,1355,2152,37
3552,job_2164,2164,1540,2188,33
3552,job_2165,2165,1292,2143,20
3561,job_2166,2166,447,369,16
3563,job_2167,2167,1282,2047,40
3566,job_2168,2168,384,553,6
3571,job_2169,2169,389,457,11
3574,job_2170,2170,322,576,15
3577,job_2171,2171,267,628,9
3577,job_2172,2172,1192,1171,20
3577,job_2173,2173,1164,1693,18
3578,job_2174,2174,1400,2540,18
3580,job_2175,2175,1361,1714,34
3581,job_2176,2176,1128,1659,38
3582,job_2177,2177,1945,2734,47
3586,job_2178,2178,176,548,13
3588,job_2179,2179,1096,1767,26
3588,job_2180,2180,1476,1565,11
3597,job_2181,2181,198,447,10
3597,job_2182,2182,1325,1494,39
3598,job_2183,2183,1482,1256,44
3606,job_2184,2184,275,686,18
3606,job_2185,2185,1199,1939,11
3608,job_2186,2186,1505,1819,31
3609,job_2187,2187,1101,1397,20
3610,job_2188,2188,990,2021,29
3611,job_2189,2189,1596,1932,40
3612,job_2190,2190,1609,1512,42
3615,job_2191,2191,272,426,13
3618,job_2192,2192,230,578,15
3618,job_2193,2193,719,2220,40
3620,job_2194,2194,373,498,6
3622,job_2195,2195,1104,1842,39
3630,job_2196,2196,172,474,18
3631,job_2197,2197,1053,1078,20
3633,job_2198,2198,1374,1567,16
3638,job_2199,2199,352,485,6
3638,job_2200,2200,1225,1295,34
3640,job_2201,2201,1594,1404,22
3642,job_2202,2202,1670,2594,38
3652,job_2203,2203,272,555,12
3657,job_2204,2204,256,495,9
3658,job_2205,2205,1410,2062,10
3663,job_2206,2206,375,304,16
3663,job_2207,2207,1569,1688,44
3664,job_2208,2208,1140,1563,19
3666,job_2209,2209,1245,1468,43
3667,job_2210,2210,1263,1683,22
3669,job_2211,2211,285,530,18
3671,job_2212,2212,1050,1553,43
3673,job_2213,2213,1496,2171,16
3683,job_2214,2214,388,494,7
3685,job_2215,2215,994,1143,30
3686,job_2216,2216,1471,2104,49
3696,job_2217,2217,264,506,14
3704,job_2218,2218,645,487,16
3704,job_2219,2219,1470,1694,37
3705,job_2220,2220,1250,1667,24
3706,job_2221,2221,728,2660,36
3708,job_2222,2222,1657,1312,33
3710,job_2223,2223,1464,1689,28
3711,job_2224,2224,1168,2951,16
3711,job_2225,2225,1652,2015,29
3716,job_2226,2226,561,456,17
3717,job_2227,2227,1435,2434,22
3718,job_2228,2228,1667,1946,16
3720,job_2229,2229,802,2617,25
3721,job_2230,2230,899,2837,30
3722,job_2231,2231,1251,1400,30
3723,job_2232,2232,1382,2010,15
3724,job_2233,2233,1210,1526,15
3725,job_2234,2234,1298,1847,12
3729,job_2235,2235,100,528,8
3729,job_2236,2236,1422,2099,32
3731,job_2237,2237,1283,2948,48
3731,job_2238,2238,1456,2292,46
3731,job_2239,2239,1408,1689,22
3735,job_2240,2240,206,415,13
3735,job_2241,2241,1237,1186,36
3745,job_2242,2242,220,673,7
3752,job_2243,2243,100,460,10
3753,job_2244,2244,842,1954,25
3755,job_2245,2245,929,2396,42
3758,job_2246,2246,170,551,17
3760,job_2247,2247,1074,3042,42
3760,job_2248,2248,1454,2266,28
3769,job_2249,2249,451,345,12
3769,job_2250,2250,883,1871,40
3770,job_2251,2251,632,1682,48
3771,job_2252,2252,1338,1813,43
3772,job_2253,2253,1689,1638,35
3773,job_2254,2254,744,1989,37
3775,job_2255,2255,295,543,11
3776,job_2256,2256,721,2172,23
3776,job_2257,2257,836,2869,38
3777,job_2258,2258,1281,1966,35
3779,job_2259,2259,1368,1924,34
3781,job_2260,2260,1655,2554,18
3790,job_2261,2261,217,404,15
3800,job_2262,2262,368,450,20
3800,job_2263,2263,772,1882,44
3804,job_2264,2264,371,436,16
3805,job_2265,2265,1505,1797,47
3807,job_2266,2266,1353,2429,31
3807,job_2267,2267,1323,1605,47
3812,job_2268,2268,131,682,17
3814,job_2269,2269,1343,2498,38
3815,job_2270,2270,1803,1928,10
3816,job_2271,2271,1433,1936,41
3823,job_2272,2272,166,455,10
3825,job_2273,2273,227,272,6
3826,job_2274,2274,1216,2012,23
3836,job_2275,2275,131,390,13
3838,job_2276,2276,1372,2436,12
3846,job_2277,2277,316,567,15
3847,job_2278,2278,1254,2062,34
3853,job_2279,2279,207,470,7
3853,job_2280,2280,1181,2815,49
3855,job_2281,2281,1061,1111,47
3857,job_2282,2282,1583,2695,17
3858,job_2283,2283,1702,2184,10
3859,job_2284,2284,1156,2854,28
3859,job_2285,2285,1154,2433,50
3861,job_2286,2286,1381,2202,11
3861,job_2287,2287,1331,2293,24
3861,job_2288,2288,1107,2428,28
3862,job_2289,2289,1123,1546,13
3864,job_2290,2290,1556,2280,15
3872,job_2291,2291,358,676,16
3873,job_2292,2292,875,1603,18
3873,job_2293,2293,1003,2360,38
3874,job_2294,2294,948,2461,37
3876,job_2295,2295,742,1745,25
3876,job_2296,2296,457,2160,43
3879,job_2297,2297,119,583,7
3889,job_2298,2298,299,567,16
3891,job_2299,2299,792,2144,26
3893,job_2300,2300,985,1275,14
3894,job_2301,2301,931,2635,47
3899,job_2302,2302,371,402,9
3902,job_2303,2303,292,425,19
3909,job_2304,2304,356,543,19
3909,job_2305,2305,1921,2023,25
3919,job_2306,2306,245,455,10
3921,job_2307,2307,1194,2893,19
3924,job_2308,2308,381,468,6
3930,job_2309,2309,211,464,12
3931,job_2310,2310,1358,2157,12
3939,job_2311,2311,246,466,5
3943,job_2312,2312,207,621,13
3944,job_2313,2313,746,1755,28
3949,job_2314,2314,100,550,16
3956,job_2315,2315,320,468,5
3963,job_2316,2316,273,509,19
3963,job_2317,2317,1425,2027,18
3965,job_2318,2318,1000,2706,15
3967,job_2319,2319,610,2733,49
3967,job_2320,2320,871,2159,39
3969,job_2321,2321,1141,2486,35
3974,job_2322,2322,317,497,11
3981,job_2323,2323,391,415,14
3983,job_2324,2324,1582,3149,42
3984,job_2325,2325,1008,2374,35
3985,job_2326,2326,1636,2532,45
3985,job_2327,2327,1253,2536,19
3985,job_2328,2328,1467,1515,36
3991,job_2329,2329,149,617,9
3999,job_2330,2330,392,501,20
4004,job_2331,2331,385,558,14
4005,job_2332,2332,1037,2799,31
4006,job_2333,2333,1702,3112,24
4009,job_2334,2334,183,595,15
4011,job_2335,2335,327,600,17
4013,job_2336,2336,1278,2904,22
4014,job_2337,2337,1371,2030,29
4017,job_2338,2338,340,706,18
4024,job_2339,2339,389,600,20
4031,job_2340,2340,176,567,17
4033,job_2341,2341,544,2386,35
4033,job_2342,2342,1245,2464,30
4042,job_2343,2343,314,557,18
4044,job_2344,2344,1113,1384,36
4045,job_2345,2345,1013,900,25
4046,job_2346,2346,1418,1149,50
4046,job_2347,2347,736,839,50
4047,job_2348,2348,782,2478,20
4047,job_2349,2349,873,2823,18
4049,job_2350,2350,1382,2124,33
4049,job_2351,2351,779,1881,22
4059,job_2352,2352,373,688,5
4060,job_2353,2353,1216,1671,24
4063,job_2354,2354,276,547,5
4070,job_2355,2355,331,695,17
4070,job_2356,2356,904,2778,13
4074,job_2357,2357,194,284,12
4084,job_2358,2358,322,550,11
4084,job_2359,2359,1771,1279,39
4093,job_2360,2360,290,426,5
4094,job_2361,2361,1395,2858,33
4104,job_2362,2362,273,738,12
4112,job_2363,2363,228,399,17
4113,job_2364,2364,1630,1189,45
4115,job_2365,2365,1293,1794,10
4124,job_2366,2366,283,502,6
4124,job_2367,2367,1122,2408,36
4126,job_2368,2368,1314,3006,26
4134,job_2369,2369,335,529,19
4136,job_2370,2370,1483,2176,20
4145,job_2371,2371,193,515,10
4145,job_2372,2372,1041,2118,12
4146,job_2373,2373,1618,2496,38
4149,job_2374,2374,267,446,13
4151,job_2375,2375,1061,1657,13
4157,job_2376,2376,343,447,8
4157,job_2377,2377,1440,2301,31
4159,job_2378,2378,1104,1553,37
4169,job_2379,2379,354,361,13
4169,job_2380,2380,1345,1931,29
4176,job_2381,2381,297,641,12
4177,job_2382,2382,1350,2172,29
4187,job_2383,2383,366,637,8
4191,job_2384,2384,478,367,20
4192,job_2385,2385,1076,2331,40
4194,job_2386,2386,1100,2264,14
4204,job_2387,2387,100,602,16
4213,job_2388,2388,261,645,7
4213,job_2389,2389,1268,1863,25
4213,job_2390,2390,1445,1483,31
4215,job_2391,2391,1254,2319,18
4221,job_2392,2392,360,509,16
4221,job_2393,2393,1507,1880,24
4222,job_2394,2394,1403,1797,42
4222,job_2395,2395,1539,2452,45
4222,job_2396,2396,981,2283,38
4225,job_2397,2397,354,540,16
4225,job_2398,2398,1207,1483,46
4230,job_2399,2399,374,549,15
4231,job_2400,2400,824,1861,33
4237,job_2401,2401,461,544,9
4238,job_2402,2402,1337,2130,42
4240,job_2403,2403,1208,2316,19
4242,job_2404,2404,1364,1666,42
4244,job_2405,2405,1037,1319,44
4249,job_2406,2406,419,502,11
4251,job_2407,2407,1029,1372,28
4252,job_2408,2408,1129,2529,27
4258,job_2409,2409,193,550,7
4262,job_2410,2410,214,727,16
4263,job_2411,2411,1434,1497,33
4264,job_2412,2412,1076,2938,24
4265,job_2413,2413,996,2714,18
4267,job_2414,2414,1404,1793,27
4275,job_2415,2415,115,523,10
4277,job_2416,2416,1146,1697,17
4279,job_2417,2417,1086,2719,32
4280,job_2418,2418,1264,1957,19
4282,job_2419,2419,1000,2071,50
4284,job_2420,2420,1358,1538,43
4293,job_2421,2421,286,442,19
4301,job_2422,2422,365,504,14
4302,job_2423,2423,1751,2336,40
4302,job_2424,2424,1093,1885,12
4305,job_2425,2425,155,451,12
4313,job_2426,2426,168,552,9
4315,job_2427,2427,277,407,20
4315,job_2428,2428,1247,1402,19
4316,job_2429,2429,1313,1018,24
4318,job_2430,2430,1328,1524,20
4322,job_2431,2431,296,393,15
4322,job_2432,2432,915,3152,45
4322,job_2433,2433,1020,2684,16
4327,job_2434,2434,280,515,14
4328,job_2435,2435,1497,2169,39
4328,job_2436,2436,1030,1760,21
4332,job_2437,2437,333,304,16
4338,job_2438,2438,397,472,20
4346,job_2439,2439,318,474,8
4352,job_2440,2440,126,531,17
4353,job_2441,2441,235,1970,30
4356,job_2442,2442,116,727,6
4365,job_2443,2443,307,587,7
4365,job_2444,2444,1599,2095,39
4369,job_2445,2445,157,568,16
4375,job_2446,2446,310,613,18
4384,job_2447,2447,321,582,19
4393,job_2448,2448,271,495,5
4393,job_2449,2449,1352,2595,33
4393,job_2450,2450,1379,940,21
4400,job_2451,2451,450,519,9
4400,job_2452,2452,2079,1854,25
4408,job_2453,2453,346,510,14
4418,job_2454,2454,326,384,18
4419,job_2455,2455,1369,3014,46
4419,job_2456,2456,1243,1838,35
4421,job_2457,2457,1402,2551,15
4423,job_2458,2458,1242,2493,13
4424,job_2459,2459,859,1792,23
4426,job_2460,2460,1485,1531,49
4429,job_2461,2461,336,516,15
4430,job_2462,2462,1741,2038,10
4436,job_2463,2463,312,539,12
4436,job_2464,2464,1286,1555,23
4437,job_2465,2465,733,1307,42
4437,job_2466,2466,1169,1313,16
4445,job_2467,2467,513,430,17
4454,job_2468,2468,265,429,6
4456,job_2469,2469,1184,2288,43
4464,job_2470,2470,294,672,14
4474,job_2471,2471,112,464,15
4476,job_2472,2472,941,1980,38
4476,job_2473,2473,1722,1621,42
4478,job_2474,2474,1240,2050,28
4479,job_2475,2475,1511,1686,37
4479,job_2476,2476,1005,1502,18
4480,job_2477,2477,1094,2189,26
4483,job_2478,2478,243,652,6
4485,job_2479,2479,187,430,10
4486,job_2480,2480,1202,2645,27
4486,job_2481,2481,968,1181,45
4488,job_2482,2482,1428,2098,46
4489,job_2483,2483,1198,1639,15
4489,job_2484,2484,1532,1777,24
4491,job_2485,2485,417,639,10
4492,job_2486,2486,1658,1741,14
4494,job_2487,2487,1445,1947,38
4502,job_2488,2488,487,601,16
4504,job_2489,2489,600,2124,19
4514,job_2490,2490,331,660,8
4524,job_2491,2491,374,657,10
4528,job_2492,2492,153,557,8
4530,job_2493,2493,310,484,18
4531,job_2494,2494,1212,1779,21
4531,job_2495,2495,1413,2140,28
4535,job_2496,2496,319,624,20
4545,job_2497,2497,199,631,17
4546,job_2498,2498,1218,2608,26
4546,job_2499,2499,978,2529,30
4546,job_2500,2500,1150,2644,34
4552,job_2501,2501,370,575,16
4554,job_2502,2502,818,1547,37
4564,job_2503,2503,267,716,7
4573,job_2504,2504,348,395,11
4573,job_2505,2505,1278,1307,27
4574,job_2506,2506,1159,1435,31
4575,job_2507,2507,1352,2498,12
4585,job_2508,2508,221,500,9
4587,job_2509,2509,1366,1834,42
4588,job_2510,2510,1631,2819,30
4597,job_2511,2511,349,382,12
4600,job_2512,2512,318,556,13
4602,job_2513,2513,1093,1986,11
4606,job_2514,2514,354,617,14
4607,job_2515,2515,708,1981,16
4609,job_2516,2516,1258,2542,19
4610,job_2517,2517,552,2042,47
4611,job_2518,2518,1298,2532,38
4615,job_2519,2519,340,562,12
4617,job_2520,2520,1415,1674,40
4626,job_2521,2521,370,446,19
4634,job_2522,2522,388,510,7
4643,job_2523,2523,469,452,8
4649,job_2524,2524,293,530,6
4650,job_2525,2525,1359,1965,37
4651,job_2526,2526,898,2019,44
4651,job_2527,2527,1641,2180,37
4653,job_2528,2528,1193,2111,31
4662,job_2529,2529,486,412,20
4664,job_2530,2530,1462,1867,31
4666,job_2531,2531,1312,1983,28
4668,job_2532,2532,913,2348,47
4670,job_2533,2533,1560,2245,26
4679,job_2534,2534,321,319,15
4683,job_2535,2535,100,537,9
4689,job_2536,2536,218,682,11
4691,job_2537,2537,1079,2107,18
4699,job_2538,2538,280,564,20
4708,job_2539,2539,242,473,5
4718,job_2540,2540,355,538,17
4726,job_2541,2541,317,269,10
4730,job_2542,2542,274,586,9
4736,job_2543,2543,218,529,14
4744,job_2544,2544,294,616,18
4744,job_2545,2545,1042,2232,30
4746,job_2546,2546,1446,1185,11
4750,job_2547,2547,330,532,17
4759,job_2548,2548,363,565,11
4764,job_2549,2549,498,468,16
4765,job_2550,2550,1338,2182,29
4771,job_2551,2551,247,590,6
4776,job_2552,2552,345,420,5
4777,job_2553,2553,912,1394,43
4777,job_2554,2554,1497,2475,12
4777,job_2555,2555,1195,2221,29
4777,job_2556,2556,859,1794,43
4784,job_2557,2557,409,433,6
4786,job_2558,2558,922,2407,35
4787,job_2559,2559,1336,1883,21
4787,job_2560,2560,1336,2600,14
4796,job_2561,2561,378,392,9
4797,job_2562,2562,1324,2231,21
4797,job_2563,2563,1018,1393,47
4799,job_2564,2564,180,509,13
4800,job_2565,2565,1748,3128,37
4802,job_2566,2566,769,1966,42
4812,job_2567,2567,280,548,7
4822,job_2568,2568,309,414,8
4825,job_2569,2569,255,397,5
4825,job_2570,2570,1311,1688,25
4834,job_2571,2571,369,551,17
4835,job_2572,2572,1314,2272,12
4839,job_2573,2573,290,561,14
4840,job_2574,2574,1567,2388,40
4849,job_2575,2575,263,593,10
4856,job_2576,2576,100,482,8
4858,job_2577,2577,1450,2880,23
4859,job_2578,2578,1001,2290,25
4859,job_2579,2579,1538,2442,42
4867,job_2580,2580,221,545,20
4868,job_2581,2581,1617,1375,40
4870,job_2582,2582,724,2710,36
4874,job_2583,2583,235,443,14
4881,job_2584,2584,329,672,10
4881,job_2585,2585,804,1740,18
4883,job_2586,2586,1308,1680,20
4885,job_2587,2587,1602,2100,28
4885,job_2588,2588,764,2166,23
4889,job_2589,2589,327,467,10
4894,job_2590,2590,208,438,13
4895,job_2591,2591,1329,1749,43
4895,job_2592,2592,738,1424,45
4904,job_2593,2593,103,486,12
4908,job_2594,2594,465,733,7
4913,job_2595,2595,285,532,14
4919,job_2596,2596,278,608,7
4921,job_2597,2597,801,3606,35
4922,job_2598,2598,993,2225,22
4928,job_2599,2599,349,606,6
4928,job_2600,2600,842,2411,28
4935,job_2601,2601,341,553,6
4935,job_2602,2602,2017,2236,44
4941,job_2603,2603,285,373,5
4941,job_2604,2604,1249,1990,22
4942,job_2605,2605,652,1993,45
4944,job_2606,2606,1304,2408,37
4944,job_2607,2607,823,2632,26
4945,job_2608,2608,1421,2332,13
4952,job_2609,2609,267,507,16
4962,job_2610,2610,348,386,18
4965,job_2611,2611,282,367,11
4965,job_2612,2612,818,2463,18
4974,job_2613,2613,393,481,6
4979,job_2614,2614,479,523,19
4980,job_2615,2615,984,3159,11
4982,job_2616,2616,209,492,13
4983,job_2617,2617,1746,2256,40
4984,job_2618,2618,1395,1572,47
4991,job_2619,2619,110,502,18
4991,job_2620,2620,1086,2313,29
4995,job_2621,2621,206,468,14
4999,job_2622,2622,262,519,20
4999,job_2623,2623,1404,1452,24
4999,job_2624,2624,1265,2160,24
5003,job_2625,2625,335,561,10
5004,job_2626,2626,1418,2151,48
5004,job_2627,2627,1088,2475,38
5012,job_2628,2628,229,569,9
5014,job_2629,2629,1354,2540,25
5020,job_2630,2630,329,568,20
5021,job_2631,2631,760,2754,35
5021,job_2632,2632,1345,1108,39
5022,job_2633,2633,1007,2586,23
5024,job_2634,2634,411,385,13
5031,job_2635,2635,265,615,19
5038,job_2636,2636,143,613,19
5043,job_2637,2637,493,340,10
5044,job_2638,2638,1443,2061,28
5050,job_2639,2639,100,399,11
5052,job_2640,2640,249,391,20
5062,job_2641,2641,240,473,5
5062,job_2642,2642,1513,2041,46
5071,job_2643,2643,355,461,9
5078,job_2644,2644,293,498,12
5082,job_2645,2645,250,488,17
5084,job_2646,2646,596,2365,32
5089,job_2647,2647,302,519,19
5095,job_2648,2648,225,608,15
5099,job_2649,2649,377,524,6
5099,job_2650,2650,1017,1320,23
5099,job_2651,2651,1015,1958,32
5103,job_2652,2652,350,434,17
5112,job_2653,2653,371,499,11
5113,job_2654,2654,1019,1154,10
5118,job_2655,2655,198,633,14
5128,job_2656,2656,301,259,9
5129,job_2657,2657,1423,1943,44
5130,job_2658,2658,1041,3041,27
5130,job_2659,2659,1924,1012,12
5132,job_2660,2660,1994,2216,43
5136,job_2661,2661,311,387,7
5138,job_2662,2662,1485,2421,41
5144,job_2663,2663,289,523,18
5146,job_2664,2664,1159,1809,28
5147,job_2665,2665,1397,1403,35
5152,job_2666,2666,200,273,12
5156,job_2667,2667,330,595,12
5163,job_2668,2668,156,433,13
5166,job_2669,2669,291,435,10
5169,job_2670,2670,411,609,5
5175,job_2671,2671,275,442,10
5184,job_2672,2672,288,576,17
5189,job_2673,2673,372,467,15
5199,job_2674,2674,233,475,11
5201,job_2675,2675,1335,2269,27
5203,job_2676,2676,1105,2290,31
5206,job_2677,2677,324,564,16
5215,job_2678,2678,213,557,5
5218,job_2679,2679,213,473,20
5221,job_2680,2680,207,552,18
5222,job_2681,2681,1179,2802,50
5228,job_2682,2682,196,341,11
5234,job_2683,2683,325,406,18
5239,job_2684,2684,357,553,19
5244,job_2685,2685,270,402,13
5246,job_2686,2686,437,368,17
5254,job_2687,2687,323,434,5
5263,job_2688,2688,233,545,10
5263,job_2689,2689,764,1280,11
5272,job_2690,2690,296,473,19
5280,job_2691,2691,346,382,17
5288,job_2692,2692,321,437,9
5290,job_2693,2693,1484,2686,48
5291,job_2694,2694,1313,2489,31
5291,job_2695,2695,1406,2507,44
5293,job_2696,2696,917,2967,20
5298,job_2697,2697,137,477,11
5307,job_2698,2698,207,516,10
5308,job_2699,2699,1040,1923,30
5310,job_2700,2700,1052,2493,26
5311,job_2701,2701,1127,1646,34
5313,job_2702,2702,969,2374,12
5315,job_2703,2703,1438,2423,20
5320,job_2704,2704,109,451,10
5325,job_2705,2705,362,510,6
5330,job_2706,2706,333,466,15
5338,job_2707,2707,259,375,10
5347,job_2708,2708,309,434,15
5355,job_2709,2709,415,558,8
5355,job_2710,2710,1189,2708,34
5357,job_2711,2711,275,452,11
5357,job_2712,2712,1032,2296,45
5363,job_2713,2713,313,325,8
5373,job_2714,2714,328,399,14
5373,job_2715,2715,1329,1484,21
5377,job_2716,2716,303,456,14
5379,job_2717,2717,1589,1383,30
5381,job_2718,2718,1890,2293,38
5391,job_2719,2719,194,501,14
5391,job_2720,2720,823,1560,31
5391,job_2721,2721,1120,2160,11
5400,job_2722,2722,350,530,13
5401,job_2723,2723,1571,1932,43
5402,job_2724,2724,869,1380,20
5408,job_2725,2725,422,476,18
5415,job_2726,2726,116,322,19
5425,job_2727,2727,287,722,10
5430,job_2728,2728,225,471,9
5438,job_2729,2729,321,380,20
5442,job_2730,2730,287,536,6
5444,job_2731,2731,331,581,7
5451,job_2732,2732,228,623,9
5451,job_2733,2733,1089,2543,13
5452,job_2734,2734,1330,2685,38
5453,job_2735,2735,953,1877,47
5454,job_2736,2736,1217,2334,33
5458,job_2737,2737,356,539,8
5466,job_2738,2738,298,502,6
5470,job_2739,2739,368,609,13
5472,job_2740,2740,1704,1439,27
5472,job_2741,2741,1582,2642,27
5472,job_2742,2742,1367,2054,39
5474,job_2743,2743,1125,1927,17
5484,job_2744,2744,224,464,9
5486,job_2745,2745,1119,2267,15
5487,job_2746,2746,954,1017,38
5488,job_2747,2747,1014,1493,49
5489,job_2748,2748,834,2501,49
5493,job_2749,2749,260,479,16
5496,job_2750,2750,271,387,16
5502,job_2751,2751,489,633,16
5503,job_2752,2752,761,2498,43
5503,job_2753,2753,1660,2031,23
5504,job_2754,2754,551,2350,39
5513,job_2755,2755,335,671,18
5520,job_2756,2756,278,532,12
5527,job_2757,2757,371,462,5
5534,job_2758,2758,300,449,19
5539,job_2759,2759,100,422,5
5546,job_2760,2760,259,560,9
5546,job_2761,2761,1187,1000,36
5548,job_2762,2762,1320,2262,45
5551,job_2763,2763,292,614,11
5558,job_2764,2764,431,498,12
5566,job_2765,2765,307,375,8
5569,job_2766,2766,439,675,20
5571,job_2767,2767,1251,2292,43
5581,job_2768,2768,192,439,13
5590,job_2769,2769,207,582,5
5592,job_2770,2770,1532,2691,13
5602,job_2771,2771,196,388,18
5605,job_2772,2772,210,631,18
5607,job_2773,2773,366,554,18
5614,job_2774,2774,399,515,12
5614,job_2775,2775,1258,1500,33
5621,job_2776,2776,184,564,7
5621,job_2777,2777,1139,1739,19
5625,job_2778,2778,397,527,9
5635,job_2779,2779,390,547,10
5644,job_2780,2780,271,473,14
5645,job_2781,2781,1055,1260,11
5653,job_2782,2782,432,474,16
5654,job_2783,2783,1511,2059,19
5656,job_2784,2784,1176,2734,32
5657,job_2785,2785,919,2866,21
5658,job_2786,2786,883,1630,25
5660,job_2787,2787,109,626,5
5662,job_2788,2788,1149,2234,19
5662,job_2789,2789,857,2050,26
5664,job_2790,2790,1036,1598,36
5674,job_2791,2791,136,422,7
5684,job_2792,2792,259,411,7
5689,job_2793,2793,153,302,10
5691,job_2794,2794,1085,2195,15
5693,job_2795,2795,1233,1421,31
5693,job_2796,2796,1321,1653,14
5693,job_2797,2797,1696,2217,14
5702,job_2798,2798,251,633,13
5710,job_2799,2799,284,568,16
5710,job_2800,2800,915,2836,21
5716,job_2801,2801,312,412,10
5724,job_2802,2802,430,647,7
5726,job_2803,2803,454,349,12
5735,job_2804,2804,209,455,20
5735,job_2805,2805,513,2611,18
5736,job_2806,2806,1195,2538,43
5738,job_2807,2807,1364,1895,21
5738,job_2808,2808,1478,1463,21
5743,job_2809,2809,100,424,5
5744,job_2810,2810,1256,2722,39
5746,job_2811,2811,724,1948,40
5751,job_2812,2812,312,728,19
5753,job_2813,2813,364,327,15
5755,job_2814,2814,1144,1222,49
5755,job_2815,2815,1365,2318,32
5756,job_2816,2816,1321,1981,34
5756,job_2817,2817,1275,2619,24
5757,job_2818,2818,1118,2524,39
5762,job_2819,2819,249,490,15
5767,job_2820,2820,141,606,12
5769,job_2821,2821,246,637,6
5771,job_2822,2822,356,331,20
5772,job_2823,2823,1123,2276,29
5773,job_2824,2824,1317,2259,39
5775,job_2825,2825,343,705,11
5775,job_2826,2826,944,1858,26
5777,job_2827,2827,1649,2220,20
5780,job_2828,2828,436,409,5
5781,job_2829,2829,1156,1648,22
5788,job_2830,2830,218,402,18
5789,job_2831,2831,1193,2082,30
5792,job_2832,2832,211,654,9
5795,job_2833,2833,334,632,11
5804,job_2834,2834,317,465,8
5804,job_2835,2835,1335,1710,45
5808,job_2836,2836,213,560,16
5810,job_2837,2837,357,395,12
5810,job_2838,2838,846,1889,28
5815,job_2839,2839,250,393,7
5824,job_2840,2840,365,611,7
5826,job_2841,2841,343,520,7
5834,job_2842,2842,280,489,17
5839,job_2843,2843,169,514,20
5842,job_2844,2844,173,422,13
5849,job_2845,2845,402,355,14
5851,job_2846,2846,400,687,20
5858,job_2847,2847,223,454,12
5868,job_2848,2848,352,349,11
5877,job_2849,2849,195,328,14
5879,job_2850,2850,1299,1355,18
5880,job_2851,2851,1326,1820,16
5887,job_2852,2852,451,504,7
5896,job_2853,2853,246,371,10
5903,job_2854,2854,316,579,16
5908,job_2855,2855,378,577,14
5915,job_2856,2856,340,473,9
5918,job_2857,2857,371,552,15
5923,job_2858,2858,206,561,14
5925,job_2859,2859,481,2699,43
5926,job_2860,2860,1292,2441,21
5927,job_2861,2861,1088,2383,48
5928,job_2862,2862,813,1986,42
5937,job_2863,2863,420,294,5
5939,job_2864,2864,1446,1795,22
5948,job_2865,2865,179,542,8
5951,job_2866,2866,347,550,7
5952,job_2867,2867,1088,1305,27
5952,job_2868,2868,774,2048,22
5952,job_2869,2869,1101,2401,26
5952,job_2870,2870,1207,1306,32
5960,job_2871,2871,277,495,14
5969,job_2872,2872,173,637,15
5971,job_2873,2873,961,1653,50
5977,job_2874,2874,216,591,10
5978,job_2875,2875,1399,1596,48
5984,job_2876,2876,196,590,18
5991,job_2877,2877,290,460,15
6001,job_2878,2878,482,535,12
6001,job_2879,2879,1056,2590,19
6005,job_2880,2880,243,397,17
6010,job_2881,2881,369,431,10
6015,job_2882,2882,178,317,18
6015,job_2883,2883,1148,2287,33
6023,job_2884,2884,428,535,13
6032,job_2885,2885,181,671,7
6040,job_2886,2886,398,468,14
6045,job_2887,2887,240,569,17
6046,job_2888,2888,1223,2124,21
6048,job_2889,2889,922,2312,43
6057,job_2890,2890,336,449,10
6059,job_2891,2891,255,566,13
6062,job_2892,2892,387,646,11
6069,job_2893,2893,360,624,5
6070,job_2894,2894,1369,1041,40
6071,job_2895,2895,1190,2873,48
6080,job_2896,2896,365,602,5
6090,job_2897,2897,397,485,6
6099,job_2898,2898,136,342,16
6109,job_2899,2899,100,652,18
6117,job_2900,2900,411,401,14
6125,job_2901,2901,327,386,5
6132,job_2902,2902,369,272,15
6133,job_2903,2903,1052,2238,28
6133,job_2904,2904,1221,2620,27
6134,job_2905,2905,1285,2807,31
6136,job_2906,2906,366,336,13
6138,job_2907,2907,822,1187,34
6145,job_2908,2908,317,461,12
6145,job_2909,2909,1283,2418,47
6151,job_2910,2910,304,456,20
6151,job_2911,2911,822,2818,12
6153,job_2912,2912,1391,2444,49
6155,job_2913,2913,1046,2122,23
6164,job_2914,2914,384,483,11
6165,job_2915,2915,1303,1179,28
6173,job_2916,2916,213,676,5
6176,job_2917,2917,253,519,17
6178,job_2918,2918,263,665,8
6182,job_2919,2919,306,498,16
6188,job_2920,2920,381,465,20
6191,job_2921,2921,323,533,6
6200,job_2922,2922,146,600,5
6204,job_2923,2923,126,536,5
6209,job_2924,2924,334,447,6
6213,job_2925,2925,287,572,8
6223,job_2926,2926,217,678,18
6227,job_2927,2927,316,623,14
6227,job_2928,2928,1470,1772,30
6231,job_2929,2929,300,463,19
6241,job_2930,2930,329,527,8
6243,job_2931,2931,1092,2667,44
6249,job_2932,2932,115,534,13
6252,job_2933,2933,319,548,13
6260,job_2934,2934,283,432,13
6270,job_2935,2935,100,519,11
6270,job_2936,2936,749,2541,35
6273,job_2937,2937,386,615,19
6280,job_2938,2938,336,348,19
6289,job_2939,2939,258,497,7
6290,job_2940,2940,972,1749,33
6290,job_2941,2941,1483,1743,41
6294,job_2942,2942,301,381,14
6295,job_2943,2943,1636,2457,10
6304,job_2944,2944,154,240,11
6313,job_2945,2945,100,539,17
6322,job_2946,2946,128,426,18
6322,job_2947,2947,1283,1758,36
6327,job_2948,2948,273,503,9
6333,job_2949,2949,282,591,13
6342,job_2950,2950,406,539,11
6346,job_2951,2951,195,589,11
6349,job_2952,2952,382,389,12
6358,job_2953,2953,418,602,14
6365,job_2954,2954,375,507,13
6365,job_2955,2955,1144,1299,19
6371,job_2956,2956,301,544,7
6371,job_2957,2957,1254,2922,35
6373,job_2958,2958,252,622,12
6380,job_2959,2959,264,550,18
6380,job_2960,2960,1318,1748,21
6381,job_2961,2961,1892,1790,32
6386,job_2962,2962,326,701,8
6388,job_2963,2963,1081,1860,48
6393,job_2964,2964,475,485,7
6395,job_2965,2965,1338,1831,33
6399,job_2966,2966,326,554,5
6401,job_2967,2967,742,2059,46
6403,job_2968,2968,1700,2008,44
6408,job_2969,2969,330,555,6
6411,job_2970,2970,177,652,9
6416,job_2971,2971,237,447,19
6422,job_2972,2972,303,389,17
6427,job_2973,2973,498,483,8
6428,job_2974,2974,1141,2184,48
6432,job_2975,2975,346,615,5
6441,job_2976,2976,350,333,11
6450,job_2977,2977,139,575,14
6459,job_2978,2978,289,464,13
6464,job_2979,2979,421,473,15
6469,job_2980,2980,373,495,19
6473,job_2981,2981,253,301,6
6473,job_2982,2982,1053,1602,28
6483,job_2983,2983,613,702,8
6485,job_2984,2984,393,382,6
6485,job_2985,2985,1245,2486,17
6487,job_2986,2986,227,394,13
6489,job_2987,2987,303,361,9
6497,job_2988,2988,356,619,18
6504,job_2989,2989,100,543,5
6514,job_2990,2990,228,413,13
6522,job_2991,2991,101,666,10
6524,job_2992,2992,348,429,10
6529,job_2993,2993,279,547,15
6532,job_2994,2994,270,562,6
6532,job_2995,2995,1231,1854,37
6533,job_2996,2996,1214,1886,22
6535,job_2997,2997,348,482,16
6537,job_2998,2998,1865,2066,12
6539,job_2999,2999,210,584,16
6549,job_3000,3000,470,579,8
6552,job_3001,3001,197,548,8
6556,job_3002,3002,265,424,20
6564,job_3003,3003,303,477,15
6569,job_3004,3004,344,325,5
6572,job_3005,3005,243,507,16
6580,job_3006,3006,280,490,11
6588,job_3007,3007,214,520,17
6590,job_3008,3008,930,2171,41
6597,job_3009,3009,264,634,20
6607,job_3010,3010,424,526,16
6607,job_3011,3011,1730,2629,29
6612,job_3012,3012,262,572,7
6620,job_3013,3013,290,436,6
6620,job_3014,3014,1334,2774,48
6630,job_3015,3015,321,433,14
6635,job_3016,3016,259,398,8
6645,job_3017,3017,518,462,9
6647,job_3018,3018,743,2077,31
6654,job_3019,3019,159,629,17
6664,job_3020,3020,374,267,16
6671,job_3021,3021,381,367,10
6673,job_3022,3022,1332,2283,47
6681,job_3023,3023,293,588,16
6688,job_3024,3024,272,639,16
6697,job_3025,3025,100,488,19
6698,job_3026,3026,1258,1670,12
6705,job_3027,3027,369,447,16
6705,job_3028,3028,939,1973,29
6705,job_3029,3029,1186,2132,18
6707,job_3030,3030,1761,1424,28
6709,job_3031,3031,383,384,15
6713,job_3032,3032,384,513,10
6721,job_3033,3033,266,471,13
6727,job_3034,3034,221,474,9
6730,job_3035,3035,406,436,19
6730,job_3036,3036,991,2360,20
6732,job_3037,3037,416,569,17
6737,job_3038,3038,336,405,9
6745,job_3039,3039,296,496,14
6746,job_3040,3040,870,1693,36
6754,job_3041,3041,343,699,18
6761,job_3042,3042,308,419,6
6761,job_3043,3043,1192,2299,38
6767,job_3044,3044,241,452,7
6769,job_3045,3045,414,467,17
6771,job_3046,3046,1622,2496,31
6781,job_3047,3047,225,544,15
6788,job_3048,3048,156,573,15
6790,job_3049,3049,363,445,18
6796,job_3050,3050,321,499,17
6805,job_3051,3051,471,608,14
6810,job_3052,3052,466,488,6
6814,job_3053,3053,363,545,8
6820,job_3054,3054,226,693,12
6822,job_3055,3055,100,656,18
6825,job_3056,3056,227,498,14
6829,job_3057,3057,352,338,16
6839,job_3058,3058,298,567,13
6843,job_3059,3059,341,628,19
6853,job_3060,3060,449,547,20
6861,job_3061,3061,266,565,17
6871,job_3062,3062,353,536,8
6875,job_3063,3063,320,294,12
6884,job_3064,3064,228,484,13
6889,job_3065,3065,107,574,9
6889,job_3066,3066,1506,1960,12
6898,job_3067,3067,215,575,6
6907,job_3068,3068,209,587,17
6911,job_3069,3069,138,516,7
6912,job_3070,3070,1439,1190,16
6922,job_3071,3071,404,595,14
6924,job_3072,3072,135,507,14
6931,job_3073,3073,331,579,6
6935,job_3074,3074,383,615,5
6941,job_3075,3075,264,515,13
6947,job_3076,3076,170,588,20
6954,job_3077,3077,464,589,19
6961,job_3078,3078,232,762,8
6970,job_3079,3079,369,421,6
6972,job_3080,3080,1173,1035,35
6973,job_3081,3081,729,2552,30
6973,job_3082,3082,1024,1272,36
6974,job_3083,3083,1120,1948,20
6975,job_3084,3084,1523,847,32
6980,job_3085,3085,224,467,15
6982,job_3086,3086,410,497,19
6991,job_3087,3087,194,512,6
6999,job_3088,3088,374,627,9
7000,job_3089,3089,1225,1666,12
7010,job_3090,3090,100,607,16
7012,job_3091,3091,504,457,19
7020,job_3092,3092,329,439,5
7028,job_3093,3093,100,431,20
7028,job_3094,3094,845,1874,18
7032,job_3095,3095,220,518,11
7040,job_3096,3096,246,379,7
7043,job_3097,3097,538,417,17
7051,job_3098,3098,398,611,13
7061,job_3099,3099,429,339,15
7070,job_3100,3100,164,431,13
7072,job_3101,3101,1686,2212,44
7072,job_3102,3102,960,1352,40
7079,job_3103,3103,356,427,12
7084,job_3104,3104,218,574,17
7084,job_3105,3105,1458,2698,38
7085,job_3106,3106,1103,3612,18
7093,job_3107,3107,191,547,20
7099,job_3108,3108,171,552,16
7108,job_3109,3109,309,547,5
7111,job_3110,3110,403,462,17
7112,job_3111,3111,1429,1254,29
7117,job_3112,3112,200,375,12
7120,job_3113,3113,248,677,13
7125,job_3114,3114,235,622,13
7127,job_3115,3115,251,449,19
7137,job_3116,3116,402,602,16
7146,job_3117,3117,311,621,19
7149,job_3118,3118,286,360,7
7153,job_3119,3119,353,458,10
7158,job_3120,3120,155,463,8
7158,job_3121,3121,1230,2531,14
7166,job_3122,3122,356,569,18
7170,job_3123,3123,294,448,10
7178,job_3124,3124,152,545,18
7184,job_3125,3125,185,610,12
7194,job_3126,3126,327,555,6
7195,job_3127,3127,1511,1469,15
7196,job_3128,3128,1667,1999,27
7203,job_3129,3129,284,595,17
7212,job_3130,3130,408,593,16
7216,job_3131,3131,364,637,10
7220,job_3132,3132,349,429,16
7224,job_3133,3133,272,552,13
7227,job_3134,3134,293,556,13
7234,job_3135,3135,363,562,18
7241,job_3136,3136,266,524,14
7249,job_3137,3137,500,510,6
7251,job_3138,3138,333,712,10
7254,job_3139,3139,121,435,5
7264,job_3140,3140,284,595,13
7271,job_3141,3141,417,489,11
7272,job_3142,3142,1178,685,36
7275,job_3143,3143,131,370,19
7283,job_3144,3144,483,418,16
7284,job_3145,3145,1499,1889,49
7286,job_3146,3146,1337,1845,29
7296,job_3147,3147,317,556,6
7298,job_3148,3148,359,458,15
7308,job_3149,3149,258,497,10
7311,job_3150,3150,174,526,9
7320,job_3151,3151,371,558,17
7327,job_3152,3152,394,572,11
7333,job_3153,3153,100,656,12
7340,job_3154,3154,242,497,14
7344,job_3155,3155,340,539,6
7351,job_3156,3156,279,668,11
7351,job_3157,3157,1446,2371,25
7356,job_3158,3158,295,567,14
7358,job_3159,3159,392,600,13
7360,job_3160,3160,1841,2599,20
7361,job_3161,3161,802,1725,18
7369,job_3162,3162,263,431,8
7370,job_3163,3163,882,1711,18
7370,job_3164,3164,1155,2428,21
7374,job_3165,3165,376,546,10
7381,job_3166,3166,273,567,18
7384,job_3167,3167,210,566,13
7393,job_3168,3168,257,454,9
7395,job_3169,3169,1181,1742,16
7404,job_3170,3170,129,336,6
7405,job_3171,3171,1229,2056,34
7411,job_3172,3172,101,578,5
7414,job_3173,3173,341,415,20
7422,job_3174,3174,164,452,18
7427,job_3175,3175,420,702,5
7429,job_3176,3176,251,561,16
7430,job_3177,3177,1288,1515,28
7437,job_3178,3178,223,632,13
7439,job_3179,3179,313,439,13
7448,job_3180,3180,313,431,15
7454,job_3181,3181,295,424,18
7457,job_3182,3182,226,462,20
7464,job_3183,3183,298,550,17
7471,job_3184,3184,142,726,12
7475,job_3185,3185,268,469,20
7482,job_3186,3186,238,495,6
7485,job_3187,3187,311,489,5
7487,job_3188,3188,353,540,16
7491,job_3189,3189,218,485,19
7499,job_3190,3190,217,246,17
7501,job_3191,3191,1615,1547,39
7509,job_3192,3192,113,565,5
7511,job_3193,3193,903,2486,40
7514,job_3194,3194,197,598,19
7519,job_3195,3195,364,433,9
7522,job_3196,3196,328,462,18
7525,job_3197,3197,438,422,7
7530,job_3198,3198,457,371,19
7532,job_3199,3199,1593,1554,41
7534,job_3200,3200,334,609,12
7544,job_3201,3201,256,415,7
7549,job_3202,3202,468,531,18
7557,job_3203,3203,441,628,17
7559,job_3204,3204,247,468,8
7563,job_3205,3205,548,727,14
7569,job_3206,3206,303,608,7
7575,job_3207,3207,338,333,13
7582,job_3208,3208,448,455,9
7584,job_3209,3209,339,601,14
7591,job_3210,3210,397,498,16
7600,job_3211,3211,224,525,15
7601,job_3212,3212,1387,2337,47
7608,job_3213,3213,296,430,20
7609,job_3214,3214,922,2667,22
7611,job_3215,3215,1051,1879,23
7614,job_3216,3216,308,371,8
7620,job_3217,3217,347,622,13
7621,job_3218,3218,1250,1006,11
7626,job_3219,3219,229,544,10
7635,job_3220,3220,290,421,16
7642,job_3221,3221,240,417,6
7645,job_3222,3222,485,531,10
7650,job_3223,3223,330,501,17
7660,job_3224,3224,250,538,9
7665,job_3225,3225,340,576,8
7667,job_3226,3226,398,500,13
7669,job_3227,3227,913,2514,43
7679,job_3228,3228,284,528,17
7680,job_3229,3229,1639,2007,37
7682,job_3230,3230,925,1518,23
7683,job_3231,3231,1098,1237,28
7691,job_3232,3232,375,436,15
7701,job_3233,3233,336,600,12
7706,job_3234,3234,358,498,6
7716,job_3235,3235,339,566,9
7721,job_3236,3236,363,639,11
7722,job_3237,3237,1853,2612,45
7728,job_3238,3238,362,707,18
7730,job_3239,3239,1302,2385,19
7737,job_3240,3240,302,499,18
7739,job_3241,3241,1511,2906,38
7749,job_3242,3242,556,530,9
7758,job_3243,3243,372,722,5
7760,job_3244,3244,222,284,11
7768,job_3245,3245,123,633,19
7772,job_3246,3246,371,541,10
7782,job_3247,3247,319,425,5
7787,job_3248,3248,220,577,18
7796,job_3249,3249,441,595,17
7801,job_3250,3250,502,617,9
7810,job_3251,3251,248,691,11
7811,job_3252,3252,644,2746,31
7813,job_3253,3253,383,562,13
7819,job_3254,3254,174,456,5
7822,job_3255,3255,419,405,20
7826,job_3256,3256,104,424,8
7836,job_3257,3257,212,503,18
7837,job_3258,3258,1313,2281,29
7846,job_3259,3259,410,547,10
7856,job_3260,3260,294,442,7
7859,job_3261,3261,265,655,19
7859,job_3262,3262,206,1880,10
7859,job_3263,3263,1322,221,20
7864,job_3264,3264,347,492,13
7864,job_3265,3265,641,2667,29
7871,job_3266,3266,318,683,16
7873,job_3267,3267,1008,2198,26
7881,job_3268,3268,391,330,19
7883,job_3269,3269,1236,1816,32
7893,job_3270,3270,323,404,6
7899,job_3271,3271,412,492,16
7903,job_3272,3272,223,413,15
7910,job_3273,3273,380,472,9
7911,job_3274,3274,1284,2184,29
7919,job_3275,3275,318,613,15
7923,job_3276,3276,406,565,19
7926,job_3277,3277,225,512,11
7935,job_3278,3278,210,618,16
7935,job_3279,3279,1115,2728,24
7936,job_3280,3280,1222,1623,45
7937,job_3281,3281,1344,1416,38
7940,job_3282,3282,351,583,6
7942,job_3283,3283,1059,1299,21
7943,job_3284,3284,991,3040,50
7943,job_3285,3285,883,1892,29
7947,job_3286,3286,526,734,6
7949,job_3287,3287,1155,2178,40
7957,job_3288,3288,196,541,14
7958,job_3289,3289,1202,1361,32
7960,job_3290,3290,315,544,18
7970,job_3291,3291,370,498,15
7971,job_3292,3292,1387,2204,34
7976,job_3293,3293,255,530,13
7984,job_3294,3294,270,423,9
7984,job_3295,3295,1184,2217,45
7986,job_3296,3296,1201,1647,49
7995,job_3297,3297,387,643,14
8005,job_3298,3298,286,456,16
8014,job_3299,3299,203,651,11
8017,job_3300,3300,237,573,8
8027,job_3301,3301,372,444,10
8033,job_3302,3302,219,671,7
8041,job_3303,3303,141,474,18
8043,job_3304,3304,1040,2001,20
8048,job_3305,3305,314,526,12
8053,job_3306,3306,311,566,10
8062,job_3307,3307,365,469,10
8069,job_3308,3308,349,648,15
8077,job_3309,3309,175,503,6
8082,job_3310,3310,397,582,18
8082,job_3311,3311,993,2130,50
8084,job_3312,3312,1440,1565,35
8091,job_3313,3313,164,447,20
8100,job_3314,3314,100,366,16
8109,job_3315,3315,180,607,9
8112,job_3316,3316,189,543,15
8120,job_3317,3317,221,590,9
8128,job_3318,3318,218,466,9
8137,job_3319,3319,438,630,9
8143,job_3320,3320,381,490,13
8143,job_3321,3321,823,2626,39
8145,job_3322,3322,321,719,10
8155,job_3323,3323,282,542,5
8159,job_3324,3324,318,687,18
8159,job_3325,3325,1359,2113,41
8160,job_3326,3326,1612,1835,30
8168,job_3327,3327,317,422,6
8170,job_3328,3328,1403,1328,46
8178,job_3329,3329,291,553,15
8181,job_3330,3330,267,393,15
8189,job_3331,3331,238,333,20
8198,job_3332,3332,269,581,13
8207,job_3333,3333,376,536,10
8215,job_3334,3334,175,778,11
8225,job_3335,3335,365,443,12
8233,job_3336,3336,263,569,8
8233,job_3337,3337,684,1438,10
8236,job_3338,3338,247,478,13
8245,job_3339,3339,382,678,18
8247,job_3340,3340,237,632,20
8249,job_3341,3341,1755,1434,28
8252,job_3342,3342,275,522,9
8256,job_3343,3343,386,397,13
8259,job_3344,3344,227,616,17
8259,job_3345,3345,750,1821,32
8261,job_3346,3346,372,367,19
8268,job_3347,3347,163,501,20
8269,job_3348,3348,1056,1765,44
8269,job_3349,3349,1294,1656,44
8276,job_3350,3350,342,594,19
8281,job_3351,3351,389,585,13
8290,job_3352,3352,282,636,13
8294,job_3353,3353,269,588,8
8297,job_3354,3354,276,423,10
8306,job_3355,3355,256,691,15
8308,job_3356,3356,441,508,13
8314,job_3357,3357,359,360,20
8318,job_3358,3358,193,590,16
8328,job_3359,3359,269,422,10
8335,job_3360,3360,301,428,17
8337,job_3361,3361,297,503,11
8347,job_3362,3362,347,582,17
8352,job_3363,3363,128,599,10
8352,job_3364,3364,1071,1873,42
8354,job_3365,3365,382,651,18
8359,job_3366,3366,225,370,14
8367,job_3367,3367,138,544,19
8371,job_3368,3368,397,571,19
8380,job_3369,3369,190,386,8
8382,job_3370,3370,337,532,15
8389,job_3371,3371,355,501,20
8390,job_3372,3372,1099,1830,29
8400,job_3373,3373,495,350,14
8402,job_3374,3374,496,533,18
8402,job_3375,3375,1039,1577,16
8402,job_3376,3376,1211,1640,16
8406,job_3377,3377,100,601,7
8412,job_3378,3378,353,654,16
8416,job_3379,3379,330,521,6
8422,job_3380,3380,194,653,9
8424,job_3381,3381,227,551,11
8428,job_3382,3382,427,421,13
8431,job_3383,3383,233,470,16
8436,job_3384,3384,193,643,15
8438,job_3385,3385,189,393,17
8447,job_3386,3386,100,514,15
8457,job_3387,3387,425,444,8
8466,job_3388,3388,364,591,17
8471,job_3389,3389,158,497,9
8474,job_3390,3390,405,361,10
8480,job_3391,3391,271,435,17
8481,job_3392,3392,473,1985,11
8483,job_3393,3393,292,451,19
8486,job_3394,3394,271,405,13
8489,job_3395,3395,402,608,10
8499,job_3396,3396,171,485,10
8506,job_3397,3397,247,500,17
8512,job_3398,3398,265,445,16
8515,job_3399,3399,355,417,20
8524,job_3400,3400,255,551,19
8534,job_3401,3401,418,630,17
8536,job_3402,3402,318,558,19
8539,job_3403,3403,513,422,14
8541,job_3404,3404,176,602,18
8543,job_3405,3405,964,1650,44
8545,job_3406,3406,353,547,8
8551,job_3407,3407,307,547,14
8560,job_3408,3408,100,534,20
8570,job_3409,3409,130,478,11
8573,job_3410,3410,391,645,9
8583,job_3411,3411,238,461,5
8590,job_3412,3412,376,522,7
8590,job_3413,3413,651,2407,24
8591,job_3414,3414,1578,1573,26
8601,job_3415,3415,292,573,12
8606,job_3416,3416,529,431,18
8615,job_3417,3417,307,541,8
8617,job_3418,3418,1587,2007,49
8624,job_3419,3419,222,519,7
8629,job_3420,3420,360,492,12
8633,job_3421,3421,276,448,5
8637,job_3422,3422,407,779,7
8643,job_3423,3423,218,589,9
8645,job_3424,3424,222,414,8
8649,job_3425,3425,421,329,7
8656,job_3426,3426,179,377,7
8664,job_3427,3427,243,515,11
8673,job_3428,3428,316,588,13
8674,job_3429,3429,1011,1673,10
8676,job_3430,3430,405,425,8
8682,job_3431,3431,266,386,18
8688,job_3432,3432,336,587,20
8692,job_3433,3433,299,454,15
8694,job_3434,3434,482,544,7
8696,job_3435,3435,194,577,19
8696,job_3436,3436,849,2671,29
8699,job_3437,3437,256,339,7
8709,job_3438,3438,342,547,18
8709,job_3439,3439,1253,2393,43
8719,job_3440,3440,415,507,9
8724,job_3441,3441,350,426,15
8734,job_3442,3442,265,555,18
8738,job_3443,3443,244,491,5
8747,job_3444,3444,269,427,20
8750,job_3445,3445,356,524,20
8758,job_3446,3446,390,578,7
8764,job_3447,3447,181,615,18
8768,job_3448,3448,354,595,9
8776,job_3449,3449,465,552,17
8777,job_3450,3450,1115,1536,47
8781,job_3451,3451,521,692,13
8784,job_3452,3452,345,416,14
8787,job_3453,3453,463,522,17
8789,job_3454,3454,223,537,5
8795,job_3455,3455,243,592,9
8798,job_3456,3456,187,607,20
8799,job_3457,3457,887,2582,26
8805,job_3458,3458,213,590,7
8808,job_3459,3459,302,197,14
8817,job_3460,3460,391,601,16
8819,job_3461,3461,150,736,5
8825,job_3462,3462,292,558,7
8827,job_3463,3463,1160,1648,17
8834,job_3464,3464,161,487,7
8841,job_3465,3465,298,506,15
8851,job_3466,3466,441,444,9
8856,job_3467,3467,285,544,12
8862,job_3468,3468,290,644,11
8869,job_3469,3469,372,399,11
8877,job_3470,3470,267,427,18
8885,job_3471,3471,150,558,10
8890,job_3472,3472,373,610,16
8891,job_3473,3473,1297,2690,22
8894,job_3474,3474,100,640,19
8897,job_3475,3475,100,512,9
8902,job_3476,3476,287,541,6
8909,job_3477,3477,280,447,20
8914,job_3478,3478,298,450,19
8917,job_3479,3479,372,513,11
8926,job_3480,3480,181,477,7
8926,job_3481,3481,1235,1564,50
8936,job_3482,3482,430,537,15
8939,job_3483,3483,100,486,6
8941,job_3484,3484,414,562,19
8949,job_3485,3485,468,465,16
8955,job_3486,3486,231,543,18
8957,job_3487,3487,344,577,10
8963,job_3488,3488,381,625,15
8968,job_3489,3489,248,555,20
8977,job_3490,3490,540,552,15
8978,job_3491,3491,830,2422,44
8983,job_3492,3492,348,368,5
8988,job_3493,3493,449,740,20
8995,job_3494,3494,186,402,12
8998,job_3495,3495,289,494,13
9003,job_3496,3496,285,492,5
9009,job_3497,3497,443,535,11
9018,job_3498,3498,283,547,7
9023,job_3499,3499,221,608,13
9030,job_3500,3500,225,408,18
9036,job_3501,3501,415,650,9
9036,job_3502,3502,1919,1937,13
9044,job_3503,3503,347,414,17
9047,job_3504,3504,344,515,11
9053,job_3505,3505,340,433,5
9059,job_3506,3506,452,445,12
9066,job_3507,3507,309,360,8
9074,job_3508,3508,378,363,10
9079,job_3509,3509,278,602,13
9086,job_3510,3510,390,681,20
9088,job_3511,3511,100,493,5
9090,job_3512,3512,240,540,13
9095,job_3513,3513,324,478,6
9100,job_3514,3514,248,810,5
9106,job_3515,3515,262,390,14
9116,job_3516,3516,403,467,13
9122,job_3517,3517,293,475,20
9125,job_3518,3518,259,479,11
9135,job_3519,3519,274,451,7
9143,job_3520,3520,338,577,5
9146,job_3521,3521,243,593,19
9149,job_3522,3522,416,525,10
9155,job_3523,3523,178,597,13
9157,job_3524,3524,154,495,12
9159,job_3525,3525,100,287,12
9165,job_3526,3526,212,276,15
9167,job_3527,3527,1388,1164,32
9169,job_3528,3528,376,572,9
9172,job_3529,3529,329,496,8
9179,job_3530,3530,386,442,7
9184,job_3531,3531,355,559,19
9194,job_3532,3532,384,484,6
9200,job_3533,3533,345,509,9
9207,job_3534,3534,335,467,12
9209,job_3535,3535,259,297,18
9215,job_3536,3536,271,500,14
9225,job_3537,3537,446,448,16
9235,job_3538,3538,286,317,11
9242,job_3539,3539,153,460,14
9244,job_3540,3540,124,422,17
9253,job_3541,3541,256,383,15
9253,job_3542,3542,755,1504,31
9258,job_3543,3543,414,432,15
9268,job_3544,3544,414,531,11
9277,job_3545,3545,408,421,17
9280,job_3546,3546,367,524,13
9287,job_3547,3547,220,425,19
9290,job_3548,3548,350,539,13
9296,job_3549,3549,281,462,7
9301,job_3550,3550,516,651,20
9303,job_3551,3551,409,570,5
9307,job_3552,3552,215,440,9
9312,job_3553,3553,420,440,9
9316,job_3554,3554,301,496,15
9318,job_3555,3555,794,1396,50
9325,job_3556,3556,295,648,8
9334,job_3557,3557,248,379,13
9341,job_3558,3558,208,516,20
9345,job_3559,3559,361,492,14
9345,job_3560,3560,1034,1288,43
9353,job_3561,3561,277,448,14
9362,job_3562,3562,179,517,14
9371,job_3563,3563,361,342,6
9380,job_3564,3564,402,605,16
9383,job_3565,3565,210,517,5
9392,job_3566,3566,298,569,10
9395,job_3567,3567,413,423,5
9405,job_3568,3568,349,503,9
9409,job_3569,3569,250,417,18
9411,job_3570,3570,973,2367,39
9414,job_3571,3571,266,333,13
9423,job_3572,3572,360,504,17
9427,job_3573,3573,199,471,20
9434,job_3574,3574,402,346,13
9437,job_3575,3575,397,399,18
9442,job_3576,3576,363,467,9
9452,job_3577,3577,200,614,14
9454,job_3578,3578,393,398,18
9464,job_3579,3579,245,776,14
9472,job_3580,3580,218,424,19
9480,job_3581,3581,299,412,13
9487,job_3582,3582,236,435,20
9497,job_3583,3583,364,593,7
9501,job_3584,3584,241,570,17
9506,job_3585,3585,591,549,17
9516,job_3586,3586,398,488,16
9525,job_3587,3587,214,420,19
9528,job_3588,3588,495,599,20
9536,job_3589,3589,533,461,17
9541,job_3590,3590,318,619,5
9548,job_3591,3591,286,489,12
9557,job_3592,3592,178,673,11
9559,job_3593,3593,1008,1421,22
9563,job_3594,3594,208,508,17
9572,job_3595,3595,313,324,13
9574,job_3596,3596,439,461,19
9576,job_3597,3597,269,638,17
9586,job_3598,3598,214,490,14
9591,job_3599,3599,374,465,17
9596,job_3600,3600,251,631,11
9598,job_3601,3601,393,348,14
9603,job_3602,3602,358,600,19
9608,job_3603,3603,164,529,12
9618,job_3604,3604,341,571,19
9621,job_3605,3605,405,667,16
9622,job_3606,3606,796,1982,39
9630,job_3607,3607,378,637,17
9633,job_3608,3608,260,505,19
9639,job_3609,3609,284,460,16
9641,job_3610,3610,197,615,10
9647,job_3611,3611,344,339,14
9650,job_3612,3612,389,561,14
9652,job_3613,3613,344,596,14
9662,job_3614,3614,181,500,5
9668,job_3615,3615,120,314,6
9674,job_3616,3616,224,637,18
9683,job_3617,3617,278,578,17
9691,job_3618,3618,312,510,14
9698,job_3619,3619,327,578,15
9708,job_3620,3620,282,736,5
9717,job_3621,3621,310,526,9
9723,job_3622,3622,128,442,17
9725,job_3623,3623,406,465,11
9735,job_3624,3624,426,364,18
9739,job_3625,3625,107,393,6
9749,job_3626,3626,412,552,16
9755,job_3627,3627,316,565,10
9762,job_3628,3628,317,543,17
9766,job_3629,3629,101,538,13
9775,job_3630,3630,389,726,17
9784,job_3631,3631,258,419,8
9788,job_3632,3632,256,457,18
9796,job_3633,3633,292,460,10
9801,job_3634,3634,263,571,5
9803,job_3635,3635,279,610,16
9810,job_3636,3636,318,438,16
9816,job_3637,3637,430,377,6
9823,job_3638,3638,397,378,13
9828,job_3639,3639,247,516,8
9838,job_3640,3640,346,351,19
9847,job_3641,3641,361,474,13
9853,job_3642,3642,205,565,5
9860,job_3643,3643,479,460,11
9867,job_3644,3644,273,542,9
9877,job_3645,3645,330,470,7
9884,job_3646,3646,534,589,14
9894,job_3647,3647,274,354,6
9896,job_3648,3648,247,330,12
9899,job_3649,3649,265,589,16
9905,job_3650,3650,404,494,17
9915,job_3651,3651,372,374,11
9924,job_3652,3652,184,418,14
9933,job_3653,3653,316,428,19
9938,job_3654,3654,243,622,11
9948,job_3655,3655,329,426,18
9953,job_3656,3656,400,628,15
9958,job_3657,3657,245,608,14
9960,job_3658,3658,161,521,20
9966,job_3659,3659,362,535,11
9970,job_3660,3660,101,434,7
9979,job_3661,3661,123,636,16
9984,job_3662,3662,305,628,7
9991,job_3663,3663,311,470,6
9995,job_3664,3664,366,387,18
10001,job_3665,3665,235,538,7
10007,job_3666,3666,383,507,7
10017,job_3667,3667,264,476,16
10019,job_3668,3668,404,527,13
10023,job_3669,3669,278,530,9
10028,job_3670,3670,215,435,11
10034,job_3671,3671,274,420,10
10043,job_3672,3672,428,420,5
10053,job_3673,3673,258,483,20
10053,job_3674,3674,998,1966,14
10058,job_3675,3675,260,582,8
10060,job_3676,3676,1130,2655,40
10070,job_3677,3677,367,598,14
10078,job_3678,3678,256,605,16
10080,job_3679,3679,488,353,16
10086,job_3680,3680,233,295,8
10093,job_3681,3681,383,493,11
10097,job_3682,3682,346,366,14
10107,job_3683,3683,587,536,9
10112,job_3684,3684,410,530,17
10122,job_3685,3685,201,462,5
10132,job_3686,3686,300,627,13
10142,job_3687,3687,335,476,9
10144,job_3688,3688,333,438,10
10147,job_3689,3689,350,521,18
10155,job_3690,3690,211,504,10
10165,job_3691,3691,100,449,17
10166,job_3692,3692,1627,1678,16
10166,job_3693,3693,1029,1606,28
10172,job_3694,3694,169,339,14
10177,job_3695,3695,208,424,8
10186,job_3696,3696,465,561,6
10191,job_3697,3697,487,615,15
10193,job_3698,3698,1090,1996,29
10203,job_3699,3699,251,388,14
10208,job_3700,3700,267,366,8
10213,job_3701,3701,191,695,10
10216,job_3702,3702,217,513,11
10222,job_3703,3703,256,509,10
10228,job_3704,3704,429,453,9
10233,job_3705,3705,285,484,13
10237,job_3706,3706,294,332,19
10243,job_3707,3707,339,725,5
10248,job_3708,3708,482,689,19
10257,job_3709,3709,229,599,15
10267,job_3710,3710,412,460,18
10270,job_3711,3711,397,357,12
10272,job_3712,3712,153,558,5
10274,job_3713,3713,148,555,18
10284,job_3714,3714,308,385,18
10290,job_3715,3715,197,474,6
10293,job_3716,3716,434,452,16
10295,job_3717,3717,331,396,9
10298,job_3718,3718,320,495,16
10300,job_3719,3719,1099,2048,18
10305,job_3720,3720,422,280,11
10310,job_3721,3721,414,600,18
10316,job_3722,3722,282,491,18
10323,job_3723,3723,349,603,6
10326,job_3724,3724,320,350,8
10335,job_3725,3725,313,413,19
10343,job_3726,3726,246,576,5
10347,job_3727,3727,400,498,7
10352,job_3728,3728,346,541,9
10355,job_3729,3729,374,570,6
10359,job_3730,3730,375,579,17
10369,job_3731,3731,358,374,19
10374,job_3732,3732,233,465,7
10375,job_3733,3733,1396,2484,36
10383,job_3734,3734,427,547,14
10389,job_3735,3735,285,378,7
10392,job_3736,3736,257,592,15
10397,job_3737,3737,195,489,11
10402,job_3738,3738,436,482,15
10405,job_3739,3739,198,429,6
10413,job_3740,3740,337,496,13
10419,job_3741,3741,184,678,20
10428,job_3742,3742,196,585,11
10432,job_3743,3743,252,490,19
10435,job_3744,3744,527,605,9
10441,job_3745,3745,396,594,16
10442,job_3746,3746,1275,2264,49
10449,job_3747,3747,521,745,15
10455,job_3748,3748,298,605,14
10465,job_3749,3749,381,305,20
10474,job_3750,3750,233,407,20
10484,job_3751,3751,202,544,19
10491,job_3752,3752,341,339,20
10496,job_3753,3753,226,444,9
10505,job_3754,3754,208,581,8
10509,job_3755,3755,255,405,14
10514,job_3756,3756,284,354,8
10523,job_3757,3757,308,572,12
10533,job_3758,3758,254,481,14
10538,job_3759,3759,407,412,20
10548,job_3760,3760,371,486,5
10558,job_3761,3761,290,417,9
10564,job_3762,3762,377,337,18
10565,job_3763,3763,985,1872,17
10574,job_3764,3764,100,611,8
10579,job_3765,3765,100,549,5
10585,job_3766,3766,275,352,18
10589,job_3767,3767,108,488,7
10599,job_3768,3768,433,524,16
10601,job_3769,3769,258,553,14
10610,job_3770,3770,271,473,19
10615,job_3771,3771,416,556,14
10617,job_3772,3772,2074,1753,35
10625,job_3773,3773,221,572,14
10632,job_3774,3774,375,634,12
10634,job_3775,3775,185,353,5
10636,job_3776,3776,519,1940,36
10642,job_3777,3777,191,672,10
10647,job_3778,3778,242,436,18
10654,job_3779,3779,318,695,15
10656,job_3780,3780,705,3086,40
10661,job_3781,3781,342,545,13
10669,job_3782,3782,446,593,17
10673,job_3783,3783,312,615,13
10679,job_3784,3784,283,541,10
10681,job_3785,3785,1166,2518,18
10685,job_3786,3786,200,463,6
10688,job_3787,3787,396,425,19
10692,job_3788,3788,315,366,12
10698,job_3789,3789,342,498,14
10706,job_3790,3790,279,295,9
10712,job_3791,3791,255,637,14
10719,job_3792,3792,284,615,19
10728,job_3793,3793,172,288,7
10738,job_3794,3794,393,434,11
10744,job_3795,3795,349,384,5
10753,job_3796,3796,262,556,7
10756,job_3797,3797,142,557,7
10759,job_3798,3798,233,708,10
10767,job_3799,3799,424,755,13
10770,job_3800,3800,297,594,15
10774,job_3801,3801,161,547,6
10779,job_3802,3802,183,443,7
10784,job_3803,3803,264,551,17
10794,job_3804,3804,370,496,9
10802,job_3805,3805,312,397,15
10812,job_3806,3806,317,524,7
10814,job_3807,3807,270,583,10
10815,job_3808,3808,1539,1949,15
10823,job_3809,3809,382,563,16
10829,job_3810,3810,330,500,15
10838,job_3811,3811,329,531,14
10848,job_3812,3812,308,422,20
10848,job_3813,3813,1710,2147,11
10857,job_3814,3814,186,508,16
10864,job_3815,3815,257,427,7
10867,job_3816,3816,313,396,20
10873,job_3817,3817,204,610,9
10883,job_3818,3818,367,626,12
10884,job_3819,3819,1335,2421,48
10892,job_3820,3820,280,606,18
10896,job_3821,3821,286,525,20
10896,job_3822,3822,1367,1976,26
10898,job_3823,3823,474,368,12
10902,job_3824,3824,100,777,10
10910,job_3825,3825,284,559,19
10912,job_3826,3826,140,548,11
10922,job_3827,3827,370,676,10
10929,job_3828,3828,220,686,10
10934,job_3829,3829,181,440,14
10943,job_3830,3830,459,442,5
10946,job_3831,3831,210,532,15
10951,job_3832,3832,320,618,15
10959,job_3833,3833,383,356,13
10965,job_3834,3834,253,603,6
10970,job_3835,3835,239,454,20
10973,job_3836,3836,525,567,8
10981,job_3837,3837,322,534,7
10991,job_3838,3838,175,451,17
10999,job_3839,3839,366,570,16
11007,job_3840,3840,193,484,8
11012,job_3841,3841,249,441,13
11022,job_3842,3842,377,549,13
11026,job_3843,3843,279,538,8
11028,job_3844,3844,1274,1444,23
11038,job_3845,3845,224,592,8
11038,job_3846,3846,1351,2384,30
11042,job_3847,3847,340,597,12
11044,job_3848,3848,367,490,11
11054,job_3849,3849,213,346,17
11062,job_3850,3850,226,467,10
11066,job_3851,3851,232,525,17
11074,job_3852,3852,264,524,12
11083,job_3853,3853,282,645,9
11091,job_3854,3854,433,714,7
11098,job_3855,3855,331,539,20
11101,job_3856,3856,100,511,15
11111,job_3857,3857,290,628,13
11120,job_3858,3858,267,390,14
11122,job_3859,3859,348,609,7
11132,job_3860,3860,341,593,13
11135,job_3861,3861,100,396,5
11143,job_3862,3862,320,658,19
11145,job_3863,3863,1250,1720,17
11150,job_3864,3864,233,566,20
11156,job_3865,3865,191,630,16
11164,job_3866,3866,525,549,5
11174,job_3867,3867,339,534,19
11182,job_3868,3868,216,565,7
11187,job_3869,3869,438,428,5
11189,job_3870,3870,1322,2453,37
11189,job_3871,3871,806,1482,16
11191,job_3872,3872,389,511,11
11200,job_3873,3873,240,605,18
11210,job_3874,3874,195,423,9
11216,job_3875,3875,452,491,18
11223,job_3876,3876,497,452,11
11224,job_3877,3877,1385,2485,40
11230,job_3878,3878,115,600,11
11232,job_3879,3879,137,453,11
11236,job_3880,3880,184,406,20
11246,job_3881,3881,263,556,5
11250,job_3882,3882,433,668,8
11254,job_3883,3883,225,464,6
11257,job_3884,3884,249,466,15
11265,job_3885,3885,191,704,16
11271,job_3886,3886,273,623,20
11272,job_3887,3887,1306,2549,18
11276,job_3888,3888,490,443,13
11279,job_3889,3889,293,719,8
11281,job_3890,3890,424,670,17
11288,job_3891,3891,278,451,7
11292,job_3892,3892,362,621,12
11296,job_3893,3893,416,569,11
11302,job_3894,3894,466,637,14
11311,job_3895,3895,384,341,14
11318,job_3896,3896,421,677,11
11327,job_3897,3897,238,481,5
11330,job_3898,3898,263,462,16
11332,job_3899,3899,940,1787,25
11342,job_3900,3900,353,478,14
11345,job_3901,3901,416,517,15
11354,job_3902,3902,330,439,9
11361,job_3903,3903,322,539,19
11365,job_3904,3904,380,550,14
11372,job_3905,3905,208,508,11
11374,job_3906,3906,243,732,14
11376,job_3907,3907,1083,2921,31
11384,job_3908,3908,290,506,17
11390,job_3909,3909,100,437,20
11393,job_3910,3910,289,611,20
11398,job_3911,3911,356,507,11
11405,job_3912,3912,411,396,16
11407,job_3913,3913,370,395,10
11407,job_3914,3914,1409,1824,23
11409,job_3915,3915,284,424,17
11414,job_3916,3916,243,531,18
11416,job_3917,3917,375,505,15
11424,job_3918,3918,379,454,6
11430,job_3919,3919,301,508,13
11434,job_3920,3920,420,456,5
11444,job_3921,3921,233,502,19
11448,job_3922,3922,205,414,15
11452,job_3923,3923,467,397,5
11457,job_3924,3924,201,565,6
11462,job_3925,3925,244,457,14
11462,job_3926,3926,1355,1884,24
11464,job_3927,3927,319,677,17
11469,job_3928,3928,528,539,9
11479,job_3929,3929,406,374,11
11488,job_3930,3930,201,547,16
11488,job_3931,3931,688,2370,13
11491,job_3932,3932,315,686,18
11493,job_3933,3933,319,497,9
11498,job_3934,3934,142,557,17
11498,job_3935,3935,1583,2757,24
11500,job_3936,3936,342,310,12
11509,job_3937,3937,363,734,11
11517,job_3938,3938,294,463,20
11525,job_3939,3939,271,381,18
11535,job_3940,3940,340,580,7
11543,job_3941,3941,279,585,10
11553,job_3942,3942,464,552,14
11559,job_3943,3943,280,358,20
11560,job_3944,3944,680,1888,13
11564,job_3945,3945,206,300,12
11570,job_3946,3946,276,531,11
11574,job_3947,3947,494,665,13
11579,job_3948,3948,306,553,20
11588,job_3949,3949,426,696,14
11588,job_3950,3950,1623,2353,48
11594,job_3951,3951,344,547,11
11603,job_3952,3952,287,387,17
11612,job_3953,3953,409,628,14
11619,job_3954,3954,276,463,16
11624,job_3955,3955,449,765,14
11625,job_3956,3956,1062,1416,42
11629,job_3957,3957,117,463,18
11635,job_3958,3958,223,521,19
11635,job_3959,3959,1212,1178,48
11644,job_3960,3960,365,388,12
11647,job_3961,3961,376,425,7
11649,job_3962,3962,229,510,8
11656,job_3963,3963,217,637,10
11662,job_3964,3964,200,509,15
11665,job_3965,3965,385,319,14
11671,job_3966,3966,302,560,13
11676,job_3967,3967,388,472,20
11685,job_3968,3968,343,528,16
11687,job_3969,3969,268,512,6
11694,job_3970,3970,520,376,16
11702,job_3971,3971,254,640,9
11708,job_3972,3972,375,654,14
11714,job_3973,3973,407,501,8
11717,job_3974,3974,400,775,19
11719,job_3975,3975,283,353,11
11723,job_3976,3976,230,544,6
11726,job_3977,3977,317,568,17
11729,job_3978,3978,360,386,15
11729,job_3979,3979,1463,1828,29
11739,job_3980,3980,173,384,15
11741,job_3981,3981,1646,1644,37
11749,job_3982,3982,403,583,7
11754,job_3983,3983,231,485,12
11757,job_3984,3984,425,591,9
11767,job_3985,3985,399,591,15
11770,job_3986,3986,208,669,18
11771,job_3987,3987,507,2251,18
11774,job_3988,3988,513,428,8
11778,job_3989,3989,307,647,12
11782,job_3990,3990,100,603,9
11785,job_3991,3991,154,405,15
11788,job_3992,3992,220,474,17
11796,job_3993,3993,328,282,15
11805,job_3994,3994,286,452,13
11807,job_3995,3995,237,543,20
11814,job_3996,3996,455,481,19
11821,job_3997,3997,483,363,14
11831,job_3998,3998,117,511,12
11833,job_3999,3999,1105,2174,33
11838,job_4000,4000,285,319,15
11843,job_4001,4001,105,488,15
11846,job_4002,4002,241,513,14
11848,job_4003,4003,1092,2282,40
11857,job_4004,4004,310,552,16
11864,job_4005,4005,157,311,18
11874,job_4006,4006,378,665,13
11882,job_4007,4007,257,546,14
11885,job_4008,4008,183,369,13
11895,job_4009,4009,256,745,9
11903,job_4010,4010,289,520,7
11913,job_4011,4011,354,509,10
11916,job_4012,4012,325,498,15
11919,job_4013,4013,282,497,7
11926,job_4014,4014,199,601,16
11930,job_4015,4015,340,426,8
11939,job_4016,4016,274,423,11
11939,job_4017,4017,1085,1957,50
11940,job_4018,4018,1238,1977,25
11949,job_4019,4019,384,529,18
11951,job_4020,4020,383,516,11
11954,job_4021,4021,133,505,15
11959,job_4022,4022,325,631,13
11966,job_4023,4023,460,565,20
11969,job_4024,4024,295,466,9
11972,job_4025,4025,112,505,15
11975,job_4026,4026,401,281,15
11978,job_4027,4027,313,644,17
11985,job_4028,4028,236,519,12
11993,job_4029,4029,260,581,10
11996,job_4030,4030,204,394,19
12006,job_4031,4031,339,500,14
12010,job_4032,4032,276,307,17
12017,job_4033,4033,295,686,18
12026,job_4034,4034,450,527,10
12031,job_4035,4035,263,422,9
12036,job_4036,4036,403,604,9
12044,job_4037,4037,363,447,10
12048,job_4038,4038,480,482,8
12057,job_4039,4039,315,466,18
12066,job_4040,4040,379,509,5
12070,job_4041,4041,350,659,14
12072,job_4042,4042,241,521,18
12074,job_4043,4043,1325,1937,15
12083,job_4044,4044,289,439,7
12088,job_4045,4045,395,301,5
12091,job_4046,4046,409,483,19
12095,job_4047,4047,255,477,17
12097,job_4048,4048,286,688,15
12103,job_4049,4049,586,480,16
12112,job_4050,4050,253,659,12
12121,job_4051,4051,256,620,15
12124,job_4052,4052,217,649,20
12134,job_4053,4053,158,501,14
12137,job_4054,4054,336,503,17
12137,job_4055,4055,981,1151,48
12144,job_4056,4056,188,490,19
12153,job_4057,4057,136,542,5
12155,job_4058,4058,346,467,15
12159,job_4059,4059,247,314,11
12162,job_4060,4060,114,376,8
12164,job_4061,4061,196,480,5
12165,job_4062,4062,1109,1704,34
12166,job_4063,4063,1120,1846,23
12168,job_4064,4064,1414,1169,31
12176,job_4065,4065,314,426,9
12180,job_4066,4066,426,553,19
12189,job_4067,4067,284,611,13
12196,job_4068,4068,338,508,9
12205,job_4069,4069,448,612,8
12208,job_4070,4070,251,585,11
12210,job_4071,4071,436,503,19
12218,job_4072,4072,442,496,17
12223,job_4073,4073,100,506,16
12233,job_4074,4074,348,581,9
12236,job_4075,4075,388,484,12
12242,job_4076,4076,122,615,19
12252,job_4077,4077,239,449,8
12258,job_4078,4078,353,459,7
12268,job_4079,4079,229,578,14
12276,job_4080,4080,230,574,12
12276,job_4081,4081,1109,2242,16
12286,job_4082,4082,284,464,10
12291,job_4083,4083,474,619,14
12296,job_4084,4084,248,489,19
12302,job_4085,4085,388,432,13
12312,job_4086,4086,242,384,7
12314,job_4087,4087,100,652,10
12316,job_4088,4088,287,446,19
12318,job_4089,4089,372,551,8
12321,job_4090,4090,250,449,14
12328,job_4091,4091,321,413,19
12335,job_4092,4092,181,463,14
12342,job_4093,4093,555,735,12
12352,job_4094,4094,450,508,17
12353,job_4095,4095,762,2076,50
12362,job_4096,4096,373,472,14
12368,job_4097,4097,427,510,7
12376,job_4098,4098,370,449,17
12379,job_4099,4099,190,464,6
12389,job_4100,4100,398,287,15
12397,job_4101,4101,260,547,10
12399,job_4102,4102,233,283,19
12401,job_4103,4103,990,1410,34
12408,job_4104,4104,241,488,10
12409,job_4105,4105,1188,2372,34
12415,job_4106,4106,192,431,20
12417,job_4107,4107,426,401,17
12425,job_4108,4108,347,529,8
12431,job_4109,4109,100,506,15
12436,job_4110,4110,213,557,7
12441,job_4111,4111,418,478,19
12444,job_4112,4112,300,686,7
12451,job_4113,4113,363,486,13
12459,job_4114,4114,340,576,14
12462,job_4115,4115,299,380,7
12471,job_4116,4116,389,515,8
12475,job_4117,4117,223,522,8
12475,job_4118,4118,1224,950,28
12482,job_4119,4119,294,500,19
12487,job_4120,4120,303,290,8
12491,job_4121,4121,354,525,14
12491,job_4122,4122,1020,1994,29
12498,job_4123,4123,433,482,11
12500,job_4124,4124,1540,2656,35
12510,job_4125,4125,215,547,11
12515,job_4126,4126,413,379,15
12524,job_4127,4127,268,359,8
12527,job_4128,4128,228,500,8
12531,job_4129,4129,205,394,12
12539,job_4130,4130,257,397,12
12544,job_4131,4131,100,231,7
12551,job_4132,4132,222,577,20
12561,job_4133,4133,432,624,14
12562,job_4134,4134,947,2942,47
12564,job_4135,4135,245,463,16
12567,job_4136,4136,462,530,10
12572,job_4137,4137,420,515,19
12578,job_4138,4138,219,551,19
12580,job_4139,4139,1555,3010,19
12581,job_4140,4140,1326,1720,22
12584,job_4141,4141,340,711,5
12586,job_4142,4142,339,429,7
12590,job_4143,4143,349,507,14
12594,job_4144,4144,407,520,12
12596,job_4145,4145,382,583,12
12606,job_4146,4146,184,520,5
12615,job_4147,4147,321,455,20
12622,job_4148,4148,397,434,13
12630,job_4149,4149,219,543,9
12633,job_4150,4150,275,383,9
12643,job_4151,4151,276,533,17
12651,job_4152,4152,336,561,7
12656,job_4153,4153,198,557,9
12658,job_4154,4154,1328,2037,37
12667,job_4155,4155,350,413,6
12671,job_4156,4156,379,599,16
12680,job_4157,4157,274,386,9
12686,job_4158,4158,241,407,18
12695,job_4159,4159,290,548,20
12703,job_4160,4160,152,606,6
12705,job_4161,4161,100,568,11
12715,job_4162,4162,171,548,14
12721,job_4163,4163,207,583,16
12727,job_4164,4164,255,413,18
12737,job_4165,4165,262,520,13
12740,job_4166,4166,443,618,14
12750,job_4167,4167,274,509,8
12751,job_4168,4168,1049,627,30
12751,job_4169,4169,822,1623,27
12755,job_4170,4170,300,543,8
12764,job_4171,4171,350,518,13
12769,job_4172,4172,320,478,19
12777,job_4173,4173,290,647,12
12785,job_4174,4174,331,568,7
12794,job_4175,4175,302,545,15
12799,job_4176,4176,366,234,9
12804,job_4177,4177,216,519,6
12805,job_4178,4178,795,2190,39
12806,job_4179,4179,1456,1863,33
12814,job_4180,4180,260,619,11
12816,job_4181,4181,371,504,14
12818,job_4182,4182,255,473,6
12826,job_4183,4183,245,457,10
12835,job_4184,4184,101,571,10
12844,job_4185,4185,368,548,19
12852,job_4186,4186,361,558,18
12862,job_4187,4187,280,371,16
12865,job_4188,4188,232,334,13
12867,job_4189,4189,716,1209,15
12871,job_4190,4190,357,636,9
12880,job_4191,4191,296,597,17
12890,job_4192,4192,174,488,7
12898,job_4193,4193,314,510,13
12900,job_4194,4194,300,410,19
12902,job_4195,4195,290,410,16
12907,job_4196,4196,286,454,13
12917,job_4197,4197,340,485,16
12922,job_4198,4198,318,630,7
12925,job_4199,4199,107,552,15
12932,job_4200,4200,288,576,6
12940,job_4201,4201,353,690,18
12950,job_4202,4202,388,427,11
12955,job_4203,4203,209,733,7
12961,job_4204,4204,159,554,7
12967,job_4205,4205,519,488,20
12976,job_4206,4206,383,425,6
12979,job_4207,4207,328,358,18
12984,job_4208,4208,248,564,9
12986,job_4209,4209,1285,2326,23
12989,job_4210,4210,417,568,10
12992,job_4211,4211,387,348,10
13001,job_4212,4212,363,577,8
13009,job_4213,4213,247,253,5
13015,job_4214,4214,205,407,18
13022,job_4215,4215,247,618,11
13023,job_4216,4216,1403,1485,20
13025,job_4217,4217,341,511,15
13035,job_4218,4218,231,501,7
13038,job_4219,4219,192,561,5
13048,job_4220,4220,286,669,7
13050,job_4221,4221,265,299,10
13058,job_4222,4222,106,487,8
13066,job_4223,4223,198,297,9
13072,job_4224,4224,437,493,7
13077,job_4225,4225,305,469,10
13085,job_4226,4226,347,375,10
13090,job_4227,4227,237,534,17
13096,job_4228,4228,216,577,17
13106,job_4229,4229,226,548,12
13111,job_4230,4230,309,753,12
13119,job_4231,4231,281,465,19
13121,job_4232,4232,1089,2460,11
13131,job_4233,4233,232,488,7
13133,job_4234,4234,346,583,11
13141,job_4235,4235,292,570,14
13149,job_4236,4236,269,638,19
13155,job_4237,4237,330,373,20
13165,job_4238,4238,294,546,8
13169,job_4239,4239,201,620,9
13176,job_4240,4240,214,390,10
13184,job_4241,4241,241,501,17
13188,job_4242,4242,268,468,14
13197,job_4243,4243,278,545,5
13199,job_4244,4244,1315,1374,37
13199,job_4245,4245,894,1461,22
13205,job_4246,4246,317,542,7
13207,job_4247,4247,1304,1966,45
13216,job_4248,4248,247,420,6
13224,job_4249,4249,197,323,11
13224,job_4250,4250,1149,2597,29
13226,job_4251,4251,375,571,11
13228,job_4252,4252,282,525,10
13231,job_4253,4253,123,437,7
13239,job_4254,4254,190,466,7
13247,job_4255,4255,381,387,7
13247,job_4256,4256,1584,2282,45
13248,job_4257,4257,1550,2200,21
13252,job_4258,4258,354,601,13
13262,job_4259,4259,153,533,16
13269,job_4260,4260,325,518,7
13274,job_4261,4261,270,442,5
13283,job_4262,4262,292,370,18
13283,job_4263,4263,1488,1723,11
13290,job_4264,4264,246,337,12
13292,job_4265,4265,396,558,18
13297,job_4266,4266,369,351,14
13307,job_4267,4267,295,509,6
13313,job_4268,4268,302,381,7
13315,job_4269,4269,171,602,10
13319,job_4270,4270,268,422,15
13325,job_4271,4271,351,552,19
13332,job_4272,4272,334,529,11
13342,job_4273,4273,246,544,18
13346,job_4274,4274,166,541,18
13349,job_4275,4275,274,499,9
13356,job_4276,4276,482,351,11
13362,job_4277,4277,187,561,14
13364,job_4278,4278,248,543,20
13368,job_4279,4279,288,524,12
13371,job_4280,4280,382,226,11
13373,job_4281,4281,491,529,18
13376,job_4282,4282,432,443,8
13378,job_4283,4283,196,684,9
13381,job_4284,4284,197,529,20
13390,job_4285,4285,165,482,19
13393,job_4286,4286,344,519,16
13395,job_4287,4287,1302,1872,39
13397,job_4288,4288,483,537,6
13404,job_4289,4289,285,295,13
13406,job_4290,4290,1162,2410,38
13406,job_4291,4291,1487,2393,43
13409,job_4292,4292,544,592,9
13417,job_4293,4293,289,549,5
13427,job_4294,4294,443,533,18
13431,job_4295,4295,403,612,9
13433,job_4296,4296,188,577,17
13443,job_4297,4297,367,505,19
13448,job_4298,4298,159,654,16
13458,job_4299,4299,293,533,17
13460,job_4300,4300,365,532,9
13469,job_4301,4301,314,505,6
13469,job_4302,4302,1262,2262,29
13477,job_4303,4303,209,584,7
13483,job_4304,4304,197,539,19
13487,job_4305,4305,532,599,7
13497,job_4306,4306,209,474,19
13497,job_4307,4307,1082,3298,12
13502,job_4308,4308,495,687,19
13511,job_4309,4309,407,872,10
13517,job_4310,4310,472,524,10
13521,job_4311,4311,470,567,8
13531,job_4312,4312,276,674,20
13538,job_4313,4313,290,436,19
13538,job_4314,4314,1147,2417,46
13542,job_4315,4315,332,534,13
13545,job_4316,4316,255,601,5
13554,job_4317,4317,192,719,18
13556,job_4318,4318,396,503,5
13565,job_4319,4319,368,562,9
13568,job_4320,4320,243,309,10
13571,job_4321,4321,372,454,20
13577,job_4322,4322,273,434,15
13585,job_4323,4323,440,606,13
13587,job_4324,4324,1266,1829,14
13590,job_4325,4325,204,533,15
13592,job_4326,4326,1419,1969,25
13596,job_4327,4327,290,351,10
13603,job_4328,4328,313,665,6
13605,job_4329,4329,256,441,6
13614,job_4330,4330,382,605,14
13619,job_4331,4331,287,521,6
13627,job_4332,4332,383,596,13
13631,job_4333,4333,151,679,11
13634,job_4334,4334,253,668,12
13636,job_4335,4335,231,450,10
13642,job_4336,4336,595,375,18
13644,job_4337,4337,274,529,20
13645,job_4338,4338,1147,2074,50
13650,job_4339,4339,271,441,19
13653,job_4340,4340,176,552,8
13656,job_4341,4341,253,425,6
13660,job_4342,4342,363,490,11
13661,job_4343,4343,1352,2637,16
13671,job_4344,4344,358,608,20
13678,job_4345,4345,257,595,5
13678,job_4346,4346,739,1775,35
13681,job_4347,4347,383,347,5
13689,job_4348,4348,537,551,6
13695,job_4349,4349,292,388,6
13703,job_4350,4350,286,461,9
13711,job_4351,4351,303,531,19
13717,job_4352,4352,241,718,13
13721,job_4353,4353,320,556,20
13722,job_4354,4354,1040,1670,34
13725,job_4355,4355,271,522,8
13727,job_4356,4356,353,577,12
13737,job_4357,4357,381,309,19
13738,job_4358,4358,1463,1339,35
13741,job_4359,4359,266,629,7
13741,job_4360,4360,1329,2146,29
13749,job_4361,4361,458,445,5
13749,job_4362,4362,1065,2005,34
13753,job_4363,4363,160,499,12
13755,job_4364,4364,430,410,5
13764,job_4365,4365,109,624,19
13766,job_4366,4366,1158,2130,47
13768,job_4367,4367,408,501,15
13770,job_4368,4368,1173,3118,14
13772,job_4369,4369,591,755,19
13772,job_4370,4370,1009,2058,34
13779,job_4371,4371,119,640,19
13783,job_4372,4372,100,550,6
13787,job_4373,4373,412,543,12
13793,job_4374,4374,461,641,7
13795,job_4375,4375,1426,2454,48
13801,job_4376,4376,314,703,16
13807,job_4377,4377,277,783,9
13817,job_4378,4378,215,560,6
13818,job_4379,4379,1211,2636,23
13818,job_4380,4380,931,1512,21
13823,job_4381,4381,418,424,16
13831,job_4382,4382,155,393,7
13841,job_4383,4383,440,290,9
13847,job_4384,4384,286,561,15
13851,job_4385,4385,177,409,14
13853,job_4386,4386,296,384,13
13856,job_4387,4387,293,598,7
13866,job_4388,4388,500,578,7
13873,job_4389,4389,339,513,15
13873,job_4390,4390,1328,2428,26
13873,job_4391,4391,1070,2495,20
13881,job_4392,4392,174,576,13
13891,job_4393,4393,341,562,14
13892,job_4394,4394,1182,1682,19
13895,job_4395,4395,276,546,11
13904,job_4396,4396,433,526,9
13907,job_4397,4397,531,495,16
13909,job_4398,4398,1317,770,37
13913,job_4399,4399,394,594,17
13923,job_4400,4400,232,491,12
13925,job_4401,4401,981,2207,29
13928,job_4402,4402,210,634,8
13930,job_4403,4403,246,460,18
13936,job_4404,4404,373,590,7
13945,job_4405,4405,306,466,17
13947,job_4406,4406,258,583,5
13949,job_4407,4407,100,305,8
13959,job_4408,4408,335,821,17
13963,job_4409,4409,247,444,15
13970,job_4410,4410,100,564,7
13980,job_4411,4411,369,517,20
13982,job_4412,4412,1157,2209,33
13983,job_4413,4413,1290,1911,48
13992,job_4414,4414,342,480,19
13993,job_4415,4415,1316,2738,22
13993,job_4416,4416,1235,2126,12
13995,job_4417,4417,1338,2360,40
13997,job_4418,4418,388,3002,18
14003,job_4419,4419,112,503,17
14008,job_4420,4420,336,592,10
14010,job_4421,4421,462,497,10
14017,job_4422,4422,267,429,16
14018,job_4423,4423,1330,2208,43
14026,job_4424,4424,264,484,5
14033,job_4425,4425,320,618,13
14042,job_4426,4426,342,566,5
14052,job_4427,4427,159,505,7
14054,job_4428,4428,1548,2377,41
14056,job_4429,4429,103,538,14
14062,job_4430,4430,247,353,10
14065,job_4431,4431,376,487,20
14067,job_4432,4432,1413,2049,38
14076,job_4433,4433,239,351,5
14079,job_4434,4434,360,568,11
14083,job_4435,4435,314,511,6
14092,job_4436,4436,191,437,5
14093,job_4437,4437,1208,1671,19
14103,job_4438,4438,297,672,11
14106,job_4439,4439,187,599,17
14107,job_4440,4440,977,2685,42
14109,job_4441,4441,1397,2125,37
14110,job_4442,4442,770,1632,34
14120,job_4443,4443,179,611,13
14123,job_4444,4444,214,431,19
14131,job_4445,4445,347,554,13
14135,job_4446,4446,317,503,10
14139,job_4447,4447,478,520,15
14145,job_4448,4448,378,522,5
14155,job_4449,4449,133,579,18
14160,job_4450,4450,314,634,16
14170,job_4451,4451,385,537,13
14170,job_4452,4452,1082,1064,10
14172,job_4453,4453,255,334,12
14178,job_4454,4454,220,482,9
14183,job_4455,4455,375,432,13
14190,job_4456,4456,448,538,15
14196,job_4457,4457,385,534,14
14205,job_4458,4458,256,524,14
14215,job_4459,4459,369,563,7
14222,job_4460,4460,470,462,6
14230,job_4461,4461,313,542,17
14232,job_4462,4462,501,458,16
14233,job_4463,4463,1281,1600,46
14234,job_4464,4464,2084,2011,31
14236,job_4465,4465,1144,1464,25
14243,job_4466,4466,310,476,13
14245,job_4467,4467,269,467,5
14251,job_4468,4468,379,330,19
14254,job_4469,4469,268,520,8
14263,job_4470,4470,313,523,15
14269,job_4471,4471,419,412,12
14275,job_4472,4472,261,478,10
14277,job_4473,4473,333,576,18
14279,job_4474,4474,1532,1823,20
14281,job_4475,4475,443,560,16
14282,job_4476,4476,1491,2100,38
14288,job_4477,4477,402,431,12
14290,job_4478,4478,379,446,17
14291,job_4479,4479,1138,2345,48
14298,job_4480,4480,220,486,15
14304,job_4481,4481,313,566,9
14311,job_4482,4482,354,407,17
14315,job_4483,4483,275,448,16
14320,job_4484,4484,169,420,9
14326,job_4485,4485,257,615,8
14335,job_4486,4486,418,460,5
14337,job_4487,4487,676,1926,45
14341,job_4488,4488,190,546,17
14348,job_4489,4489,171,396,18
14353,job_4490,4490,100,543,6
14357,job_4491,4491,271,613,18
14357,job_4492,4492,1034,2655,12
14361,job_4493,4493,303,380,7
14368,job_4494,4494,210,434,10
14378,job_4495,4495,319,412,17
14387,job_4496,4496,222,456,12
14388,job_4497,4497,991,2094,10
14393,job_4498,4498,239,528,17
14398,job_4499,4499,229,460,12
14407,job_4500,4500,247,523,8
14412,job_4501,4501,316,489,18
14416,job_4502,4502,449,497,15
14416,job_4503,4503,1519,1679,23
14425,job_4504,4504,288,464,19
14434,job_4505,4505,239,615,16
14442,job_4506,4506,350,458,11
14449,job_4507,4507,166,480,18
14451,job_4508,4508,1113,2206,43
14451,job_4509,4509,923,2649,18
14456,job_4510,4510,312,307,19
14462,job_4511,4511,494,508,11
14467,job_4512,4512,324,271,13
14471,job_4513,4513,100,591,7
14473,job_4514,4514,391,570,19
14475,job_4515,4515,867,1709,37
14480,job_4516,4516,374,517,7
14482,job_4517,4517,1663,2348,32
14491,job_4518,4518,202,532,20
14501,job_4519,4519,269,612,19
14504,job_4520,4520,501,619,7
14507,job_4521,4521,277,488,7
14508,job_4522,4522,1083,2977,20
14510,job_4523,4523,1454,1689,47
14517,job_4524,4524,219,546,8
14526,job_4525,4525,223,435,10
14529,job_4526,4526,347,586,12
14535,job_4527,4527,271,698,17
14537,job_4528,4528,1842,1753,22
14543,job_4529,4529,280,480,7
14552,job_4530,4530,374,560,11
14562,job_4531,4531,208,629,8
14570,job_4532,4532,213,561,17
14571,job_4533,4533,672,1579,27
14574,job_4534,4534,294,474,6
14584,job_4535,4535,237,633,15
14591,job_4536,4536,289,376,17
14591,job_4537,4537,1241,2866,38
14599,job_4538,4538,367,529,14
14599,job_4539,4539,1158,1654,14
14607,job_4540,4540,414,385,16
14609,job_4541,4541,147,349,18
14609,job_4542,4542,1502,1014,27
14618,job_4543,4543,262,541,18
14620,job_4544,4544,388,522,5
14630,job_4545,4545,422,406,10
14638,job_4546,4546,320,526,16
14639,job_4547,4547,1365,1566,23
14639,job_4548,4548,841,2042,23
14646,job_4549,4549,347,513,10
14649,job_4550,4550,287,406,13
14651,job_4551,4551,292,499,14
14653,job_4552,4552,1419,1007,35
14656,job_4553,4553,276,667,20
14656,job_4554,4554,857,1923,35
14661,job_4555,4555,269,469,5
14665,job_4556,4556,375,506,11
14665,job_4557,4557,1083,2252,34
14671,job_4558,4558,245,512,11
14672,job_4559,4559,1267,2337,42
14673,job_4560,4560,1140,2090,28
14675,job_4561,4561,1146,2426,36
14682,job_4562,4562,259,745,6
14684,job_4563,4563,251,537,16
14690,job_4564,4564,100,500,12
14694,job_4565,4565,419,570,7
14703,job_4566,4566,153,351,6
14705,job_4567,4567,1244,1294,34
14712,job_4568,4568,187,629,11
14719,job_4569,4569,324,563,6
14729,job_4570,4570,248,478,8
14735,job_4571,4571,190,550,20
14736,job_4572,4572,1796,1815,34
14738,job_4573,4573,1603,2057,23
14738,job_4574,4574,1119,1322,37
14740,job_4575,4575,762,1804,50
14743,job_4576,4576,278,577,7
14749,job_4577,4577,411,751,13
14754,job_4578,4578,445,505,14
14755,job_4579,4579,839,2762,13
14757,job_4580,4580,230,689,8
14764,job_4581,4581,168,465,20
14768,job_4582,4582,481,425,6
14769,job_4583,4583,935,2180,24
14774,job_4584,4584,391,691,5
14779,job_4585,4585,453,505,7
14781,job_4586,4586,890,1630,48
14789,job_4587,4587,302,413,16
14790,job_4588,4588,1451,1225,32
14792,job_4589,4589,378,566,14
14795,job_4590,4590,261,552,8
14799,job_4591,4591,293,540,14
14804,job_4592,4592,100,646,9
14804,job_4593,4593,1555,1887,13
14814,job_4594,4594,307,496,12
14824,job_4595,4595,381,521,17
14826,job_4596,4596,1215,1253,33
14832,job_4597,4597,148,565,18
14838,job_4598,4598,300,461,16
14842,job_4599,4599,260,478,15
14842,job_4600,4600,1701,1824,44
14842,job_4601,4601,1148,1532,29
14851,job_4602,4602,100,467,18
14854,job_4603,4603,327,511,5
14864,job_4604,4604,235,588,13
14869,job_4605,4605,266,606,15
14871,job_4606,4606,1051,1776,10
14877,job_4607,4607,397,505,13
14884,job_4608,4608,204,550,18
14886,job_4609,4609,954,2634,41
14896,job_4610,4610,270,334,16
14904,job_4611,4611,358,569,13
14906,job_4612,4612,387,352,19
14914,job_4613,4613,388,466,10
14923,job_4614,4614,209,496,14
14926,job_4615,4615,266,523,13
14928,job_4616,4616,129,580,10
14935,job_4617,4617,202,523,15
14939,job_4618,4618,370,538,15
14944,job_4619,4619,348,457,18
14946,job_4620,4620,115,559,6
14947,job_4621,4621,1179,2283,19
14948,job_4622,4622,1496,1621,38
14949,job_4623,4623,1097,2560,33
14951,job_4624,4624,787,2542,24
14957,job_4625,4625,375,628,15
14960,job_4626,4626,408,474,6
14962,job_4627,4627,985,1646,14
14971,job_4628,4628,470,665,7
14976,job_4629,4629,349,337,12
14978,job_4630,4630,1436,1818,18
14978,job_4631,4631,889,1490,16
14980,job_4632,4632,466,543,11
14985,job_4633,4633,278,629,12
14987,job_4634,4634,181,450,7
14991,job_4635,4635,335,526,14
14995,job_4636,4636,317,440,12
14996,job_4637,4637,1070,1388,35
14997,job_4638,4638,1162,3263,40
15000,job_4639,4639,395,466,6
15004,job_4640,4640,250,533,13
15011,job_4641,4641,289,464,17
15018,job_4642,4642,217,395,14
15026,job_4643,4643,233,569,9
15029,job_4644,4644,399,318,9
15039,job_4645,4645,170,494,11
15040,job_4646,4646,1567,1780,13
15050,job_4647,4647,425,398,5
15050,job_4648,4648,765,1773,28
15050,job_4649,4649,1133,1622,16
15060,job_4650,4650,270,515,12
15062,job_4651,4651,370,493,10
15065,job_4652,4652,315,684,16
15067,job_4653,4653,660,1441,41
15076,job_4654,4654,260,578,7
15077,job_4655,4655,1201,1251,25
15080,job_4656,4656,227,555,20
15080,job_4657,4657,1237,2145,11
15084,job_4658,4658,310,493,11
15087,job_4659,4659,318,617,14
15093,job_4660,4660,473,549,17
15096,job_4661,4661,365,459,17
15106,job_4662,4662,379,479,18
15113,job_4663,4663,354,430,15
15122,job_4664,4664,383,763,16
15131,job_4665,4665,384,520,7
15138,job_4666,4666,322,472,20
15138,job_4667,4667,967,2594,23
15139,job_4668,4668,1295,2434,28
15143,job_4669,4669,247,434,18
15148,job_4670,4670,132,355,20
15156,job_4671,4671,296,575,12
15158,job_4672,4672,1193,2456,32
15166,job_4673,4673,447,581,5
15169,job_4674,4674,317,687,20
15174,job_4675,4675,132,515,10
15176,job_4676,4676,197,540,19
15181,job_4677,4677,261,246,9
15189,job_4678,4678,281,768,11
15197,job_4679,4679,224,474,20
15201,job_4680,4680,295,373,14
15209,job_4681,4681,397,676,13
15217,job_4682,4682,427,715,6
15221,job_4683,4683,229,563,15
15221,job_4684,4684,1462,2378,49
15221,job_4685,4685,919,1612,20
15228,job_4686,4686,390,560,11
15238,job_4687,4687,393,521,8
15239,job_4688,4688,692,2003,35
15245,job_4689,4689,345,591,20
15247,job_4690,4690,160,481,7
15251,job_4691,4691,292,549,8
15258,job_4692,4692,310,534,17
15265,job_4693,4693,294,515,18
15272,job_4694,4694,447,546,20
15273,job_4695,4695,1469,741,45
15278,job_4696,4696,474,429,5
15283,job_4697,4697,421,578,10
15283,job_4698,4698,823,1321,28
15288,job_4699,4699,250,444,6
15296,job_4700,4700,332,638,15
15298,job_4701,4701,1578,1775,41
15301,job_4702,4702,264,426,13
15304,job_4703,4703,436,474,9
15309,job_4704,4704,159,576,10
15309,job_4705,4705,857,2543,39
15315,job_4706,4706,191,409,5
15322,job_4707,4707,414,650,8
15326,job_4708,4708,290,514,17
15326,job_4709,4709,933,1141,14
15328,job_4710,4710,282,441,15
15336,job_4711,4711,437,467,19
15341,job_4712,4712,422,408,20
15343,job_4713,4713,662,1903,21
15349,job_4714,4714,245,436,12
15351,job_4715,4715,746,1817,38
15352,job_4716,4716,1373,1799,34
15355,job_4717,4717,218,398,13
15362,job_4718,4718,213,285,15
15368,job_4719,4719,444,430,20
15368,job_4720,4720,1118,1770,27
15369,job_4721,4721,993,1531,18
15379,job_4722,4722,249,578,18
15383,job_4723,4723,140,534,15
15385,job_4724,4724,955,2230,31
15387,job_4725,4725,1211,2598,44
15392,job_4726,4726,245,388,17
15401,job_4727,4727,174,607,18
15402,job_4728,4728,696,1213,47
15408,job_4729,4729,224,673,7
15408,job_4730,4730,1251,2809,18
15413,job_4731,4731,142,395,5
15417,job_4732,4732,284,523,17
15421,job_4733,4733,203,613,19
15431,job_4734,4734,317,492,18
15431,job_4735,4735,1023,2098,47
15434,job_4736,4736,343,404,19
15441,job_4737,4737,495,339,15
15451,job_4738,4738,349,465,7
15454,job_4739,4739,222,545,6
15455,job_4740,4740,1054,2739,35
15462,job_4741,4741,396,385,10
15464,job_4742,4742,224,388,9
15473,job_4743,4743,375,636,17
15480,job_4744,4744,383,455,11
15485,job_4745,4745,309,701,14
15485,job_4746,4746,1135,1759,35
15493,job_4747,4747,294,222,9
15495,job_4748,4748,351,427,11
15497,job_4749,4749,446,483,13
15498,job_4750,4750,1020,2033,23
15498,job_4751,4751,885,2270,29
15502,job_4752,4752,357,576,13
15502,job_4753,4753,765,2231,36
15511,job_4754,4754,268,647,17
15519,job_4755,4755,473,606,13
15521,job_4756,4756,338,520,9
15522,job_4757,4757,1219,2366,22
15523,job_4758,4758,757,1901,32
15525,job_4759,4759,1347,2634,17
15532,job_4760,4760,100,623,15
15532,job_4761,4761,1144,2567,45
15534,job_4762,4762,167,404,8
15540,job_4763,4763,190,535,9
15543,job_4764,4764,357,639,17
15546,job_4765,4765,381,611,20
15547,job_4766,4766,848,2607,29
15555,job_4767,4767,270,608,12
15556,job_4768,4768,1501,1531,39
15560,job_4769,4769,131,532,10
15561,job_4770,4770,1417,1637,18
15563,job_4771,4771,1329,1415,41
15564,job_4772,4772,1615,2246,42
15566,job_4773,4773,518,1522,18
15572,job_4774,4774,326,508,16
15580,job_4775,4775,137,381,19
15583,job_4776,4776,144,534,10
15589,job_4777,4777,263,561,9
15593,job_4778,4778,260,444,9
15594,job_4779,4779,1287,2323,40
15603,job_4780,4780,230,558,18
15608,job_4781,4781,109,615,15
15609,job_4782,4782,646,2372,32
15616,job_4783,4783,332,535,9
15617,job_4784,4784,1472,1590,19
15626,job_4785,4785,196,445,10
15628,job_4786,4786,1308,2601,23
15630,job_4787,4787,1105,1594,17
15630,job_4788,4788,1224,2107,15
15632,job_4789,4789,760,2222,13
15634,job_4790,4790,117,441,18
15644,job_4791,4791,257,541,5
15649,job_4792,4792,456,692,19
15654,job_4793,4793,232,526,20
15656,job_4794,4794,1521,2429,16
15658,job_4795,4795,1493,2246,13
15660,job_4796,4796,1006,1310,47
15662,job_4797,4797,100,316,13
15666,job_4798,4798,189,423,14
15676,job_4799,4799,673,493,20
15683,job_4800,4800,287,506,6
15684,job_4801,4801,1370,844,33
15688,job_4802,4802,379,377,6
15696,job_4803,4803,382,525,20
15696,job_4804,4804,1152,1083,47
15704,job_4805,4805,325,573,15
15713,job_4806,4806,300,487,14
15721,job_4807,4807,209,571,9
15731,job_4808,4808,290,529,8
15739,job_4809,4809,450,286,11
15741,job_4810,4810,438,519,8
15743,job_4811,4811,677,2015,27
15748,job_4812,4812,388,580,19
15755,job_4813,4813,396,491,19
15755,job_4814,4814,455,1268,13
15762,job_4815,4815,343,516,8
15765,job_4816,4816,202,322,8
15771,job_4817,4817,252,473,9
15776,job_4818,4818,243,554,6
15781,job_4819,4819,253,621,20
15788,job_4820,4820,273,445,12
15788,job_4821,4821,1017,1823,23
15788,job_4822,4822,898,1728,32
15794,job_4823,4823,504,505,18
15803,job_4824,4824,321,501,16
15810,job_4825,4825,295,569,16
15815,job_4826,4826,145,484,13
15820,job_4827,4827,240,408,16
15822,job_4828,4828,1007,2231,39
15827,job_4829,4829,280,399,7
15827,job_4830,4830,1388,2727,12
15834,job_4831,4831,168,594,16
15842,job_4832,4832,337,494,9
15842,job_4833,4833,1435,1826,21
15844,job_4834,4834,706,2162,48
15846,job_4835,4835,1700,2644,26
15848,job_4836,4836,898,1682,10
15850,job_4837,4837,1041,2189,48
15856,job_4838,4838,371,485,12
15857,job_4839,4839,754,2494,49
15859,job_4840,4840,159,334,15
15868,job_4841,4841,284,481,8
15869,job_4842,4842,1121,3210,50
15871,job_4843,4843,1018,3191,46
15871,job_4844,4844,1338,2110,32
15875,job_4845,4845,204,503,17
15882,job_4846,4846,239,540,18
15890,job_4847,4847,344,488,15
15892,job_4848,4848,1480,1992,35
15892,job_4849,4849,1139,2670,50
15894,job_4850,4850,169,499,6
15904,job_4851,4851,286,505,11
15913,job_4852,4852,178,632,11
15914,job_4853,4853,819,2043,13
15916,job_4854,4854,1735,2399,14
15917,job_4855,4855,897,2497,19
15921,job_4856,4856,299,406,8
15923,job_4857,4857,1051,2134,13
15923,job_4858,4858,1170,1986,30
15924,job_4859,4859,951,1992,23
15924,job_4860,4860,961,2280,10
15926,job_4861,4861,2002,2315,48
15930,job_4862,4862,317,391,10
15934,job_4863,4863,260,352,15
15935,job_4864,4864,1594,2511,40
15935,job_4865,4865,1030,1396,35
15939,job_4866,4866,330,412,20
15940,job_4867,4867,1287,2817,50
15940,job_4868,4868,1367,2277,47
15941,job_4869,4869,1244,1808,39
15942,job_4870,4870,925,2149,22
15944,job_4871,4871,1102,1567,15
15946,job_4872,4872,1287,1836,18
15956,job_4873,4873,379,377,9
15965,job_4874,4874,237,596,10
15966,job_4875,4875,1388,2457,10
15968,job_4876,4876,1305,1736,22
15970,job_4877,4877,1402,1881,31
15970,job_4878,4878,1180,2362,24
15979,job_4879,4879,212,617,16
15985,job_4880,4880,488,497,20
15991,job_4881,4881,387,530,12
15997,job_4882,4882,365,637,9
16006,job_4883,4883,352,483,5
16011,job_4884,4884,318,614,5
16011,job_4885,4885,1417,1649,37
16012,job_4886,4886,829,2000,32
16021,job_4887,4887,372,540,16
16023,job_4888,4888,807,1068,21
16025,job_4889,4889,1142,2447,17
16027,job_4890,4890,1001,1747,28
16029,job_4891,4891,242,543,20
16033,job_4892,4892,297,618,16
16042,job_4893,4893,379,538,16
16049,job_4894,4894,321,408,6
16049,job_4895,4895,743,1803,11
16051,job_4896,4896,1205,2473,36
16055,job_4897,4897,433,411,6
16057,job_4898,4898,1183,1975,43
16059,job_4899,4899,211,567,19
16060,job_4900,4900,1178,2134,33
16062,job_4901,4901,428,700,8
16064,job_4902,4902,1047,1767,12
16070,job_4903,4903,403,632,5
16071,job_4904,4904,967,2630,24
16081,job_4905,4905,243,628,15
16083,job_4906,4906,1501,943,12
16090,job_4907,4907,261,318,6
16096,job_4908,4908,388,570,6
16097,job_4909,4909,848,2844,21
16099,job_4910,4910,1148,3118,18
16101,job_4911,4911,1144,1426,11
16102,job_4912,4912,1613,1947,31
16102,job_4913,4913,1151,2082,44
16112,job_4914,4914,196,718,18
16114,job_4915,4915,1053,1725,28
16123,job_4916,4916,335,595,9
16125,job_4917,4917,1254,2080,47
16128,job_4918,4918,323,688,13
16129,job_4919,4919,874,2833,30
16131,job_4920,4920,1524,2375,32
16132,job_4921,4921,1309,1945,46
16138,job_4922,4922,100,513,10
16140,job_4923,4923,434,555,16
16150,job_4924,4924,297,414,7
16155,job_4925,4925,263,453,7
16155,job_4926,4926,1351,2257,13
16157,job_4927,4927,1214,2969,41
16161,job_4928,4928,320,565,17
16161,job_4929,4929,1374,2026,14
16161,job_4930,4930,706,2769,24
16171,job_4931,4931,328,625,13
16176,job_4932,4932,332,413,16
16177,job_4933,4933,1506,2434,34
16177,job_4934,4934,1450,2553,39
16179,job_4935,4935,1319,1537,14
16183,job_4936,4936,387,507,6
16184,job_4937,4937,1393,1872,42
16190,job_4938,4938,464,426,11
16191,job_4939,4939,1147,2793,14
16200,job_4940,4940,363,545,15
16203,job_4941,4941,249,591,20
16204,job_4942,4942,477,1437,42
16212,job_4943,4943,191,563,20
16212,job_4944,4944,1506,1678,46
16218,job_4945,4945,149,533,10
16222,job_4946,4946,393,626,7
16229,job_4947,4947,355,633,5
16234,job_4948,4948,184,589,10
16237,job_4949,4949,397,573,11
16244,job_4950,4950,275,598,11
16244,job_4951,4951,1718,2258,10
16248,job_4952,4952,366,419,10
16253,job_4953,4953,364,648,10
16263,job_4954,4954,420,545,9
16265,job_4955,4955,1119,1907,32
16268,job_4956,4956,359,468,6
16274,job_4957,4957,183,677,14
16279,job_4958,4958,431,592,20
16281,job_4959,4959,236,306,19
16283,job_4960,4960,307,373,8
16284,job_4961,4961,1149,2173,12
16286,job_4962,4962,263,295,15
16290,job_4963,4963,270,595,14
16291,job_4964,4964,686,2747,42
16300,job_4965,4965,188,466,12
16301,job_4966,4966,1041,1934,35
16302,job_4967,4967,1214,1769,12
16305,job_4968,4968,335,433,6
16306,job_4969,4969,1065,2539,44
16315,job_4970,4970,327,526,19
16315,job_4971,4971,1069,2122,47
16325,job_4972,4972,197,475,18
16325,job_4973,4973,1163,2053,37
16333,job_4974,4974,295,518,5
16335,job_4975,4975,1459,1829,42
16345,job_4976,4976,285,428,7
16347,job_4977,4977,1189,2355,11
16347,job_4978,4978,1304,2306,18
16347,job_4979,4979,1428,1709,12
16353,job_4980,4980,264,634,7
16353,job_4981,4981,1057,1971,44
16355,job_4982,4982,412,572,17
16364,job_4983,4983,396,467,8
16366,job_4984,4984,1074,2183,22
16376,job_4985,4985,101,480,5
16380,job_4986,4986,255,545,16
16380,job_4987,4987,2012,1923,17
16382,job_4988,4988,986,1683,34
16387,job_4989,4989,275,422,9
16392,job_4990,4990,276,600,14
16393,job_4991,4991,625,1798,28
16397,job_4992,4992,345,589,15
16405,job_4993,4993,344,587,5
16407,job_4994,4994,882,1597,33
16410,job_4995,4995,171,316,8
16419,job_4996,4996,314,351,11
16424,job_4997,4997,279,496,16
16434,job_4998,4998,239,686,8
16436,job_4999,4999,221,328,19
16444,job_5000,5000,257,554,16
16445,job_5001,5001,1454,1996,30
16447,job_5002,5002,1020,1673,44
16449,job_5003,5003,1227,1028,49
16450,job_5004,5004,1142,2620,50
16454,job_5005,5005,338,446,20
16456,job_5006,5006,218,478,14
16457,job_5007,5007,1305,2281,24
16461,job_5008,5008,315,624,8
16463,job_5009,5009,1070,1929,50
16465,job_5010,5010,1295,1772,43
16466,job_5011,5011,670,2093,35
16468,job_5012,5012,1469,1770,46
16468,job_5013,5013,916,2767,27
16473,job_5014,5014,283,573,5
16476,job_5015,5015,369,408,9
16478,job_5016,5016,1031,2344,23
16485,job_5017,5017,281,460,7
16486,job_5018,5018,775,2229,22
16487,job_5019,5019,809,2872,36
16487,job_5020,5020,1839,2035,35
16488,job_5021,5021,1586,2148,15
16490,job_5022,5022,1419,2045,23
16499,job_5023,5023,408,333,16
16499,job_5024,5024,827,2252,23
16506,job_5025,5025,158,564,20
16513,job_5026,5026,100,386,14
16523,job_5027,5027,319,448,15
16530,job_5028,5028,443,515,9
16539,job_5029,5029,258,546,7
16543,job_5030,5030,264,538,8
16543,job_5031,5031,982,1858,42
16545,job_5032,5032,1546,1758,43
16548,job_5033,5033,319,555,18
16550,job_5034,5034,883,2473,39
16551,job_5035,5035,1451,2071,47
16553,job_5036,5036,376,401,8
16553,job_5037,5037,1452,2224,45
16562,job_5038,5038,198,335,16
16564,job_5039,5039,1159,2640,11
16565,job_5040,5040,1168,2002,25
16573,job_5041,5041,132,753,17
16574,job_5042,5042,1320,1363,46
16582,job_5043,5043,465,626,17
16582,job_5044,5044,497,1646,46
16582,job_5045,5045,975,1218,21
16582,job_5046,5046,1173,2087,14
16584,job_5047,5047,1171,2595,49
16588,job_5048,5048,246,648,20
16589,job_5049,5049,1593,1763,42
16591,job_5050,5050,1129,1740,23
16593,job_5051,5051,578,2408,12
16594,job_5052,5052,1187,2723,22
16597,job_5053,5053,522,557,12
16600,job_5054,5054,324,671,11
16610,job_5055,5055,241,770,14
16610,job_5056,5056,1302,1909,28
16612,job_5057,5057,1225,1902,50
16621,job_5058,5058,186,503,5
16621,job_5059,5059,1265,1863,29
16621,job_5060,5060,1406,2782,29
16626,job_5061,5061,207,451,7
16626,job_5062,5062,881,2348,10
16628,job_5063,5063,1041,2020,29
16630,job_5064,5064,1398,2915,47
16632,job_5065,5065,1591,2411,44
16634,job_5066,5066,306,673,10
16637,job_5067,5067,286,337,6
16644,job_5068,5068,180,440,13
16652,job_5069,5069,444,567,9
16653,job_5070,5070,863,1579,27
16656,job_5071,5071,334,240,18
16656,job_5072,5072,718,1599,38
16657,job_5073,5073,1003,2578,31
16659,job_5074,5074,193,551,12
16660,job_5075,5075,837,2618,25
16660,job_5076,5076,1007,1683,15
16660,job_5077,5077,747,2642,46
16664,job_5078,5078,472,382,20
16673,job_5079,5079,179,401,18
16675,job_5080,5080,1453,2399,42
16676,job_5081,5081,1324,2244,14
16677,job_5082,5082,1122,1609,29
16678,job_5083,5083,861,2931,42
16686,job_5084,5084,231,652,6
16688,job_5085,5085,594,2069,11
16688,job_5086,5086,1294,1918,16
16688,job_5087,5087,994,1941,34
16694,job_5088,5088,345,632,19
16694,job_5089,5089,1128,2136,18
16702,job_5090,5090,100,545,16
16710,job_5091,5091,240,506,8
16711,job_5092,5092,1094,2742,29
16716,job_5093,5093,309,439,7
16717,job_5094,5094,1229,2568,42
16718,job_5095,5095,870,2334,45
16718,job_5096,5096,1255,1520,41
16720,job_5097,5097,765,2055,37
16721,job_5098,5098,1178,2362,25
16723,job_5099,5099,1385,2635,50
16724,job_5100,5100,1050,752,30
16725,job_5101,5101,1345,1392,19
16734,job_5102,5102,100,492,13
16739,job_5103,5103,413,429,13
16741,job_5104,5104,949,1883,23
16745,job_5105,5105,171,606,17
16748,job_5106,5106,390,386,13
16748,job_5107,5107,1483,1545,23
16749,job_5108,5108,1550,2371,43
16752,job_5109,5109,344,678,12
16759,job_5110,5110,286,472,13
16767,job_5111,5111,170,409,13
16768,job_5112,5112,1591,1488,10
16773,job_5113,5113,263,564,11
16776,job_5114,5114,382,350,11
16782,job_5115,5115,299,454,12
16783,job_5116,5116,1056,1746,49
16790,job_5117,5117,321,540,16
16792,job_5118,5118,1551,2185,11
16794,job_5119,5119,562,2000,46
16795,job_5120,5120,1064,2172,44
16802,job_5121,5121,377,551,18
16803,job_5122,5122,1031,1543,30
16809,job_5123,5123,159,505,20
16810,job_5124,5124,1527,1853,44
16819,job_5125,5125,457,387,8
16821,job_5126,5126,343,382,12
16823,job_5127,5127,1647,2499,33
16829,job_5128,5128,395,621,12
16839,job_5129,5129,269,546,17
16842,job_5130,5130,178,540,11
16844,job_5131,5131,1536,1782,28
16849,job_5132,5132,142,516,10
16851,job_5133,5133,1756,2671,19
16853,job_5134,5134,472,567,6
16854,job_5135,5135,1016,1961,35
16854,job_5136,5136,1278,2334,22
16860,job_5137,5137,420,473,12
16867,job_5138,5138,428,395,12
16867,job_5139,5139,1230,1702,12
16875,job_5140,5140,315,538,14
16875,job_5141,5141,1120,2138,18
16877,job_5142,5142,1442,1623,38
16883,job_5143,5143,380,774,18
16883,job_5144,5144,1014,1561,47
16883,job_5145,5145,1105,1437,30
16884,job_5146,5146,1542,1131,35
16887,job_5147,5147,532,618,15
16894,job_5148,5148,189,553,15
16901,job_5149,5149,407,663,10
16904,job_5150,5150,270,606,9
16910,job_5151,5151,149,661,11
16917,job_5152,5152,440,473,17
16918,job_5153,5153,717,1959,24
16920,job_5154,5154,1162,2091,39
16926,job_5155,5155,318,484,9
16926,job_5156,5156,1004,1978,41
16926,job_5157,5157,794,2208,34
16933,job_5158,5158,100,649,14
16935,job_5159,5159,1127,1512,48
16937,job_5160,5160,1269,2144,19
16938,job_5161,5161,1054,1870,30
16944,job_5162,5162,162,699,8
16944,job_5163,5163,476,1294,15
16948,job_5164,5164,409,492,6
16958,job_5165,5165,340,554,20
16960,job_5166,5166,453,387,6
16961,job_5167,5167,1177,2326,28
16965,job_5168,5168,254,515,9
16970,job_5169,5169,194,433,17
16975,job_5170,5170,244,527,11
16975,job_5171,5171,1403,1192,35
16975,job_5172,5172,1182,2090,23
16981,job_5173,5173,307,624,11
16981,job_5174,5174,1039,2133,29
16984,job_5175,5175,231,461,20
16991,job_5176,5176,328,511,13
16993,job_5177,5177,1338,1856,18
16993,job_5178,5178,1497,998,11
16994,job_5179,5179,959,1792,33
16996,job_5180,5180,842,1983,21
16997,job_5181,5181,1286,2131,21
17003,job_5182,5182,439,500,5
17013,job_5183,5183,218,720,12
17014,job_5184,5184,1595,1758,20
17018,job_5185,5185,246,475,18
17023,job_5186,5186,437,510,17
17023,job_5187,5187,1160,1485,20
17024,job_5188,5188,1499,2180,22
17030,job_5189,5189,145,526,17
17038,job_5190,5190,100,613,14
17043,job_5191,5191,191,494,15
17045,job_5192,5192,1454,2131,50
17045,job_5193,5193,844,2797,33
17045,job_5194,5194,1218,2658,49
17055,job_5195,5195,338,435,11
17062,job_5196,5196,309,561,6
17063,job_5197,5197,1148,1702,44
17063,job_5198,5198,1160,1778,24
17067,job_5199,5199,253,493,19
17067,job_5200,5200,1412,1583,27
17067,job_5201,5201,1571,1272,38
17069,job_5202,5202,1076,1990,17
17069,job_5203,5203,1014,1099,21
17070,job_5204,5204,1337,2958,17
17072,job_5205,5205,1253,1764,36
17080,job_5206,5206,156,464,12
17081,job_5207,5207,710,1576,12
17082,job_5208,5208,1448,1153,21
17086,job_5209,5209,327,618,14
17089,job_5210,5210,358,614,13
17089,job_5211,5211,1367,2894,40
17091,job_5212,5212,1399,1801,12
17091,job_5213,5213,934,2517,10
17093,job_5214,5214,219,547,5
17098,job_5215,5215,251,560,12
17106,job_5216,5216,204,518,5
17115,job_5217,5217,232,403,8
17125,job_5218,5218,329,359,17
17125,job_5219,5219,1430,1630,41
17131,job_5220,5220,299,479,14
17140,job_5221,5221,100,372,6
17140,job_5222,5222,1389,2665,21
17147,job_5223,5223,412,336,11
17147,job_5224,5224,1300,2511,42
17150,job_5225,5225,261,455,12
17151,job_5226,5226,1604,1854,20
17151,job_5227,5227,1187,2075,25
17153,job_5228,5228,1116,2332,43
17155,job_5229,5229,302,499,7
17164,job_5230,5230,163,461,11
17166,job_5231,5231,1439,1849,32
17166,job_5232,5232,1334,2539,24
17168,job_5233,5233,864,1900,46
17168,job_5234,5234,1135,2185,44
17168,job_5235,5235,1414,3496,41
17168,job_5236,5236,936,1932,45
17170,job_5237,5237,205,599,14
17171,job_5238,5238,914,1751,19
17171,job_5239,5239,1268,3745,24
17176,job_5240,5240,380,524,19
17177,job_5241,5241,1177,2377,17
17177,job_5242,5242,1433,1988,38
17187,job_5243,5243,355,590,17
17196,job_5244,5244,189,426,17
17196,job_5245,5245,1763,1352,20
17196,job_5246,5246,893,1468,14
17198,job_5247,5247,343,2772,12
17198,job_5248,5248,1241,2804,34
17202,job_5249,5249,347,569,14
17202,job_5250,5250,1299,1404,28
17211,job_5251,5251,377,442,18
17213,job_5252,5252,1048,1560,28
17216,job_5253,5253,158,424,5
17216,job_5254,5254,1436,1398,37
17216,job_5255,5255,966,2465,39
17220,job_5256,5256,310,487,18
17222,job_5257,5257,1455,1335,31
17223,job_5258,5258,903,1819,14
17224,job_5259,5259,1595,2390,40
17224,job_5260,5260,1566,1719,37
17225,job_5261,5261,753,1853,26
17227,job_5262,5262,909,2512,11
17227,job_5263,5263,1051,1879,30
17236,job_5264,5264,362,449,16
17238,job_5265,5265,1671,1630,22
17239,job_5266,5266,1224,1634,15
17247,job_5267,5267,450,315,7
17248,job_5268,5268,1937,1209,24
17248,job_5269,5269,1112,1932,17
17249,job_5270,5270,1292,2837,29
17258,job_5271,5271,271,638,14
17258,job_5272,5272,1443,2192,40
17259,job_5273,5273,965,2642,11
17268,job_5274,5274,355,362,10
17270,job_5275,5275,1320,1548,16
17279,job_5276,5276,218,623,6
17287,job_5277,5277,324,559,11
17288,job_5278,5278,973,2292,47
17289,job_5279,5279,1172,2193,49
17290,job_5280,5280,1064,1901,13
17292,job_5281,5281,1054,2781,20
17293,job_5282,5282,1089,1629,26
17302,job_5283,5283,178,796,19
17304,job_5284,5284,982,1522,25
17305,job_5285,5285,1427,738,41
17306,job_5286,5286,959,2252,48
17306,job_5287,5287,1552,2828,24
17308,job_5288,5288,1287,1192,31
17309,job_5289,5289,1355,2269,42
17309,job_5290,5290,1381,1975,35
17309,job_5291,5291,1103,1370,45
17314,job_5292,5292,244,441,9
17324,job_5293,5293,378,426,16
17326,job_5294,5294,1088,1555,32
17326,job_5295,5295,1290,2663,11
17326,job_5296,5296,1011,2529,37
17328,job_5297,5297,1085,1727,41
17330,job_5298,5298,1437,2150,15
17331,job_5299,5299,1090,3481,22
17333,job_5300,5300,1291,1472,15
17335,job_5301,5301,1048,2302,24
17345,job_5302,5302,345,700,16
17345,job_5303,5303,1307,2268,41
17347,job_5304,5304,1066,1366,37
17350,job_5305,5305,181,345,15
17352,job_5306,5306,836,2287,25
17352,job_5307,5307,994,2781,28
17353,job_5308,5308,1183,1835,13
17355,job_5309,5309,644,1584,12
17357,job_5310,5310,494,744,6
17359,job_5311,5311,1049,2207,49
17359,job_5312,5312,704,1722,43
17360,job_5313,5313,1268,1864,23
17361,job_5314,5314,1374,1798,33
17365,job_5315,5315,511,469,10
17367,job_5316,5316,280,440,10
17368,job_5317,5317,1351,2061,33
17375,job_5318,5318,195,631,14
17375,job_5319,5319,1395,2079,12
17377,job_5320,5320,1230,1857,20
17378,job_5321,5321,1016,2115,33
17378,job_5322,5322,1150,2980,41
17379,job_5323,5323,1207,1380,13
17379,job_5324,5324,1552,2622,45
17379,job_5325,5325,992,2039,19
17379,job_5326,5326,1447,2048,32
17381,job_5327,5327,805,1360,15
17391,job_5328,5328,171,476,14
17393,job_5329,5329,1174,2123,43
17395,job_5330,5330,1514,1772,39
17396,job_5331,5331,1639,2396,18
17397,job_5332,5332,1225,2735,37
17397,job_5333,5333,1052,1574,47
17398,job_5334,5334,1239,2727,41
17400,job_5335,5335,1286,2060,24
17404,job_5336,5336,246,449,15
17406,job_5337,5337,1318,2058,50
17410,job_5338,5338,250,549,15
17411,job_5339,5339,1015,2540,38
17411,job_5340,5340,1338,1354,39
17411,job_5341,5341,1233,1393,39
17415,job_5342,5342,263,492,15
17417,job_5343,5343,1202,2016,46
17424,job_5344,5344,234,502,5
17428,job_5345,5345,296,550,15
17428,job_5346,5346,988,2431,27
17430,job_5347,5347,407,346,7
17430,job_5348,5348,968,1064,17
17440,job_5349,5349,335,404,6
17443,job_5350,5350,499,527,20
17444,job_5351,5351,1386,2248,40
17445,job_5352,5352,1156,1817,12
17445,job_5353,5353,1465,1948,24
17445,job_5354,5354,1119,2324,12
17446,job_5355,5355,1361,2137,27
17448,job_5356,5356,612,1612,13
17448,job_5357,5357,893,1493,26
17449,job_5358,5358,1215,1352,44
17451,job_5359,5359,1449,1815,34
17452,job_5360,5360,905,1498,40
17460,job_5361,5361,279,540,10
17460,job_5362,5362,1239,2086,42
17461,job_5363,5363,1249,2148,16
17462,job_5364,5364,1289,2494,33
17471,job_5365,5365,557,675,10
17473,job_5366,5366,1153,1873,39
17473,job_5367,5367,1195,1807,22
17474,job_5368,5368,1097,2955,42
17474,job_5369,5369,797,3055,34
17475,job_5370,5370,894,2103,42
17477,job_5371,5371,1264,2074,34
17477,job_5372,5372,1349,2435,25
17478,job_5373,5373,905,1697,33
17478,job_5374,5374,1098,1171,10
17481,job_5375,5375,220,573,10
17483,job_5376,5376,333,544,5
17485,job_5377,5377,1423,2136,30
17493,job_5378,5378,229,390,17
17495,job_5379,5379,1820,2026,45
17500,job_5380,5380,337,381,14
17503,job_5381,5381,277,452,9
17505,job_5382,5382,1143,3118,45
17505,job_5383,5383,844,1552,18
17505,job_5384,5384,840,1722,33
17505,job_5385,5385,1256,1658,41
17507,job_5386,5386,1134,3246,36
17509,job_5387,5387,473,641,16
17511,job_5388,5388,1087,1955,22
17511,job_5389,5389,1380,2574,19
17518,job_5390,5390,297,571,17
17520,job_5391,5391,1345,1841,38
17524,job_5392,5392,425,390,7
17525,job_5393,5393,706,2240,41
17526,job_5394,5394,787,1349,13
17526,job_5395,5395,765,2140,22
17526,job_5396,5396,916,2117,39
17526,job_5397,5397,925,1469,26
17526,job_5398,5398,1352,2000,41
17526,job_5399,5399,1037,1906,25
17532,job_5400,5400,475,530,15
17536,job_5401,5401,299,457,8
17546,job_5402,5402,418,612,16
17547,job_5403,5403,1003,1780,48
17549,job_5404,5404,1421,2034,34
17551,job_5405,5405,433,504,8
17552,job_5406,5406,1198,1468,50
17554,job_5407,5407,1451,2174,31
17556,job_5408,5408,1620,1339,22
17557,job_5409,5409,1501,2129,24
17557,job_5410,5410,1785,1690,34
17559,job_5411,5411,111,491,17
17561,job_5412,5412,1119,1735,36
17568,job_5413,5413,516,627,13
17569,job_5414,5414,1257,1957,14
17571,job_5415,5415,732,1609,13
17573,job_5416,5416,1254,2014,48
17575,job_5417,5417,305,409,16
17575,job_5418,5418,1416,1543,34
17575,job_5419,5419,989,1986,10
17578,job_5420,5420,322,605,16
17588,job_5421,5421,372,504,7
17590,job_5422,5422,1073,2283,43
17592,job_5423,5423,220,542,6
17593,job_5424,5424,1713,1491,25
17595,job_5425,5425,1244,2178,34
17595,job_5426,5426,993,1929,11
17603,job_5427,5427,532,364,16
17603,job_5428,5428,1097,2298,45
17605,job_5429,5429,623,3140,24
17605,job_5430,5430,1326,2341,23
17605,job_5431,5431,1444,2079,26
17614,job_5432,5432,276,328,7
17614,job_5433,5433,1409,2418,14
17615,job_5434,5434,1053,1882,33
17615,job_5435,5435,1032,2466,48
17616,job_5436,5436,1219,1331,12
17621,job_5437,5437,473,604,20
17621,job_5438,5438,1462,647,10
17631,job_5439,5439,354,500,8
17631,job_5440,5440,1790,2199,26
17631,job_5441,5441,932,1816,28
17633,job_5442,5442,810,4027,26
17633,job_5443,5443,1386,2193,25
17638,job_5444,5444,141,537,9
17640,job_5445,5445,1082,2347,41
17642,job_5446,5446,1078,2072,34
17644,job_5447,5447,1458,3329,36
17644,job_5448,5448,1072,2337,45
17646,job_5449,5449,241,535,6
17646,job_5450,5450,784,2870,18
17648,job_5451,5451,158,426,19
17648,job_5452,5452,613,2526,44
17648,job_5453,5453,881,1476,25
17648,job_5454,5454,1250,2462,18
17650,job_5455,5455,827,1811,50
17651,job_5456,5456,1163,2829,34
17652,job_5457,5457,1374,2720,16
17656,job_5458,5458,109,515,16
17660,job_5459,5459,336,448,11
17662,job_5460,5460,1170,2187,11
17664,job_5461,5461,922,2155,32
17666,job_5462,5462,1259,1854,36
17667,job_5463,5463,1197,1447,19
17668,job_5464,5464,1445,423,29
17677,job_5465,5465,284,429,6
17679,job_5466,5466,806,2753,27
17679,job_5467,5467,1131,2275,43
17679,job_5468,5468,2031,1795,28
17681,job_5469,5469,1243,2679,46
17682,job_5470,5470,1372,1624,41
17684,job_5471,5471,1499,2229,30
17691,job_5472,5472,354,544,7
17699,job_5473,5473,365,374,5
17699,job_5474,5474,807,2976,47
17701,job_5475,5475,1507,2098,13
17703,job_5476,5476,1001,1525,41
17705,job_5477,5477,1261,2052,12
17707,job_5478,5478,1070,1963,33
17715,job_5479,5479,480,601,8
17715,job_5480,5480,1364,2222,18
17716,job_5481,5481,1717,1313,18
17718,job_5482,5482,735,2005,11
17718,job_5483,5483,1122,1482,50
17719,job_5484,5484,933,2086,40
17720,job_5485,5485,1663,1423,40
17726,job_5486,5486,352,562,7
17726,job_5487,5487,1250,1998,36
17727,job_5488,5488,1257,2253,13
17732,job_5489,5489,314,600,10
17733,job_5490,5490,1078,1451,22
17735,job_5491,5491,955,2057,43
17736,job_5492,5492,1208,1651,23
17736,job_5493,5493,1398,2431,16
17744,job_5494,5494,418,428,13
17748,job_5495,5495,374,368,5
17749,job_5496,5496,1281,1878,13
17753,job_5497,5497,254,373,6
17755,job_5498,5498,405,476,19
17757,job_5499,5499,976,2059,45
17758,job_5500,5500,1213,2471,46
17760,job_5501,5501,1552,1879,38
17762,job_5502,5502,1609,1912,41
17762,job_5503,5503,1044,995,45
17764,job_5504,5504,1354,2499,28
17766,job_5505,5505,1245,2341,24
17767,job_5506,5506,1621,3223,19
17769,job_5507,5507,1384,2403,44
17770,job_5508,5508,1049,1338,34
17777,job_5509,5509,100,488,11
17778,job_5510,5510,945,3033,12
17779,job_5511,5511,1514,2224,49
17779,job_5512,5512,806,1291,18
17781,job_5513,5513,664,2420,48
17782,job_5514,5514,926,2361,42
17783,job_5515,5515,1675,1903,36
17784,job_5516,5516,636,1241,10
17786,job_5517,5517,1558,1290,18
17787,job_5518,5518,1344,1688,15
17789,job_5519,5519,1263,2179,28
17791,job_5520,5520,1479,2316,23
17796,job_5521,5521,324,560,12
17798,job_5522,5522,1010,2531,32
17800,job_5523,5523,1435,1035,12
17800,job_5524,5524,877,2675,43
17801,job_5525,5525,1503,2138,15
17803,job_5526,5526,1055,1648,15
17803,job_5527,5527,1005,2123,32
17811,job_5528,5528,267,453,15
17812,job_5529,5529,1373,2642,25
17819,job_5530,5530,494,442,9
17820,job_5531,5531,1116,1579,41
17821,job_5532,5532,1608,2332,14
17821,job_5533,5533,948,1834,14
17828,job_5534,5534,100,496,17
17830,job_5535,5535,1259,2210,34
17830,job_5536,5536,1124,2260,33
17832,job_5537,5537,1149,1067,48
17834,job_5538,5538,1452,2376,27
17835,job_5539,5539,1043,1492,25
17837,job_5540,5540,1279,2067,13
17839,job_5541,5541,1221,2199,30
17840,job_5542,5542,1354,1680,36
17842,job_5543,5543,1175,1590,46
17844,job_5544,5544,286,506,11
17846,job_5545,5545,1208,1280,39
17848,job_5546,5546,1338,1754,21
17849,job_5547,5547,1866,1636,50
17850,job_5548,5548,1604,2208,11
17850,job_5549,5549,1249,3111,26
17855,job_5550,5550,343,504,19
17856,job_5551,5551,1166,2076,17
17857,job_5552,5552,1058,1824,12
17859,job_5553,5553,725,1884,28
17860,job_5554,5554,1459,1506,34
17860,job_5555,5555,1080,1490,40
17862,job_5556,5556,930,2205,48
17863,job_5557,5557,1091,3171,24
17863,job_5558,5558,1035,3546,49
17865,job_5559,5559,997,2945,17
17866,job_5560,5560,1157,1800,23
17871,job_5561,5561,144,511,13
17877,job_5562,5562,193,368,17
17878,job_5563,5563,1349,1470,36
17879,job_5564,5564,1208,2468,44
17879,job_5565,5565,1568,2528,32
17880,job_5566,5566,769,2431,16
17882,job_5567,5567,1487,1837,47
17882,job_5568,5568,1361,2190,43
17883,job_5569,5569,1303,1461,41
17885,job_5570,5570,995,1209,35
17885,job_5571,5571,1100,2505,20
17885,job_5572,5572,1373,1770,16
17885,job_5573,5573,1087,2147,47
17885,job_5574,5574,1656,1637,17
17885,job_5575,5575,1213,2106,13
17885,job_5576,5576,1235,2825,19
17887,job_5577,5577,1291,2052,18
17891,job_5578,5578,342,479,17
17893,job_5579,5579,896,2085,46
17894,job_5580,5580,1452,2506,39
17896,job_5581,5581,1034,2099,18
17903,job_5582,5582,191,620,18
17903,job_5583,5583,893,1792,23
17904,job_5584,5584,963,2102,26
17904,job_5585,5585,929,2420,40
17905,job_5586,5586,1347,2211,29
17906,job_5587,5587,852,1993,45
17914,job_5588,5588,378,427,9
17914,job_5589,5589,888,2190,19
17916,job_5590,5590,1431,1985,46
17918,job_5591,5591,1153,1939,16
17919,job_5592,5592,1600,2179,43
17919,job_5593,5593,909,2469,12
17919,job_5594,5594,1438,2121,39
17921,job_5595,5595,1662,1717,48
17923,job_5596,5596,1075,1463,31
17925,job_5597,5597,1290,1266,31
17926,job_5598,5598,1314,2180,38
17931,job_5599,5599,215,496,14
17931,job_5600,5600,1763,2089,43
17931,job_5601,5601,1002,2133,31
17931,job_5602,5602,975,2385,46
17931,job_5603,5603,1049,2320,47
17939,job_5604,5604,449,663,13
17942,job_5605,5605,228,396,12
17943,job_5606,5606,1541,2231,10
17943,job_5607,5607,1557,2343,46
17943,job_5608,5608,1163,2045,28
17945,job_5609,5609,368,703,12
17945,job_5610,5610,825,2204,36
17947,job_5611,5611,1043,1865,50
17948,job_5612,5612,1084,2348,16
17949,job_5613,5613,1075,2256,25
17950,job_5614,5614,859,2394,26
17951,job_5615,5615,1019,1805,30
17951,job_5616,5616,890,1841,39
17951,job_5617,5617,1014,2398,41
17952,job_5618,5618,1448,2348,40
17952,job_5619,5619,892,1861,32
17953,job_5620,5620,1251,2091,13
17953,job_5621,5621,1053,2263,11
17953,job_5622,5622,903,2667,43
17954,job_5623,5623,1335,2148,12
17962,job_5624,5624,341,567,16
17962,job_5625,5625,1436,2125,29
17962,job_5626,5626,1544,2074,50
17964,job_5627,5627,1085,1427,19
17965,job_5628,5628,1281,2293,35
17967,job_5629,5629,1377,2421,23
17969,job_5630,5630,1346,2284,45
17970,job_5631,5631,1205,2781,12
17971,job_5632,5632,1183,2632,28
17972,job_5633,5633,1389,1889,49
17972,job_5634,5634,1089,2171,41
17974,job_5635,5635,1719,2036,17
17976,job_5636,5636,1037,1947,30
17976,job_5637,5637,1282,1788,42
17978,job_5638,5638,389,410,18
17978,job_5639,5639,979,1596,33
17978,job_5640,5640,688,2112,44
17981,job_5641,5641,388,607,15
17983,job_5642,5642,1266,2095,28
17984,job_5643,5643,934,1641,10
17985,job_5644,5644,768,1868,31
17987,job_5645,5645,1670,1931,39
17988,job_5646,5646,1204,2765,40
17992,job_5647,5647,340,535,8
17993,job_5648,5648,1239,2013,48
17995,job_5649,5649,1129,1770,49
17996,job_5650,5650,1582,1936,49
17998,job_5651,5651,1101,2358,27
17999,job_5652,5652,1137,2108,10
17999,job_5653,5653,1500,761,19
18000,job_5654,5654,1008,2504,31
18000,job_5655,5655,1630,1890,37
18001,job_5656,5656,994,1408,18
18001,job_5657,5657,1272,1607,34
18001,job_5658,5658,1515,2352,32
18001,job_5659,5659,1034,2635,40
18001,job_5660,5660,1305,1619,40
18010,job_5661,5661,327,534,8
18010,job_5662,5662,1552,1803,20
18012,job_5663,5663,1062,2417,32
18012,job_5664,5664,842,2333,39
18013,job_5665,5665,1564,2589,10
18015,job_5666,5666,1183,2383,38
18017,job_5667,5667,905,1625,14
18018,job_5668,5668,997,1851,40
18028,job_5669,5669,285,520,13
18028,job_5670,5670,869,1854,19
18029,job_5671,5671,1026,2602,45
18030,job_5672,5672,1562,1530,42
18030,job_5673,5673,1350,1053,13
18032,job_5674,5674,1850,2696,40
18034,job_5675,5675,1198,2764,24
18035,job_5676,5676,1087,2522,43
18036,job_5677,5677,997,2839,18
18038,job_5678,5678,331,665,15
18039,job_5679,5679,1116,2652,41
18045,job_5680,5680,100,604,5
18049,job_5681,5681,194,386,16
18050,job_5682,5682,1479,2743,10
18052,job_5683,5683,390,606,15
18055,job_5684,5684,287,499,6
18056,job_5685,5685,1585,2331,14
18056,job_5686,5686,1844,1225,13
18065,job_5687,5687,256,403,9
18067,job_5688,5688,963,487,35
18073,job_5689,5689,262,497,7
18075,job_5690,5690,177,545,6
18077,job_5691,5691,401,564,16
18077,job_5692,5692,1456,1627,24
18077,job_5693,5693,1338,2380,12
18079,job_5694,5694,1599,2006,40
18081,job_5695,5695,1258,2657,26
18082,job_5696,5696,985,2329,15
18084,job_5697,5697,1294,2781,25
18084,job_5698,5698,1686,3021,35
18086,job_5699,5699,1232,2005,31
18086,job_5700,5700,1515,1621,44
18088,job_5701,5701,1373,2307,43
18090,job_5702,5702,1368,2602,43
18090,job_5703,5703,1120,2535,48
18091,job_5704,5704,856,1479,11
18091,job_5705,5705,1026,1154,42
18092,job_5706,5706,1279,2440,41
18092,job_5707,5707,1092,2204,23
18093,job_5708,5708,1556,2520,19
18095,job_5709,5709,979,2082,21
18095,job_5710,5710,1071,2399,43
18096,job_5711,5711,1092,2151,15
18096,job_5712,5712,1403,2290,43
18096,job_5713,5713,1637,1746,41
18106,job_5714,5714,438,476,17
18106,job_5715,5715,573,1929,16
18115,job_5716,5716,255,568,14
18117,job_5717,5717,1050,2126,32
18117,job_5718,5718,893,2463,28
18118,job_5719,5719,1450,2642,35
18119,job_5720,5720,713,2098,19
18121,job_5721,5721,1327,1930,29
18122,job_5722,5722,1394,2090,12
18124,job_5723,5723,1310,1172,45
18124,job_5724,5724,1492,1481,46
18134,job_5725,5725,502,374,8
18136,job_5726,5726,279,300,16
18138,job_5727,5727,1336,2490,40
18138,job_5728,5728,1292,2234,15
18140,job_5729,5729,403,2610,49
18141,job_5730,5730,532,2424,44
18141,job_5731,5731,923,1723,41
18141,job_5732,5732,1227,2022,41
18141,job_5733,5733,1377,2184,25
18143,job_5734,5734,1423,2237,25
18143,job_5735,5735,690,2888,31
18145,job_5736,5736,964,2120,21
18145,job_5737,5737,1850,1703,19
18145,job_5738,5738,1191,3156,12
18147,job_5739,5739,1242,1682,18
18149,job_5740,5740,999,2367,47
18149,job_5741,5741,1248,2452,37
18155,job_5742,5742,267,584,14
18165,job_5743,5743,251,434,17
18165,job_5744,5744,790,3186,24
18167,job_5745,5745,1202,2255,35
18168,job_5746,5746,964,1541,50
18169,job_5747,5747,1378,1801,25
18170,job_5748,5748,1825,2163,24
18171,job_5749,5749,1276,2078,21
18173,job_5750,5750,651,2358,48
18174,job_5751,5751,1013,2195,40
18174,job_5752,5752,1225,2421,12
18175,job_5753,5753,1096,1701,34
18177,job_5754,5754,1151,1289,19
18177,job_5755,5755,967,2046,20
18179,job_5756,5756,1264,1548,44
18180,job_5757,5757,984,2387,26
18180,job_5758,5758,1646,2602,15
18181,job_5759,5759,1681,1920,32
18181,job_5760,5760,999,2321,17
18181,job_5761,5761,1347,2540,33
18182,job_5762,5762,1036,2082,25
18182,job_5763,5763,1457,1316,36
18183,job_5764,5764,1570,1705,37
18184,job_5765,5765,1574,2280,33
18184,job_5766,5766,852,1780,36
18184,job_5767,5767,993,2214,25
18184,job_5768,5768,1506,1618,49
18186,job_5769,5769,1217,2415,12
18187,job_5770,5770,1080,1484,29
18187,job_5771,5771,698,1524,29
18188,job_5772,5772,1709,2022,47
18188,job_5773,5773,1160,2284,43
18190,job_5774,5774,1558,2310,38
18191,job_5775,5775,1431,2204,19
18191,job_5776,5776,1613,2497,27
18193,job_5777,5777,1054,1511,40
18193,job_5778,5778,1010,2059,18
18193,job_5779,5779,1642,1781,19
18193,job_5780,5780,1090,2010,44
18193,job_5781,5781,992,1621,44
18193,job_5782,5782,1093,1769,42
18194,job_5783,5783,740,2163,19
18196,job_5784,5784,715,1989,43
18198,job_5785,5785,324,438,14
18198,job_5786,5786,1413,1897,39
18199,job_5787,5787,1028,1897,47
18200,job_5788,5788,1155,2159,12
18200,job_5789,5789,844,2277,32
18202,job_5790,5790,1536,1845,38
18204,job_5791,5791,996,2654,20
18204,job_5792,5792,1140,1863,17
18206,job_5793,5793,1567,1232,15
18207,job_5794,5794,1229,1089,25
18209,job_5795,5795,867,2079,13
18210,job_5796,5796,1305,3042,24
18212,job_5797,5797,835,3406,30
18212,job_5798,5798,634,2189,47
18214,job_5799,5799,1278,2518,24
18216,job_5800,5800,939,2931,23
18219,job_5801,5801,354,493,20
18219,job_5802,5802,1287,2458,26
18219,job_5803,5803,1544,2204,47
18221,job_5804,5804,1580,2473,41
18223,job_5805,5805,818,2359,44
18225,job_5806,5806,1731,1590,50
18226,job_5807,5807,1248,1797,19
18228,job_5808,5808,1236,1304,14
18228,job_5809,5809,824,1764,17
18230,job_5810,5810,1324,1345,30
18232,job_5811,5811,1340,1849,17
18232,job_5812,5812,1495,1908,35
18234,job_5813,5813,1186,1490,41
18236,job_5814,5814,1111,1464,46
18236,job_5815,5815,1298,1726,34
18236,job_5816,5816,1767,2503,43
18237,job_5817,5817,1504,2003,44
18237,job_5818,5818,1194,2611,16
18237,job_5819,5819,1316,2706,44
18239,job_5820,5820,998,2174,45
18240,job_5821,5821,1008,2544,45
18242,job_5822,5822,1234,1246,45
18243,job_5823,5823,905,2860,20
18243,job_5824,5824,1251,2593,37
18243,job_5825,5825,658,1256,23
18243,job_5826,5826,1423,2174,50
18245,job_5827,5827,1104,2252,42
18246,job_5828,5828,1216,2993,33
18246,job_5829,5829,860,1832,11
18246,job_5830,5830,868,2110,25
18248,job_5831,5831,964,1778,30
18250,job_5832,5832,1216,2264,41
18251,job_5833,5833,1028,1062,45
18251,job_5834,5834,1269,2660,16
18253,job_5835,5835,1421,2121,26
18260,job_5836,5836,409,566,13
18261,job_5837,5837,1081,1488,17
18263,job_5838,5838,1248,1326,49
18265,job_5839,5839,997,2010,13
18267,job_5840,5840,395,559,8
18269,job_5841,5841,1018,1997,36
18269,job_5842,5842,1281,1970,39
18270,job_5843,5843,1741,1568,47
18270,job_5844,5844,1009,2024,49
18271,job_5845,5845,840,1753,29
18272,job_5846,5846,894,2344,25
18274,job_5847,5847,1426,2040,50
18274,job_5848,5848,1142,1899,27
18276,job_5849,5849,1276,2181,20
18277,job_5850,5850,1118,2341,44
18279,job_5851,5851,1833,1290,40
18280,job_5852,5852,1280,2281,13
18288,job_5853,5853,284,646,13
18288,job_5854,5854,714,1975,25
18290,job_5855,5855,1008,2596,19
18291,job_5856,5856,1316,2067,18
18292,job_5857,5857,1144,2169,34
18292,job_5858,5858,600,1930,20
18293,job_5859,5859,1632,2086,15
18293,job_5860,5860,945,2103,21
18294,job_5861,5861,796,1144,34
18296,job_5862,5862,1029,2537,10
18298,job_5863,5863,1676,2375,13
18299,job_5864,5864,515,2294,23
18300,job_5865,5865,1298,1346,50
18301,job_5866,5866,1078,1846,38
18302,job_5867,5867,1115,2324,49
18302,job_5868,5868,1354,1514,34
18304,job_5869,5869,1161,2855,45
18305,job_5870,5870,1487,1894,26
18307,job_5871,5871,1040,1582,22
18307,job_5872,5872,1211,2191,19
18307,job_5873,5873,1985,3028,18
18307,job_5874,5874,853,1829,30
18308,job_5875,5875,1568,2584,14
18310,job_5876,5876,952,2818,33
18311,job_5877,5877,1314,1630,29
18311,job_5878,5878,1213,1868,48
18311,job_5879,5879,1030,2114,46
18312,job_5880,5880,1072,2233,16
18312,job_5881,5881,1025,2941,39
18318,job_5882,5882,281,533,11
18319,job_5883,5883,981,2124,37
18321,job_5884,5884,1683,1035,31
18321,job_5885,5885,1002,2902,44
18321,job_5886,5886,1266,2085,12
18323,job_5887,5887,1581,2489,18
18324,job_5888,5888,1058,2079,20
18326,job_5889,5889,749,2096,40
18328,job_5890,5890,969,1707,39
18329,job_5891,5891,1123,1836,36
18331,job_5892,5892,1242,1509,43
18331,job_5893,5893,1471,2307,35
18332,job_5894,5894,1224,1295,13
18333,job_5895,5895,1300,1878,39
18333,job_5896,5896,1919,1971,37
18341,job_5897,5897,618,429,11
18342,job_5898,5898,1092,1041,34
18344,job_5899,5899,1393,2261,40
18346,job_5900,5900,1441,2486,48
18348,job_5901,5901,1212,2297,32
18350,job_5902,5902,797,2291,48
18351,job_5903,5903,621,1714,13
18351,job_5904,5904,1362,1700,43
18351,job_5905,5905,1454,1475,19
18353,job_5906,5906,1365,2191,32
18354,job_5907,5907,1043,2680,15
18356,job_5908,5908,769,2839,15
18357,job_5909,5909,875,1929,46
18359,job_5910,5910,900,1192,43
18360,job_5911,5911,894,1871,16
18360,job_5912,5912,1203,2095,14
18362,job_5913,5913,1865,2174,40
18364,job_5914,5914,857,2807,19
18374,job_5915,5915,326,413,16
18379,job_5916,5916,326,419,5
18381,job_5917,5917,1700,2113,17
18382,job_5918,5918,905,2528,45
18384,job_5919,5919,910,1176,46
18391,job_5920,5920,267,406,16
18391,job_5921,5921,1163,1523,39
18391,job_5922,5922,1176,2796,25
18392,job_5923,5923,607,2404,38
18393,job_5924,5924,806,2067,27
18395,job_5925,5925,1756,3018,21
18396,job_5926,5926,877,2321,49
18398,job_5927,5927,1197,1687,14
18399,job_5928,5928,921,1405,11
18400,job_5929,5929,1378,1470,19
18400,job_5930,5930,1249,1296,26
18409,job_5931,5931,211,715,7
18409,job_5932,5932,1453,1863,14
18409,job_5933,5933,937,2444,50
18409,job_5934,5934,1239,2558,16
18410,job_5935,5935,1342,1406,27
18412,job_5936,5936,677,1991,27
18414,job_5937,5937,1165,2078,27
18415,job_5938,5938,1174,2381,36
18417,job_5939,5939,740,2484,40
18419,job_5940,5940,927,1333,23
18419,job_5941,5941,1554,1822,46
18421,job_5942,5942,561,2364,39
18423,job_5943,5943,1498,1309,27
18425,job_5944,5944,1032,2409,15
18427,job_5945,5945,1038,1160,38
18429,job_5946,5946,1047,1510,26
18431,job_5947,5947,1371,1264,26
18433,job_5948,5948,1106,2535,11
18435,job_5949,5949,1711,1795,26
18437,job_5950,5950,1117,2164,21
18437,job_5951,5951,1204,2958,25
18438,job_5952,5952,869,2177,45
18447,job_5953,5953,303,606,10
18449,job_5954,5954,1446,1613,15
18449,job_5955,5955,1244,2680,38
18455,job_5956,5956,232,340,9
18457,job_5957,5957,874,1826,25
18459,job_5958,5958,1112,1255,35
18460,job_5959,5959,1227,3307,23
18461,job_5960,5960,1304,1704,33
18461,job_5961,5961,543,2257,48
18461,job_5962,5962,865,2445,40
18462,job_5963,5963,1033,1935,17
18462,job_5964,5964,702,1612,14
18462,job_5965,5965,1573,2055,10
18462,job_5966,5966,1315,2456,16
18463,job_5967,5967,1437,2222,38
18463,job_5968,5968,1377,1303,17
18463,job_5969,5969,1288,2134,31
18463,job_5970,5970,945,2349,44
18465,job_5971,5971,1306,2584,24
18466,job_5972,5972,816,2243,30
18466,job_5973,5973,941,2022,16
18468,job_5974,5974,1042,1938,39
18468,job_5975,5975,453,2749,49
18470,job_5976,5976,1073,2264,41
18470,job_5977,5977,1438,1221,31
18471,job_5978,5978,960,1967,49
18471,job_5979,5979,1151,2620,10
18473,job_5980,5980,1292,2146,27
18475,job_5981,5981,1542,3127,20
18477,job_5982,5982,1182,839,11
18479,job_5983,5983,1116,1206,44
18481,job_5984,5984,1058,1585,34
18481,job_5985,5985,1708,1653,19
18483,job_5986,5986,831,2345,23
18485,job_5987,5987,976,2442,44
18486,job_5988,5988,1445,2389,42
18488,job_5989,5989,1521,1900,13
18490,job_5990,5990,1818,1917,39
18491,job_5991,5991,636,2530,27
18492,job_5992,5992,1212,2929,28
18494,job_5993,5993,1509,921,13
18495,job_5994,5994,1256,2545,44
18497,job_5995,5995,1271,2194,43
18499,job_5996,5996,1762,2157,15
18499,job_5997,5997,1503,1651,33
18501,job_5998,5998,866,1741,41
18503,job_5999,5999,1112,1864,30
18504,job_6000,6000,1030,2328,14
18505,job_6001,6001,1335,2516,10
18507,job_6002,6002,1435,2638,18
18509,job_6003,6003,1656,1948,10
18509,job_6004,6004,1251,1529,45
18509,job_6005,6005,777,2623,12
18510,job_6006,6006,1829,2159,17
18510,job_6007,6007,1349,1540,46
18511,job_6008,6008,937,2440,25
18512,job_6009,6009,991,1940,36
18514,job_6010,6010,2031,2092,24
18516,job_6011,6011,905,2074,38
18517,job_6012,6012,900,1975,14
18518,job_6013,6013,896,1903,21
18519,job_6014,6014,1052,2417,46
18519,job_6015,6015,1120,1591,32
18519,job_6016,6016,1215,2271,43
18519,job_6017,6017,1441,2186,49
18521,job_6018,6018,1446,2412,37
18522,job_6019,6019,875,2487,42
18522,job_6020,6020,941,2557,38
18523,job_6021,6021,1241,1905,44
18523,job_6022,6022,877,2466,19
18525,job_6023,6023,1077,2353,16
18526,job_6024,6024,1331,2381,49
18526,job_6025,6025,814,1601,36
18526,job_6026,6026,978,1917,39
18526,job_6027,6027,1272,1776,42
18526,job_6028,6028,1500,1539,11
18528,job_6029,6029,1789,2536,41
18529,job_6030,6030,1067,1832,50
18530,job_6031,6031,960,2561,44
18531,job_6032,6032,1171,2548,34
18532,job_6033,6033,1702,1842,45
18532,job_6034,6034,759,1621,33
18533,job_6035,6035,1374,1357,34
18534,job_6036,6036,1211,1525,27
18535,job_6037,6037,1518,2012,39
18537,job_6038,6038,950,2037,28
18537,job_6039,6039,965,1591,13
18539,job_6040,6040,989,2997,18
18540,job_6041,6041,882,1515,10
18540,job_6042,6042,621,2266,45
18542,job_6043,6043,1433,2307,28
18544,job_6044,6044,919,2808,30
18546,job_6045,6045,1173,2061,50
18548,job_6046,6046,1241,1833,10
18548,job_6047,6047,1355,1889,30
18548,job_6048,6048,1036,2825,22
18549,job_6049,6049,1195,1763,45
18550,job_6050,6050,982,1778,23
18552,job_6051,6051,1049,1561,15
18553,job_6052,6052,1426,2316,48
18555,job_6053,6053,1555,1667,15
18557,job_6054,6054,1129,2910,13
18559,job_6055,6055,1664,1489,48
18561,job_6056,6056,1193,1833,17
18563,job_6057,6057,903,1279,16
18565,job_6058,6058,1394,2199,22
18566,job_6059,6059,1448,1681,14
18568,job_6060,6060,1163,2272,35
18570,job_6061,6061,1255,1752,26
18571,job_6062,6062,1238,1672,38
18573,job_6063,6063,1360,2089,46
18573,job_6064,6064,765,2213,29
18574,job_6065,6065,782,2294,20
18576,job_6066,6066,981,1102,29
18576,job_6067,6067,1180,2012,39
18577,job_6068,6068,562,1927,42
18578,job_6069,6069,1307,2441,39
18579,job_6070,6070,1210,2617,26
18580,job_6071,6071,874,1037,21
18580,job_6072,6072,1172,2192,12
18580,job_6073,6073,947,1096,26
18580,job_6074,6074,823,1899,50
18582,job_6075,6075,917,3092,11
18582,job_6076,6076,1050,1788,15
18584,job_6077,6077,1426,1812,14
18585,job_6078,6078,1418,2178,25
18585,job_6079,6079,1075,1252,11
18586,job_6080,6080,1031,2545,24
18586,job_6081,6081,920,2591,34
18588,job_6082,6082,773,2391,19
18589,job_6083,6083,1342,2046,40
18589,job_6084,6084,1099,2495,14
18590,job_6085,6085,719,1449,50
18591,job_6086,6086,1363,2146,43
18593,job_6087,6087,920,1399,42
18593,job_6088,6088,1254,1722,37
18595,job_6089,6089,1371,2644,15
18597,job_6090,6090,792,2596,23
18598,job_6091,6091,666,1600,16
18598,job_6092,6092,1142,2181,50
18600,job_6093,6093,964,2382,17
18602,job_6094,6094,1287,1812,38
18603,job_6095,6095,1581,920,42
18603,job_6096,6096,850,1718,32
18604,job_6097,6097,1009,2385,48
18604,job_6098,6098,1870,1659,28
18605,job_6099,6099,1246,2460,16
18605,job_6100,6100,736,1518,43
18607,job_6101,6101,1249,2101,29
18612,job_6102,6102,232,603,5
18612,job_6103,6103,924,1926,17
18612,job_6104,6104,1330,2318,33
18614,job_6105,6105,1015,2282,16
18615,job_6106,6106,1096,2538,40
18617,job_6107,6107,1178,2381,15
18619,job_6108,6108,992,1738,35
18621,job_6109,6109,1285,3011,30
18623,job_6110,6110,729,2171,34
18625,job_6111,6111,1441,1664,49
18625,job_6112,6112,1316,2192,48
18626,job_6113,6113,1491,2536,28
18627,job_6114,6114,1121,2600,43
18627,job_6115,6115,751,1832,17
18629,job_6116,6116,1480,1533,48
18629,job_6117,6117,1059,2117,49
18630,job_6118,6118,1509,2030,50
18632,job_6119,6119,1327,2932,21
18633,job_6120,6120,1041,1656,28
18633,job_6121,6121,1070,2545,17
18634,job_6122,6122,1161,1252,26
18636,job_6123,6123,845,946,11
18636,job_6124,6124,762,2115,35
18638,job_6125,6125,983,2027,39
18640,job_6126,6126,1141,3083,45
18641,job_6127,6127,1584,1553,12
18641,job_6128,6128,1267,2677,28
18641,job_6129,6129,1054,2524,21
18641,job_6130,6130,1008,1627,17
18642,job_6131,6131,868,2827,47
18642,job_6132,6132,952,2769,20
18643,job_6133,6133,1508,1900,10
18643,job_6134,6134,1467,1782,50
18643,job_6135,6135,1057,1035,37
18644,job_6136,6136,1205,2511,46
18646,job_6137,6137,1072,2439,34
18649,job_6138,6138,294,719,12
18650,job_6139,6139,1182,2543,32
18650,job_6140,6140,1165,1972,17
18652,job_6141,6141,1430,1374,13
18654,job_6142,6142,995,1505,13
18656,job_6143,6143,1645,2089,32
18656,job_6144,6144,1154,2311,45
18657,job_6145,6145,1236,2441,13
18657,job_6146,6146,746,1677,35
18657,job_6147,6147,754,1702,28
18657,job_6148,6148,1306,1957,40
18659,job_6149,6149,1851,1965,34
18660,job_6150,6150,834,2798,42
18662,job_6151,6151,1684,2096,41
18663,job_6152,6152,701,2104,45
18664,job_6153,6153,978,3257,34
18666,job_6154,6154,1424,1792,26
18667,job_6155,6155,1189,1500,32
18667,job_6156,6156,1612,2170,16
18668,job_6157,6157,957,1953,46
18670,job_6158,6158,1239,1900,20
18670,job_6159,6159,1058,2443,46
18678,job_6160,6160,261,491,12
18678,job_6161,6161,1123,2421,46
18680,job_6162,6162,1434,2373,34
18682,job_6163,6163,1358,1750,46
18682,job_6164,6164,1178,2150,19
18683,job_6165,6165,1642,1927,39
18683,job_6166,6166,1471,1997,20
18683,job_6167,6167,1536,1223,45
18683,job_6168,6168,1267,2386,19
18684,job_6169,6169,1290,1720,36
18684,job_6170,6170,1513,1890,32
18684,job_6171,6171,1048,1742,44
18685,job_6172,6172,971,1662,26
18686,job_6173,6173,767,2009,11
18686,job_6174,6174,1162,2158,18
18686,job_6175,6175,1455,2127,48
18686,job_6176,6176,1212,1603,39
18687,job_6177,6177,920,2098,13
18687,job_6178,6178,1372,1855,48
18687,job_6179,6179,1629,2700,45
18687,job_6180,6180,935,2185,40
18688,job_6181,6181,1101,1945,43
18688,job_6182,6182,1273,1266,50
18689,job_6183,6183,1134,1799,20
18691,job_6184,6184,1231,2053,50
18692,job_6185,6185,1060,2993,10
18694,job_6186,6186,894,1690,27
18694,job_6187,6187,1267,1750,10
18694,job_6188,6188,680,1964,16
18696,job_6189,6189,1755,1464,14
18697,job_6190,6190,1277,1929,18
18697,job_6191,6191,1745,3146,12
18697,job_6192,6192,991,1462,48
18699,job_6193,6193,658,1150,12
18707,job_6194,6194,493,511,6
18709,job_6195,6195,1588,1811,12
18709,job_6196,6196,952,1998,44
18711,job_6197,6197,1114,2971,33
18711,job_6198,6198,934,1328,31
18713,job_6199,6199,737,2932,18
18714,job_6200,6200,954,2071,13
18716,job_6201,6201,1447,2347,29
18718,job_6202,6202,1278,2593,34
18720,job_6203,6203,740,1543,37
18720,job_6204,6204,1108,2934,25
18720,job_6205,6205,1467,1336,24
18721,job_6206,6206,1480,1849,45
18723,job_6207,6207,1356,2713,26
18724,job_6208,6208,1374,2358,47
18724,job_6209,6209,1406,1698,17
18726,job_6210,6210,799,1172,29
18726,job_6211,6211,996,1753,41
18726,job_6212,6212,1527,1755,27
18726,job_6213,6213,664,2091,30
18727,job_6214,6214,1515,2345,37
18727,job_6215,6215,1320,2285,17
18727,job_6216,6216,1486,2406,26
18728,job_6217,6217,1355,2183,49
18728,job_6218,6218,1382,2818,38
18729,job_6219,6219,1454,2379,49
18730,job_6220,6220,1571,2844,46
18731,job_6221,6221,1358,2299,43
18733,job_6222,6222,1507,2920,22
18733,job_6223,6223,1113,3527,17
18735,job_6224,6224,1493,2325,27
18735,job_6225,6225,1202,3167,31
18735,job_6226,6226,603,1545,39
18736,job_6227,6227,1318,2477,40
18738,job_6228,6228,1477,2138,38
18739,job_6229,6229,1065,1573,13
18739,job_6230,6230,1426,2947,25
18739,job_6231,6231,980,2343,39
18741,job_6232,6232,1148,1796,43
18743,job_6233,6233,1146,1676,39
18743,job_6234,6234,920,2250,21
18745,job_6235,6235,1230,1675,24
18746,job_6236,6236,1077,2464,49
18748,job_6237,6237,1236,2142,17
18749,job_6238,6238,1437,1709,14
18749,job_6239,6239,1631,1350,48
18751,job_6240,6240,860,1980,37
18752,job_6241,6241,1432,2106,17
18754,job_6242,6242,1115,2287,21
18755,job_6243,6243,1379,2625,21
18756,job_6244,6244,947,1992,12
18756,job_6245,6245,851,1348,46
18757,job_6246,6246,891,1499,30
18757,job_6247,6247,1286,2245,18
18759,job_6248,6248,823,1545,40
18761,job_6249,6249,1083,1770,37
18762,job_6250,6250,629,1858,16
18764,job_6251,6251,1949,2367,46
18766,job_6252,6252,1411,1982,11
18768,job_6253,6253,1446,2481,24
18769,job_6254,6254,1293,2048,15
18771,job_6255,6255,755,2698,20
18773,job_6256,6256,1112,2419,33
18773,job_6257,6257,917,2131,31
18773,job_6258,6258,848,1742,23
18773,job_6259,6259,1092,2297,40
18775,job_6260,6260,1461,2065,13
18775,job_6261,6261,1279,1759,11
18777,job_6262,6262,1906,2774,45
18778,job_6263,6263,1709,3001,39
18780,job_6264,6264,1313,2783,20
18781,job_6265,6265,812,2008,18
18782,job_6266,6266,780,2093,31
18782,job_6267,6267,786,2253,23
18783,job_6268,6268,1301,2443,10
18783,job_6269,6269,802,1570,44
18784,job_6270,6270,871,2826,34
18786,job_6271,6271,892,2306,13
18788,job_6272,6272,1382,2222,16
18790,job_6273,6273,1591,2276,22
18791,job_6274,6274,885,1400,23
18792,job_6275,6275,646,1601,14
18792,job_6276,6276,1426,2058,33
18794,job_6277,6277,1687,3019,25
18795,job_6278,6278,1598,2132,40
18797,job_6279,6279,1228,2516,46
18799,job_6280,6280,1143,2626,42
18799,job_6281,6281,1082,1597,38
18800,job_6282,6282,1270,1844,29
18801,job_6283,6283,934,2470,47
18802,job_6284,6284,1159,1457,18
18802,job_6285,6285,1594,1693,41
18803,job_6286,6286,1297,2631,29
18803,job_6287,6287,1806,2215,25
18804,job_6288,6288,1092,1752,13
18805,job_6289,6289,1295,2589,26
18807,job_6290,6290,1281,2119,47
18809,job_6291,6291,1295,2136,28
18810,job_6292,6292,1024,1997,14
18811,job_6293,6293,606,1941,16
18813,job_6294,6294,785,2176,37
18814,job_6295,6295,792,2231,38
18816,job_6296,6296,225,2204,24
18816,job_6297,6297,1609,1843,10
18818,job_6298,6298,1410,2794,44
18820,job_6299,6299,839,1479,12
18821,job_6300,6300,1523,1361,50
18821,job_6301,6301,1207,597,35
18823,job_6302,6302,1094,2390,16
18823,job_6303,6303,1046,1811,32
18824,job_6304,6304,674,2165,18
18826,job_6305,6305,920,1357,29
18828,job_6306,6306,1013,1998,10
18829,job_6307,6307,1211,1627,11
18830,job_6308,6308,919,2166,15
18832,job_6309,6309,912,2627,14
18833,job_6310,6310,1275,2813,30
18833,job_6311,6311,393,1933,42
18834,job_6312,6312,876,2803,31
18836,job_6313,6313,1492,1755,20
18836,job_6314,6314,1098,2607,37
18837,job_6315,6315,1106,1832,17
18837,job_6316,6316,1098,2656,27
18838,job_6317,6317,1495,2334,27
18839,job_6318,6318,1312,2764,25
18839,job_6319,6319,1315,2271,16
18840,job_6320,6320,1634,2176,39
18840,job_6321,6321,867,1116,46
18840,job_6322,6322,1129,1149,21
18842,job_6323,6323,1391,2341,28
18842,job_6324,6324,1336,2497,48
18842,job_6325,6325,1392,1509,36
18843,job_6326,6326,867,2633,10
18843,job_6327,6327,1143,1023,27
18844,job_6328,6328,1450,2319,21
18844,job_6329,6329,1649,2322,34
18845,job_6330,6330,1216,1872,31
18847,job_6331,6331,414,1922,48
18849,job_6332,6332,1382,2650,44
18849,job_6333,6333,1146,2264,28
18849,job_6334,6334,1834,2490,32
18851,job_6335,6335,1824,1460,37
18853,job_6336,6336,1525,2226,32
18855,job_6337,6337,1707,1859,15
18857,job_6338,6338,1342,1445,16
18859,job_6339,6339,1129,1859,32
18861,job_6340,6340,1664,2463,32
18863,job_6341,6341,1345,1799,45
18864,job_6342,6342,936,1834,19
18865,job_6343,6343,1352,2459,46
18867,job_6344,6344,1082,2728,20
18869,job_6345,6345,998,1668,17
18870,job_6346,6346,1456,1693,35
18871,job_6347,6347,1115,1748,31
18872,job_6348,6348,1197,2313,16
18874,job_6349,6349,1527,1532,41
18875,job_6350,6350,897,2320,19
18876,job_6351,6351,1342,2568,13
18878,job_6352,6352,1513,1898,50
18879,job_6353,6353,891,2428,10
18879,job_6354,6354,1701,2708,39
18879,job_6355,6355,950,1473,40
18879,job_6356,6356,1172,3086,27
18880,job_6357,6357,1348,2055,33
18881,job_6358,6358,933,1765,39
18883,job_6359,6359,1071,1805,10
18885,job_6360,6360,1750,1950,40
18885,job_6361,6361,1118,3021,21
18886,job_6362,6362,1044,2719,45
18886,job_6363,6363,1060,2370,13
18887,job_6364,6364,1037,1645,35
18887,job_6365,6365,1528,2244,47
18889,job_6366,6366,1218,2797,38
18891,job_6367,6367,754,518,10
18891,job_6368,6368,883,3010,44
18892,job_6369,6369,1988,2589,50
18892,job_6370,6370,596,2829,11
18892,job_6371,6371,1325,1626,22
18893,job_6372,6372,955,1984,30
18893,job_6373,6373,1323,2221,30
18893,job_6374,6374,593,1247,21
18893,job_6375,6375,1159,2058,50
18895,job_6376,6376,1075,2506,44
18895,job_6377,6377,1227,1378,39
18897,job_6378,6378,1038,2882,19
18897,job_6379,6379,1389,1898,19
18899,job_6380,6380,1095,1957,48
18899,job_6381,6381,769,2644,24
18899,job_6382,6382,953,1907,43
18899,job_6383,6383,1232,2740,34
18900,job_6384,6384,1085,1977,30
18902,job_6385,6385,1500,1876,43
18902,job_6386,6386,1243,1938,46
18904,job_6387,6387,1376,2193,26
18904,job_6388,6388,1826,1891,11
18906,job_6389,6389,1006,2602,37
18907,job_6390,6390,996,2596,31
18909,job_6391,6391,1293,2863,24
18909,job_6392,6392,1311,1934,27
18909,job_6393,6393,1681,3061,37
18911,job_6394,6394,1647,1374,46
18911,job_6395,6395,1366,1661,50
18911,job_6396,6396,1584,2011,20
18913,job_6397,6397,1184,1138,25
18913,job_6398,6398,1455,1863,48
18915,job_6399,6399,1409,1950,45
18916,job_6400,6400,927,1839,47
18917,job_6401,6401,814,2209,24
18917,job_6402,6402,1289,1900,40
18917,job_6403,6403,1028,2124,31
18917,job_6404,6404,1752,2756,31
18918,job_6405,6405,1448,1889,17
18920,job_6406,6406,809,2152,31
18920,job_6407,6407,1194,1811,13
18921,job_6408,6408,1979,1839,35
18921,job_6409,6409,1241,2886,30
18923,job_6410,6410,1204,2043,47
18925,job_6411,6411,1185,2271,27
18927,job_6412,6412,1373,2568,36
18928,job_6413,6413,1097,655,50
18929,job_6414,6414,1166,2783,20
18929,job_6415,6415,954,1901,36
18931,job_6416,6416,1561,1785,43
18931,job_6417,6417,958,1360,29
18938,job_6418,6418,230,526,20
18938,job_6419,6419,1221,1843,40
18939,job_6420,6420,1408,1664,50
18940,job_6421,6421,1009,2545,31
18941,job_6422,6422,1423,1813,30
18941,job_6423,6423,1011,2222,50
18941,job_6424,6424,920,2323,39
18941,job_6425,6425,1237,3435,11
18941,job_6426,6426,1300,3128,42
18941,job_6427,6427,1417,2166,45
18941,job_6428,6428,556,2016,48
18942,job_6429,6429,1094,1485,11
18942,job_6430,6430,1402,2230,21
18944,job_6431,6431,1654,1725,32
18946,job_6432,6432,1111,1349,48
18946,job_6433,6433,908,2486,36
18948,job_6434,6434,1237,2842,28
18949,job_6435,6435,946,718,46
18950,job_6436,6436,711,2473,26
18951,job_6437,6437,1534,2463,40
18952,job_6438,6438,1480,1459,15
18953,job_6439,6439,1086,1314,45
18955,job_6440,6440,552,1442,35
18955,job_6441,6441,1142,2158,29
18956,job_6442,6442,1561,1687,40
18958,job_6443,6443,1314,2018,50
18959,job_6444,6444,1356,1107,47
18960,job_6445,6445,1244,1818,12
18962,job_6446,6446,972,2265,15
18963,job_6447,6447,1154,1486,20
18963,job_6448,6448,608,2857,11
18965,job_6449,6449,1235,1593,15
18966,job_6450,6450,1625,2031,24
18967,job_6451,6451,1466,1570,48
18968,job_6452,6452,1396,1107,42
18968,job_6453,6453,1205,2474,50
18970,job_6454,6454,1102,2201,44
18970,job_6455,6455,1365,1570,27
18972,job_6456,6456,1573,1767,44
18973,job_6457,6457,1349,2886,44
18973,job_6458,6458,1561,2095,34
18974,job_6459,6459,1404,2135,31
18974,job_6460,6460,858,3091,46
18974,job_6461,6461,862,1318,14
18975,job_6462,6462,1271,2254,27
18976,job_6463,6463,631,1924,48
18978,job_6464,6464,674,1969,32
18980,job_6465,6465,1176,1580,45
18980,job_6466,6466,1187,1997,36
18982,job_6467,6467,903,2246,42
18983,job_6468,6468,1236,2262,48
18984,job_6469,6469,1133,1209,33
18985,job_6470,6470,1154,1467,26
18986,job_6471,6471,489,2200,46
18986,job_6472,6472,1119,2097,45
18988,job_6473,6473,598,2302,32
18989,job_6474,6474,886,922,18
18991,job_6475,6475,1447,1362,47
18992,job_6476,6476,1444,2171,18
18992,job_6477,6477,1329,1847,15
18992,job_6478,6478,860,3131,21
18993,job_6479,6479,1086,1914,41
18994,job_6480,6480,1097,3020,33
18994,job_6481,6481,996,2097,33
18995,job_6482,6482,1479,1278,49
18997,job_6483,6483,1000,2715,21
18997,job_6484,6484,550,2353,50
18999,job_6485,6485,1093,2741,24
19001,job_6486,6486,1058,2480,43
19001,job_6487,6487,952,1972,29
19001,job_6488,6488,1249,2167,10
19003,job_6489,6489,1148,1895,22
19004,job_6490,6490,1070,2238,26
19006,job_6491,6491,848,2181,36
19006,job_6492,6492,1119,1897,26
19007,job_6493,6493,974,1227,25
19009,job_6494,6494,1366,2163,16
19009,job_6495,6495,1349,1469,48
19011,job_6496,6496,1605,1841,26
19013,job_6497,6497,662,1962,30
19013,job_6498,6498,1506,2211,29
19013,job_6499,6499,1297,2269,40
19015,job_6500,6500,1078,2359,40
19016,job_6501,6501,1694,2060,20
19018,job_6502,6502,1454,1486,35
19020,job_6503,6503,1265,1458,15
19020,job_6504,6504,1150,1881,32
19022,job_6505,6505,1378,2164,17
19022,job_6506,6506,1449,1523,26
19023,job_6507,6507,1182,1709,35
19023,job_6508,6508,1556,2089,35
19023,job_6509,6509,885,2014,20
19024,job_6510,6510,941,2167,21
19025,job_6511,6511,1022,1968,45
19026,job_6512,6512,1268,1741,22
19027,job_6513,6513,1422,2528,11
19027,job_6514,6514,1050,2329,23
19028,job_6515,6515,555,2651,20
19029,job_6516,6516,1260,2057,38
19029,job_6517,6517,799,1969,34
19030,job_6518,6518,708,2191,39
19031,job_6519,6519,992,2742,47
19033,job_6520,6520,1371,2295,27
19035,job_6521,6521,1534,1508,39
19036,job_6522,6522,1491,1453,42
19037,job_6523,6523,1589,2771,47
19039,job_6524,6524,1052,2279,31
19041,job_6525,6525,870,2612,33
19041,job_6526,6526,749,1272,50
19041,job_6527,6527,893,2150,49
19043,job_6528,6528,1154,1487,34
19043,job_6529,6529,1532,2083,11
19045,job_6530,6530,943,1629,30
19047,job_6531,6531,1291,1241,35
19048,job_6532,6532,1134,2456,17
19050,job_6533,6533,1217,2331,40
19051,job_6534,6534,1482,2089,21
19053,job_6535,6535,1228,2756,45
19053,job_6536,6536,1339,1823,49
19053,job_6537,6537,1217,2287,40
19053,job_6538,6538,1049,2078,49
19053,job_6539,6539,702,2048,33
19054,job_6540,6540,845,2043,15
19055,job_6541,6541,1124,1347,28
19055,job_6542,6542,1597,1796,28
19055,job_6543,6543,814,2823,47
19057,job_6544,6544,1714,2345,24
19057,job_6545,6545,1093,1787,16
19058,job_6546,6546,1130,3291,10
19059,job_6547,6547,1328,2662,13
19060,job_6548,6548,1740,2184,37
19060,job_6549,6549,1797,2250,15
19060,job_6550,6550,1427,2025,25
19060,job_6551,6551,1235,2144,15
19061,job_6552,6552,1376,2083,26
19061,job_6553,6553,1102,2043,39
19061,job_6554,6554,1228,2459,12
19061,job_6555,6555,1506,1909,45
19062,job_6556,6556,1188,2870,38
19062,job_6557,6557,1278,1681,43
19062,job_6558,6558,1238,1548,18
19063,job_6559,6559,853,2505,47
19065,job_6560,6560,667,2450,12
19067,job_6561,6561,1154,2559,12
19067,job_6562,6562,1767,2349,28
19069,job_6563,6563,1125,2488,48
19069,job_6564,6564,1036,1811,34
19071,job_6565,6565,1518,1422,14
19071,job_6566,6566,1319,1712,14
19072,job_6567,6567,1234,2016,41
19072,job_6568,6568,1184,1982,19
19073,job_6569,6569,822,1854,35
19077,job_6570,6570,238,491,9
19078,job_6571,6571,736,1715,16
19080,job_6572,6572,1615,1069,34
19081,job_6573,6573,1343,1012,46
19083,job_6574,6574,1270,1751,41
19084,job_6575,6575,1192,1725,35
19085,job_6576,6576,1416,2809,29
19087,job_6577,6577,1013,2162,42
19096,job_6578,6578,327,649,7
19096,job_6579,6579,1196,1951,37
19096,job_6580,6580,1385,1889,32
19096,job_6581,6581,1246,2548,49
19097,job_6582,6582,1390,964,34
19099,job_6583,6583,1507,1890,47
19101,job_6584,6584,1064,2418,31
19102,job_6585,6585,1078,1415,18
19102,job_6586,6586,389,1173,24
19103,job_6587,6587,1387,2612,21
19103,job_6588,6588,862,1700,48
19103,job_6589,6589,1420,2602,14
19103,job_6590,6590,940,1792,18
19111,job_6591,6591,272,583,20
19112,job_6592,6592,1860,2898,28
19114,job_6593,6593,838,1522,45
19116,job_6594,6594,1284,2049,26
19117,job_6595,6595,1362,1485,44
19117,job_6596,6596,759,2687,29
19117,job_6597,6597,1411,2650,13
19117,job_6598,6598,929,2039,18
19118,job_6599,6599,902,1582,16
19120,job_6600,6600,1131,1430,26
19121,job_6601,6601,969,2421,16
19123,job_6602,6602,1244,1585,36
19125,job_6603,6603,1442,2319,33
19126,job_6604,6604,1376,1997,35
19126,job_6605,6605,1135,2198,45
19126,job_6606,6606,1543,1219,12
19128,job_6607,6607,1063,1996,23
19129,job_6608,6608,1146,2978,32
19131,job_6609,6609,1416,2540,50
19133,job_6610,6610,289,334,13
19134,job_6611,6611,763,2711,35
19134,job_6612,6612,1197,2190,33
19136,job_6613,6613,1543,2024,27
19137,job_6614,6614,955,3022,17
19141,job_6615,6615,272,547,9
19141,job_6616,6616,1516,1735,47
19141,job_6617,6617,1402,3159,28
19141,job_6618,6618,1063,1884,40
19141,job_6619,6619,1248,2229,15
19143,job_6620,6620,722,2788,26
19144,job_6621,6621,533,1956,23
19144,job_6622,6622,950,2009,39
19145,job_6623,6623,1207,1611,20
19146,job_6624,6624,1342,1721,21
19147,job_6625,6625,595,1437,19
19148,job_6626,6626,1080,1936,16
19149,job_6627,6627,1117,1732,23
19151,job_6628,6628,1473,1964,23
19158,job_6629,6629,477,400,17
19159,job_6630,6630,867,1964,25
19160,job_6631,6631,1050,1854,18
19162,job_6632,6632,1180,1989,45
19162,job_6633,6633,1563,2315,34
19162,job_6634,6634,1284,1607,18
19164,job_6635,6635,1706,1581,18
19165,job_6636,6636,1217,1779,31
19165,job_6637,6637,1275,2415,25
19166,job_6638,6638,1442,2875,14
19166,job_6639,6639,1253,2083,15
19167,job_6640,6640,1697,2229,35
19167,job_6641,6641,1251,2850,18
19168,job_6642,6642,1116,1870,20
19168,job_6643,6643,1291,1670,46
19169,job_6644,6644,1090,2695,35
19170,job_6645,6645,952,2202,16
19172,job_6646,6646,1604,2074,25
19174,job_6647,6647,1196,1860,40
19174,job_6648,6648,1164,1562,37
19176,job_6649,6649,1643,2335,29
19177,job_6650,6650,1130,2229,43
19178,job_6651,6651,1693,2514,49
19180,job_6652,6652,1013,2484,25
19180,job_6653,6653,589,2940,13
19181,job_6654,6654,1406,1080,25
19181,job_6655,6655,1529,1335,36
19182,job_6656,6656,1196,621,31
19182,job_6657,6657,1059,2586,32
19184,job_6658,6658,1554,2098,29
19194,job_6659,6659,292,585,10
19194,job_6660,6660,1566,2123,29
19196,job_6661,6661,765,2558,11
19198,job_6662,6662,1064,1911,43
19198,job_6663,6663,1519,2402,13
19198,job_6664,6664,1423,1598,24
19199,job_6665,6665,1787,2098,20
19201,job_6666,6666,1285,2082,40
19204,job_6667,6667,202,372,10
19206,job_6668,6668,1431,1974,44
19206,job_6669,6669,1237,2449,30
19206,job_6670,6670,1111,1532,45
19206,job_6671,6671,1399,2056,16
19206,job_6672,6672,1152,1223,47
19206,job_6673,6673,1441,2477,38
19207,job_6674,6674,1086,1743,32
19207,job_6675,6675,1369,2776,31
19208,job_6676,6676,1409,1599,40
19210,job_6677,6677,654,2599,17
19212,job_6678,6678,1093,1974,25
19212,job_6679,6679,1045,2613,40
19212,job_6680,6680,1089,1854,43
19214,job_6681,6681,1099,1945,23
19216,job_6682,6682,1462,1978,41
19218,job_6683,6683,638,2217,28
19218,job_6684,6684,1010,1659,23
19220,job_6685,6685,1297,2555,42
19225,job_6686,6686,283,581,19
19225,job_6687,6687,1261,1816,13
19225,job_6688,6688,558,2051,45
19225,job_6689,6689,1139,2210,16
19226,job_6690,6690,639,1963,25
19227,job_6691,6691,1256,2613,19
19228,job_6692,6692,1057,2419,43
19229,job_6693,6693,1177,2214,48
19229,job_6694,6694,1199,1718,24
19230,job_6695,6695,1194,1978,22
19231,job_6696,6696,876,1814,23
19233,job_6697,6697,1044,1991,30
19233,job_6698,6698,1344,1676,40
19235,job_6699,6699,1151,1046,36
19237,job_6700,6700,1023,1839,29
19238,job_6701,6701,1246,1163,39
19240,job_6702,6702,1171,1653,27
19240,job_6703,6703,805,3183,20
19241,job_6704,6704,1085,2573,39
19241,job_6705,6705,1258,2079,27
19241,job_6706,6706,1500,2541,17
19243,job_6707,6707,1279,2101,30
19245,job_6708,6708,1171,2142,16
19245,job_6709,6709,1334,1750,38
19246,job_6710,6710,1244,1084,47
19246,job_6711,6711,996,2589,17
19247,job_6712,6712,1309,3373,37
19249,job_6713,6713,1026,1990,21
19249,job_6714,6714,1098,1676,33
19258,job_6715,6715,508,553,9
19258,job_6716,6716,784,2247,42
19259,job_6717,6717,1143,1914,34
19260,job_6718,6718,1104,1559,13
19261,job_6719,6719,570,1931,27
19263,job_6720,6720,996,2742,25
19263,job_6721,6721,979,1791,31
19263,job_6722,6722,729,2775,16
19265,job_6723,6723,1273,2361,25
19267,job_6724,6724,1319,3562,50
19277,job_6725,6725,323,523,17
19278,job_6726,6726,1316,2570,28
19278,job_6727,6727,1179,2016,24
19278,job_6728,6728,1277,1831,36
19280,job_6729,6729,1364,1899,12
19282,job_6730,6730,956,1130,29
19282,job_6731,6731,1366,2167,36
19282,job_6732,6732,1324,2494,33
19284,job_6733,6733,1397,3273,35
19286,job_6734,6734,1323,2598,46
19287,job_6735,6735,968,2435,18
19289,job_6736,6736,1171,2059,14
19289,job_6737,6737,1285,1952,31
19291,job_6738,6738,908,1962,43
19293,job_6739,6739,1472,2445,28
19294,job_6740,6740,1360,1131,24
19294,job_6741,6741,1140,1928,20
19294,job_6742,6742,1444,2775,11
19296,job_6743,6743,1099,1711,49
19296,job_6744,6744,1376,2657,21
19298,job_6745,6745,863,1997,38
19299,job_6746,6746,1330,2676,47
19300,job_6747,6747,1867,2506,20
19300,job_6748,6748,1338,1760,20
19309,job_6749,6749,351,186,11
19310,job_6750,6750,1053,3136,30
19311,job_6751,6751,908,3035,19
19311,job_6752,6752,1450,1747,35
19312,job_6753,6753,932,1556,24
19312,job_6754,6754,918,1837,37
19312,job_6755,6755,1353,960,36
19318,job_6756,6756,298,490,16
19319,job_6757,6757,624,2145,34
19321,job_6758,6758,1477,3068,27
19323,job_6759,6759,296,554,6
19324,job_6760,6760,947,1463,38
19326,job_6761,6761,1457,1485,33
19326,job_6762,6762,1418,1792,40
19326,job_6763,6763,1164,2190,27
19333,job_6764,6764,231,681,8
19340,job_6765,6765,340,527,15
19341,job_6766,6766,1452,1448,43
19341,job_6767,6767,1321,1966,19
19341,job_6768,6768,927,2545,33
19342,job_6769,6769,947,2372,25
19352,job_6770,6770,100,493,7
19354,job_6771,6771,1153,1235,49
19354,job_6772,6772,1161,2209,26
19356,job_6773,6773,251,634,10
19358,job_6774,6774,1410,2004,39
19358,job_6775,6775,1266,1673,45
19358,job_6776,6776,1162,2103,42
19360,job_6777,6777,1101,2191,39
19361,job_6778,6778,558,1352,20
19363,job_6779,6779,1348,2558,13
19364,job_6780,6780,1158,1913,35
19365,job_6781,6781,1591,1862,42
19367,job_6782,6782,1258,1832,27
19369,job_6783,6783,1481,2938,46
19371,job_6784,6784,1426,2000,19
19373,job_6785,6785,839,1555,22
19378,job_6786,6786,161,478,12
19378,job_6787,6787,1164,2416,26
19388,job_6788,6788,203,688,19
19388,job_6789,6789,1261,2140,44
19389,job_6790,6790,1705,2708,16
19389,job_6791,6791,1654,1861,50
19391,job_6792,6792,948,2030,37
19392,job_6793,6793,1387,1747,44
19392,job_6794,6794,1717,1748,10
19394,job_6795,6795,1067,2369,37
19396,job_6796,6796,1372,2122,50
19397,job_6797,6797,967,2173,16
19400,job_6798,6798,260,379,17
19402,job_6799,6799,1117,1786,34
19404,job_6800,6800,1538,2418,48
19404,job_6801,6801,1020,2444,25
19406,job_6802,6802,1850,2435,34
19406,job_6803,6803,1399,1446,48
19407,job_6804,6804,873,2283,38
19408,job_6805,6805,1184,2298,27
19410,job_6806,6806,1361,1306,48
19411,job_6807,6807,1200,1843,17
19413,job_6808,6808,731,2476,47
19415,job_6809,6809,369,506,6
19415,job_6810,6810,673,2451,15
19416,job_6811,6811,1371,2823,31
19416,job_6812,6812,1238,1393,33
19418,job_6813,6813,1505,1475,25
19418,job_6814,6814,1324,2715,42
19420,job_6815,6815,1363,1869,50
19420,job_6816,6816,1524,1696,14
19421,job_6817,6817,1505,2465,46
19423,job_6818,6818,1413,2320,44
19424,job_6819,6819,608,3031,19
19426,job_6820,6820,1111,1971,38
19426,job_6821,6821,813,2309,20
19426,job_6822,6822,1072,2345,15
19427,job_6823,6823,589,1885,32
19429,job_6824,6824,1430,958,34
19430,job_6825,6825,1419,1740,19
19431,job_6826,6826,911,2336,21
19432,job_6827,6827,825,2502,41
19432,job_6828,6828,1169,2188,35
19432,job_6829,6829,1157,1797,41
19435,job_6830,6830,168,455,6
19442,job_6831,6831,375,618,14
19442,job_6832,6832,884,1981,47
19444,job_6833,6833,879,1348,14
19444,job_6834,6834,1419,1681,12
19445,job_6835,6835,1501,2753,30
19446,job_6836,6836,1053,2941,11
19447,job_6837,6837,1296,2324,36
19448,job_6838,6838,1212,1682,32
19449,job_6839,6839,1561,2323,24
19449,job_6840,6840,1487,2146,27
19451,job_6841,6841,402,1291,33
19452,job_6842,6842,708,1886,31
19454,job_6843,6843,337,561,16
19462,job_6844,6844,234,345,10
19464,job_6845,6845,1210,2317,30
19466,job_6846,6846,1243,2932,11
19466,job_6847,6847,1031,1745,29
19467,job_6848,6848,1371,1751,10
19467,job_6849,6849,1241,1414,17
19468,job_6850,6850,1295,1931,17
19469,job_6851,6851,1142,1369,46
19479,job_6852,6852,373,579,12
19481,job_6853,6853,1198,1490,34
19483,job_6854,6854,469,1934,11
19491,job_6855,6855,443,504,20
19492,job_6856,6856,1064,1892,15
19492,job_6857,6857,1080,1775,18
19493,job_6858,6858,1904,1953,22
19495,job_6859,6859,952,1876,43
19497,job_6860,6860,1052,2000,21
19498,job_6861,6861,1594,1711,41
19499,job_6862,6862,1439,1924,26
19499,job_6863,6863,1280,1548,43
19499,job_6864,6864,1119,1942,37
19499,job_6865,6865,1165,2218,46
19500,job_6866,6866,1124,2287,38
19502,job_6867,6867,981,2106,11
19502,job_6868,6868,1219,1770,16
19503,job_6869,6869,930,2451,46
19504,job_6870,6870,1414,2058,28
19505,job_6871,6871,926,1739,10
19505,job_6872,6872,1089,2172,34
19505,job_6873,6873,1333,2486,29
19505,job_6874,6874,925,1331,41
19507,job_6875,6875,1136,1729,36
19507,job_6876,6876,1344,1571,29
19507,job_6877,6877,1249,1059,38
19509,job_6878,6878,1124,1698,50
19509,job_6879,6879,791,1702,45
19509,job_6880,6880,1546,2206,13
19510,job_6881,6881,1261,2469,15
19510,job_6882,6882,1204,2479,23
19512,job_6883,6883,1307,1868,40
19514,job_6884,6884,1180,1781,15
19516,job_6885,6885,1288,2223,16
19517,job_6886,6886,1066,1466,43
19524,job_6887,6887,297,548,10
19525,job_6888,6888,1045,1240,46
19526,job_6889,6889,1233,1877,34
19527,job_6890,6890,809,1497,32
19529,job_6891,6891,733,2001,37
19529,job_6892,6892,1167,2322,26
19531,job_6893,6893,1554,1926,22
19531,job_6894,6894,1561,1957,31
19531,job_6895,6895,1366,1816,46
19533,job_6896,6896,1719,2109,12
19535,job_6897,6897,1594,2530,10
19537,job_6898,6898,2023,1411,31
19539,job_6899,6899,1376,2838,45
19539,job_6900,6900,1474,1988,15
19548,job_6901,6901,151,560,10
19550,job_6902,6902,1229,1363,21
19552,job_6903,6903,1478,2063,29
19552,job_6904,6904,1147,2487,19
19552,job_6905,6905,1567,2269,47
19554,job_6906,6906,1138,2693,27
19555,job_6907,6907,966,2226,22
19557,job_6908,6908,437,493,10
19558,job_6909,6909,978,2434,31
19564,job_6910,6910,334,547,15
19564,job_6911,6911,1109,1780,13
19564,job_6912,6912,927,1897,50
19564,job_6913,6913,1038,2374,49
19566,job_6914,6914,805,1223,40
19566,job_6915,6915,1354,2258,49
19568,job_6916,6916,1265,2113,29
19570,job_6917,6917,1355,2632,42
19580,job_6918,6918,189,382,12
19580,job_6919,6919,1393,2567,12
19580,job_6920,6920,918,1587,35
19582,job_6921,6921,1180,2739,17
19582,job_6922,6922,1499,2305,15
19582,job_6923,6923,1143,2017,28
19582,job_6924,6924,1317,2026,31
19584,job_6925,6925,1260,2079,45
19585,job_6926,6926,1342,2532,40
19585,job_6927,6927,1290,1034,39
19585,job_6928,6928,1633,1836,41
19585,job_6929,6929,1749,1898,48
19586,job_6930,6930,993,2082,16
19587,job_6931,6931,931,2631,28
19587,job_6932,6932,901,3088,44
19597,job_6933,6933,297,549,12
19598,job_6934,6934,1039,2035,36
19598,job_6935,6935,1192,2406,20
19599,job_6936,6936,981,1643,30
19599,job_6937,6937,1238,1914,17
19609,job_6938,6938,204,631,6
19609,job_6939,6939,1331,1930,16
19611,job_6940,6940,737,1939,29
19613,job_6941,6941,1590,1856,42
19613,job_6942,6942,1222,1657,48
19614,job_6943,6943,807,2393,19
19616,job_6944,6944,763,1702,31
19617,job_6945,6945,1326,2557,23
19617,job_6946,6946,849,2699,50
19618,job_6947,6947,840,2682,11
19618,job_6948,6948,1216,2170,21
19620,job_6949,6949,1148,1588,48
19622,job_6950,6950,1147,1837,47
19624,job_6951,6951,1005,1741,42
19625,job_6952,6952,1028,1847,47
19625,job_6953,6953,1452,1243,32
19627,job_6954,6954,1080,2885,37
19627,job_6955,6955,1588,2454,14
19628,job_6956,6956,1785,1883,39
19628,job_6957,6957,1470,1989,15
19630,job_6958,6958,177,569,7
19636,job_6959,6959,384,460,15
19636,job_6960,6960,1150,2663,45
19638,job_6961,6961,997,2568,32
19638,job_6962,6962,1325,1907,21
19640,job_6963,6963,996,2182,10
19642,job_6964,6964,1101,1884,39
19644,job_6965,6965,1523,2366,30
19645,job_6966,6966,1158,1902,13
19647,job_6967,6967,1992,2367,30
19648,job_6968,6968,1461,1768,10
19648,job_6969,6969,1008,2348,11
19648,job_6970,6970,909,1805,15
19648,job_6971,6971,736,2138,34
19649,job_6972,6972,1403,1705,37
19651,job_6973,6973,1206,1283,42
19652,job_6974,6974,1080,2532,36
19654,job_6975,6975,1264,2701,12
19655,job_6976,6976,1712,1448,20
19655,job_6977,6977,1130,2762,12
19655,job_6978,6978,1216,1708,30
19656,job_6979,6979,1653,2123,15
19658,job_6980,6980,1497,2011,47
19658,job_6981,6981,1026,1580,18
19658,job_6982,6982,1606,1794,41
19659,job_6983,6983,1681,2118,31
19659,job_6984,6984,1251,1956,41
19665,job_6985,6985,310,509,5
19666,job_6986,6986,1698,2000,36
19667,job_6987,6987,639,3274,12
19669,job_6988,6988,1149,2653,21
19669,job_6989,6989,1433,2669,16
19670,job_6990,6990,1473,1620,12
19675,job_6991,6991,286,255,19
19675,job_6992,6992,1529,2449,29
19682,job_6993,6993,138,511,14
19682,job_6994,6994,1197,1689,20
19686,job_6995,6995,236,452,9
19687,job_6996,6996,1368,1530,23
19691,job_6997,6997,254,482,7
19693,job_6998,6998,1345,1868,35
19693,job_6999,6999,915,1768,42
19693,job_7000,7000,808,1089,43
19693,job_7001,7001,882,1679,48
19695,job_7002,7002,1363,2007,18
19695,job_7003,7003,1300,2388,37
19702,job_7004,7004,101,394,7
19703,job_7005,7005,936,2314,11
19705,job_7006,7006,709,2172,41
19715,job_7007,7007,282,486,12
19717,job_7008,7008,1315,2662,19
19723,job_7009,7009,346,575,15
19723,job_7010,7010,1114,2234,46
19724,job_7011,7011,1876,1964,13
19725,job_7012,7012,1045,1328,29
19727,job_7013,7013,1045,2706,49
19727,job_7014,7014,1161,2712,23
19727,job_7015,7015,1217,2759,16
19729,job_7016,7016,1207,2970,45
19729,job_7017,7017,771,2671,32
19730,job_7018,7018,1142,1661,32
19730,job_7019,7019,1392,1237,33
19731,job_7020,7020,1505,2200,13
19732,job_7021,7021,1053,2380,16
19734,job_7022,7022,285,527,7
19736,job_7023,7023,225,429,19
19736,job_7024,7024,1084,1665,10
19736,job_7025,7025,1715,956,24
19738,job_7026,7026,1399,1669,23
19738,job_7027,7027,502,2026,23
19740,job_7028,7028,1679,2767,44
19742,job_7029,7029,758,2522,37
19743,job_7030,7030,938,1607,49
19744,job_7031,7031,601,2513,25
19744,job_7032,7032,1317,1667,32
19746,job_7033,7033,345,501,18
19754,job_7034,7034,449,608,6
19754,job_7035,7035,1292,2916,30
19754,job_7036,7036,836,2102,40
19754,job_7037,7037,561,2404,37
19754,job_7038,7038,853,2328,47
19755,job_7039,7039,1283,1323,22
19756,job_7040,7040,1018,1982,38
19758,job_7041,7041,1423,2602,19
19759,job_7042,7042,916,2461,27
19767,job_7043,7043,308,474,12
19772,job_7044,7044,279,424,10
19773,job_7045,7045,1024,1845,17
19773,job_7046,7046,1502,2326,46
19773,job_7047,7047,1385,1632,25
19781,job_7048,7048,172,593,14
19783,job_7049,7049,1254,2339,20
19785,job_7050,7050,1399,1682,25
19791,job_7051,7051,143,526,9
19793,job_7052,7052,1130,2186,24
19795,job_7053,7053,1419,2045,23
19797,job_7054,7054,173,520,12
19798,job_7055,7055,1074,1422,15
19799,job_7056,7056,1193,2286,17
19800,job_7057,7057,1174,2721,26
19800,job_7058,7058,831,2807,40
19802,job_7059,7059,1373,1781,21
19806,job_7060,7060,221,559,11
19806,job_7061,7061,1141,1806,39
19814,job_7062,7062,228,557,8
19817,job_7063,7063,306,558,11
19818,job_7064,7064,1373,1110,27
19819,job_7065,7065,812,1757,40
19823,job_7066,7066,317,356,12
19825,job_7067,7067,1680,2240,41
19827,job_7068,7068,921,2261,48
19828,job_7069,7069,1715,2562,45
19829,job_7070,7070,1126,2349,43
19831,job_7071,7071,1362,2222,14
19837,job_7072,7072,310,283,14
19839,job_7073,7073,999,2917,14
19840,job_7074,7074,1708,2801,33
19841,job_7075,7075,1351,2156,43
19842,job_7076,7076,1113,2802,24
19843,job_7077,7077,411,1868,22
19844,job_7078,7078,583,1968,32
19846,job_7079,7079,1219,2098,25
19847,job_7080,7080,1042,2425,31
19849,job_7081,7081,843,2031,28
19850,job_7082,7082,604,1421,33
19850,job_7083,7083,1637,2345,19
19857,job_7084,7084,240,522,19
19859,job_7085,7085,858,467,41
19860,job_7086,7086,958,1443,10
19860,job_7087,7087,1517,2737,36
19860,job_7088,7088,558,1412,36
19862,job_7089,7089,1125,2558,22
19864,job_7090,7090,1431,2610,10
19865,job_7091,7091,1213,1715,42
19873,job_7092,7092,317,377,8
19873,job_7093,7093,917,2229,25
19882,job_7094,7094,479,543,8
19883,job_7095,7095,1089,2346,26
19884,job_7096,7096,1240,2239,40
19886,job_7097,7097,1113,2316,23
19895,job_7098,7098,535,510,6
19896,job_7099,7099,1025,2017,50
19898,job_7100,7100,909,1585,50
19898,job_7101,7101,1460,1554,32
19898,job_7102,7102,1307,1976,23
19899,job_7103,7103,1323,1601,25
19901,job_7104,7104,1122,1212,47
19904,job_7105,7105,319,536,14
19906,job_7106,7106,1702,2695,46
19906,job_7107,7107,1164,1812,37
19906,job_7108,7108,1226,2266,16
19907,job_7109,7109,1147,3365,13
19909,job_7110,7110,360,543,8
19910,job_7111,7111,1243,2564,40
19911,job_7112,7112,1481,2111,23
19913,job_7113,7113,791,1856,28
19915,job_7114,7114,1087,2266,13
19915,job_7115,7115,1324,1963,44
19916,job_7116,7116,822,1219,12
19917,job_7117,7117,537,1944,11
19922,job_7118,7118,237,536,18
19924,job_7119,7119,716,1517,28
19929,job_7120,7120,137,726,7
19929,job_7121,7121,1466,2140,39
19931,job_7122,7122,1936,2441,39
19931,job_7123,7123,687,2121,14
19933,job_7124,7124,934,3008,46
19935,job_7125,7125,1051,1962,12
19935,job_7126,7126,829,1037,19
19935,job_7127,7127,1138,1905,18
19935,job_7128,7128,1402,2318,33
19935,job_7129,7129,1647,2003,42
19941,job_7130,7130,294,370,9
19941,job_7131,7131,1641,2401,36
19941,job_7132,7132,879,2089,43
19945,job_7133,7133,383,646,12
19955,job_7134,7134,219,540,20
19956,job_7135,7135,1170,2323,18
19956,job_7136,7136,1378,1398,16
19956,job_7137,7137,1486,2108,21
19957,job_7138,7138,1630,2242,39
19958,job_7139,7139,1048,1954,39
19959,job_7140,7140,779,2721,26
19960,job_7141,7141,1546,2362,22
19960,job_7142,7142,1234,2192,29
19962,job_7143,7143,1031,2681,49
19963,job_7144,7144,1140,1572,17
19965,job_7145,7145,812,2344,45
19966,job_7146,7146,1129,2321,31
19974,job_7147,7147,424,495,10
19974,job_7148,7148,1260,1864,15
19974,job_7149,7149,1218,1597,43
19976,job_7150,7150,1241,2603,15
19977,job_7151,7151,1112,2303,29
19978,job_7152,7152,1497,2599,43
19981,job_7153,7153,395,425,16
19982,job_7154,7154,879,2092,14
19984,job_7155,7155,1200,2072,48
19984,job_7156,7156,1761,1419,35
19986,job_7157,7157,841,2212,35
19987,job_7158,7158,890,2354,47
19988,job_7159,7159,1184,2330,11
19989,job_7160,7160,1328,1254,44
19989,job_7161,7161,1762,2425,35
19991,job_7162,7162,1636,1840,10
19996,job_7163,7163,217,507,9
19997,job_7164,7164,1185,1829,39
19998,job_7165,7165,785,1846,10
20006,job_7166,7166,270,679,5
20008,job_7167,7167,745,1180,18
20009,job_7168,7168,997,2435,37
20009,job_7169,7169,532,2367,50
20009,job_7170,7170,847,2049,29
20011,job_7171,7171,1414,1515,39
20013,job_7172,7172,1958,2110,42
20014,job_7173,7173,1129,1812,21
20017,job_7174,7174,252,468,12
20019,job_7175,7175,696,2303,42
20020,job_7176,7176,1000,1683,45
20021,job_7177,7177,1038,2527,48
20022,job_7178,7178,942,2756,34
20024,job_7179,7179,1135,2062,31
20026,job_7180,7180,1667,1752,44
20027,job_7181,7181,1000,1510,26
20027,job_7182,7182,1286,1926,19
20030,job_7183,7183,375,562,13
20031,job_7184,7184,1163,3113,46
20032,job_7185,7185,1285,1681,48
20032,job_7186,7186,1009,977,44
20034,job_7187,7187,1372,2592,20
20035,job_7188,7188,1086,1954,42
20035,job_7189,7189,1357,2124,10
20036,job_7190,7190,1603,2116,29
20038,job_7191,7191,1313,2696,20
20042,job_7192,7192,286,624,10
20052,job_7193,7193,330,651,14
20053,job_7194,7194,1195,2932,44
20054,job_7195,7195,980,2415,27
20056,job_7196,7196,1320,2191,37
20064,job_7197,7197,485,526,6
20065,job_7198,7198,1126,2224,28
20070,job_7199,7199,290,474,19
20072,job_7200,7200,1210,2154,22
20077,job_7201,7201,204,522,13
20087,job_7202,7202,193,545,18
20094,job_7203,7203,515,395,20
20096,job_7204,7204,1145,1624,10
20097,job_7205,7205,1791,1340,49
20103,job_7206,7206,270,519,18
20109,job_7207,7207,451,412,13
20116,job_7208,7208,314,593,11
20117,job_7209,7209,1150,1935,44
20125,job_7210,7210,315,613,17
20125,job_7211,7211,988,1662,31
20126,job_7212,7212,1021,2152,44
20132,job_7213,7213,131,567,14
20134,job_7214,7214,1063,2201,47
20134,job_7215,7215,1095,1868,32
20134,job_7216,7216,1164,2822,47
20135,job_7217,7217,959,2228,18
20142,job_7218,7218,259,476,19
20142,job_7219,7219,1031,1490,30
20142,job_7220,7220,1149,2177,45
20143,job_7221,7221,1467,2464,36
20145,job_7222,7222,1210,2324,41
20147,job_7223,7223,963,1802,35
20149,job_7224,7224,899,2363,15
20150,job_7225,7225,1149,2132,17
20151,job_7226,7226,1222,1111,19
20152,job_7227,7227,1235,2398,39
20152,job_7228,7228,629,1393,50
20157,job_7229,7229,256,462,7
20159,job_7230,7230,887,1928,39
20161,job_7231,7231,1107,2411,21
20163,job_7232,7232,961,2150,13
20163,job_7233,7233,1056,2201,13
20163,job_7234,7234,1207,1809,24
20164,job_7235,7235,1224,2217,15
20165,job_7236,7236,1412,1475,29
20165,job_7237,7237,1226,2441,14
20166,job_7238,7238,535,2125,20
20168,job_7239,7239,611,1943,22
20173,job_7240,7240,260,653,18
20175,job_7241,7241,494,2166,34
20175,job_7242,7242,1042,1805,30
20176,job_7243,7243,1252,2321,48
20176,job_7244,7244,1203,1493,12
20177,job_7245,7245,1278,1557,48
20179,job_7246,7246,1792,2147,12
20180,job_7247,7247,1433,2325,45
20182,job_7248,7248,1128,2321,44
20182,job_7249,7249,1557,2403,43
20183,job_7250,7250,989,2126,38
20185,job_7251,7251,1058,2528,11
20191,job_7252,7252,482,433,6
20198,job_7253,7253,345,420,20
20199,job_7254,7254,928,1675,23
20205,job_7255,7255,401,524,10
20206,job_7256,7256,1351,1479,47
20212,job_7257,7257,279,541,6
20214,job_7258,7258,1251,2205,27
20216,job_7259,7259,1386,1894,29
20221,job_7260,7260,378,567,13
20221,job_7261,7261,1009,2179,39
20223,job_7262,7262,1221,2640,38
20223,job_7263,7263,1863,1921,32
20224,job_7264,7264,1231,2381,10
20232,job_7265,7265,349,544,15
20234,job_7266,7266,1148,2011,10
20236,job_7267,7267,198,579,11
20238,job_7268,7268,1069,1654,37
20246,job_7269,7269,176,497,11
20247,job_7270,7270,1397,2168,22
20254,job_7271,7271,191,593,7
20261,job_7272,7272,192,460,19
20262,job_7273,7273,1000,2125,13
20266,job_7274,7274,232,561,6
20268,job_7275,7275,958,1840,35
20270,job_7276,7276,1065,2865,14
20270,job_7277,7277,1342,2370,19
20272,job_7278,7278,708,2405,33
20281,job_7279,7279,197,404,15
20290,job_7280,7280,209,546,17
20300,job_7281,7281,558,357,15
20301,job_7282,7282,1547,1895,30
20304,job_7283,7283,311,595,20
20309,job_7284,7284,290,402,12
20309,job_7285,7285,877,1679,21
20315,job_7286,7286,406,478,8
20315,job_7287,7287,1123,1916,45
20317,job_7288,7288,1406,1827,16
20326,job_7289,7289,300,656,11
20331,job_7290,7290,100,463,15
20337,job_7291,7291,354,602,10
20337,job_7292,7292,911,1748,49
20338,job_7293,7293,1235,1618,41
20339,job_7294,7294,1513,901,44
20341,job_7295,7295,1220,1550,14
20348,job_7296,7296,443,449,11
20354,job_7297,7297,328,668,7
20356,job_7298,7298,742,1482,19
20356,job_7299,7299,1220,2530,29
20358,job_7300,7300,1204,2046,30
20360,job_7301,7301,1398,976,46
20361,job_7302,7302,1401,2257,48
20362,job_7303,7303,1217,1886,35
20372,job_7304,7304,339,523,5
20372,job_7305,7305,940,1429,23
20374,job_7306,7306,1125,2675,16
20377,job_7307,7307,279,582,15
20377,job_7308,7308,1215,1764,22
20377,job_7309,7309,1266,1529,25
20381,job_7310,7310,130,502,5
20381,job_7311,7311,1280,2259,29
20388,job_7312,7312,280,598,11
20394,job_7313,7313,391,386,10
20394,job_7314,7314,1186,1844,39
20400,job_7315,7315,458,475,9
20401,job_7316,7316,1043,2742,16
20401,job_7317,7317,1396,1711,10
20405,job_7318,7318,287,560,16
20406,job_7319,7319,1386,2450,27
20415,job_7320,7320,337,684,5
20417,job_7321,7321,215,517,10
20418,job_7322,7322,936,1842,45
20419,job_7323,7323,1137,2078,40
20420,job_7324,7324,1278,893,50
20420,job_7325,7325,935,2929,45
20420,job_7326,7326,1429,2102,26
20421,job_7327,7327,1212,1536,21
20422,job_7328,7328,1366,3437,32
20430,job_7329,7329,286,396,7
20431,job_7330,7330,445,2702,44
20431,job_7331,7331,1324,2544,38
20431,job_7332,7332,875,2704,14
20432,job_7333,7333,873,1914,28
20440,job_7334,7334,299,541,8
20450,job_7335,7335,100,476,9
20452,job_7336,7336,1622,2162,22
20454,job_7337,7337,981,1675,15
20461,job_7338,7338,139,465,14
20470,job_7339,7339,520,604,13
20471,job_7340,7340,688,1888,13
20480,job_7341,7341,336,601,14
20482,job_7342,7342,1126,1922,16
20484,job_7343,7343,938,3092,24
20486,job_7344,7344,329,464,7
20486,job_7345,7345,1321,1545,24
20486,job_7346,7346,1423,2597,15
20494,job_7347,7347,459,403,7
20502,job_7348,7348,198,379,7
20502,job_7349,7349,819,2629,15
20503,job_7350,7350,1582,1846,37
20503,job_7351,7351,1410,2629,31
20505,job_7352,7352,1652,2072,48
20507,job_7353,7353,792,1847,25
20507,job_7354,7354,553,1836,28
20508,job_7355,7355,719,1820,40
20508,job_7356,7356,1605,1848,31
20513,job_7357,7357,271,644,7
20515,job_7358,7358,1528,2190,36
20516,job_7359,7359,1015,1938,10
20516,job_7360,7360,1605,1674,23
20518,job_7361,7361,1131,1991,46
20519,job_7362,7362,1465,1619,32
20520,job_7363,7363,1161,1840,35
20521,job_7364,7364,1690,2540,24
20523,job_7365,7365,401,463,17
20525,job_7366,7366,1385,2523,18
20526,job_7367,7367,983,1575,27
20526,job_7368,7368,1192,2441,49
20527,job_7369,7369,1397,1725,29
20529,job_7370,7370,1270,2413,31
20529,job_7371,7371,1241,1712,43
20533,job_7372,7372,248,526,20
20533,job_7373,7373,1328,1779,42
20539,job_7374,7374,409,528,13
20546,job_7375,7375,288,304,7
20546,job_7376,7376,1280,2814,35
20547,job_7377,7377,966,1746,49
20550,job_7378,7378,244,452,12
20554,job_7379,7379,164,678,6
20555,job_7380,7380,1043,2183,18
20557,job_7381,7381,642,1525,46
20559,job_7382,7382,1518,1674,21
20566,job_7383,7383,233,351,5
20570,job_7384,7384,327,465,14
20572,job_7385,7385,364,495,5
20572,job_7386,7386,1491,1887,18
20580,job_7387,7387,572,759,15
20588,job_7388,7388,263,632,20
20590,job_7389,7389,1546,2070,27
20592,job_7390,7390,1564,2161,36
20602,job_7391,7391,133,712,5
20603,job_7392,7392,1567,2309,49
20606,job_7393,7393,256,475,12
20614,job_7394,7394,339,418,16
20616,job_7395,7395,857,2035,12
20620,job_7396,7396,365,588,16
20627,job_7397,7397,448,610,7
20634,job_7398,7398,362,647,17
20639,job_7399,7399,322,559,9
20640,job_7400,7400,997,2332,44
20644,job_7401,7401,388,671,9
20644,job_7402,7402,939,2009,47
20648,job_7403,7403,229,513,18
20657,job_7404,7404,378,439,10
20657,job_7405,7405,1173,2007,21
20657,job_7406,7406,871,2819,50
20667,job_7407,7407,319,443,9
20672,job_7408,7408,220,442,12
20679,job_7409,7409,281,421,16
20679,job_7410,7410,1043,1898,17
20681,job_7411,7411,136,459,17
20682,job_7412,7412,1866,1153,12
20690,job_7413,7413,244,487,15
20693,job_7414,7414,422,521,9
20693,job_7415,7415,1312,2175,30
20695,job_7416,7416,551,1557,47
20697,job_7417,7417,1705,2863,31
20699,job_7418,7418,1504,2088,50
20700,job_7419,7419,1264,3211,48
20705,job_7420,7420,290,486,17
20706,job_7421,7421,1159,2789,27
20711,job_7422,7422,288,574,12
20717,job_7423,7423,287,507,17
20720,job_7424,7424,205,536,20
20727,job_7425,7425,351,592,7
20728,job_7426,7426,1470,3545,10
20730,job_7427,7427,341,455,12
20732,job_7428,7428,1595,1818,44
20734,job_7429,7429,1234,1634,16
20734,job_7430,7430,1176,1941,31
20736,job_7431,7431,1089,1881,14
20737,job_7432,7432,1252,1462,48
20739,job_7433,7433,884,1711,43
20739,job_7434,7434,1894,2616,25
20740,job_7435,7435,1138,2951,30
20740,job_7436,7436,1236,2490,15
20742,job_7437,7437,1410,1817,49
20743,job_7438,7438,1480,1934,43
20751,job_7439,7439,121,537,19
20752,job_7440,7440,858,2197,19
20757,job_7441,7441,384,287,13
20763,job_7442,7442,398,563,15
20772,job_7443,7443,276,431,14
20775,job_7444,7444,414,453,17
20777,job_7445,7445,281,482,9
20779,job_7446,7446,919,2095,11
20781,job_7447,7447,259,606,7
20789,job_7448,7448,191,375,9
20796,job_7449,7449,236,554,9
20796,job_7450,7450,1370,1879,26
20798,job_7451,7451,627,2097,31
20802,job_7452,7452,446,554,8
20808,job_7453,7453,212,318,15
20810,job_7454,7454,1350,1898,10
20811,job_7455,7455,1841,2493,11
20812,job_7456,7456,787,1168,50
20812,job_7457,7457,1314,1976,18
20814,job_7458,7458,1043,2450,50
20814,job_7459,7459,952,1898,17
20814,job_7460,7460,484,1936,27
20815,job_7461,7461,790,2346,17
20816,job_7462,7462,1501,976,47
20818,job_7463,7463,1266,2248,22
20818,job_7464,7464,1125,2142,44
20827,job_7465,7465,535,594,12
20827,job_7466,7466,1068,2168,47
20836,job_7467,7467,248,417,7
20837,job_7468,7468,1240,2548,20
20838,job_7469,7469,1434,3220,47
20839,job_7470,7470,1470,2452,48
20849,job_7471,7471,385,510,13
20855,job_7472,7472,448,445,16
20855,job_7473,7473,1180,1830,13
20860,job_7474,7474,156,823,6
20860,job_7475,7475,1307,1682,42
20869,job_7476,7476,157,532,14
20873,job_7477,7477,365,190,16
20873,job_7478,7478,1224,2712,32
20873,job_7479,7479,1307,1096,16
20879,job_7480,7480,303,599,19
20879,job_7481,7481,1043,1860,47
20885,job_7482,7482,228,484,14
20887,job_7483,7483,1241,2432,33
20888,job_7484,7484,978,1484,29
20888,job_7485,7485,1309,2447,24
20888,job_7486,7486,1265,1650,47
20893,job_7487,7487,394,332,11
20893,job_7488,7488,1017,2741,30
20895,job_7489,7489,793,2211,36
20898,job_7490,7490,277,568,18
20899,job_7491,7491,1246,1734,32
20901,job_7492,7492,129,499,15
20903,job_7493,7493,1157,2287,10
20909,job_7494,7494,275,504,6
20911,job_7495,7495,1238,2000,46
20911,job_7496,7496,1083,2912,35
20911,job_7497,7497,1285,1644,42
20920,job_7498,7498,405,560,9
20929,job_7499,7499,201,505,20
20930,job_7500,7500,1445,1853,40
20932,job_7501,7501,1034,2837,37
20939,job_7502,7502,346,565,17
20940,job_7503,7503,1724,2190,27
20942,job_7504,7504,373,2191,31
20944,job_7505,7505,284,516,16
20946,job_7506,7506,1046,2227,40
20948,job_7507,7507,1396,1394,49
20954,job_7508,7508,297,704,11
20954,job_7509,7509,1439,1416,31
20954,job_7510,7510,1023,3133,41
20956,job_7511,7511,196,581,11
20961,job_7512,7512,217,589,9
20962,job_7513,7513,1058,1670,28
20962,job_7514,7514,1158,2179,37
20963,job_7515,7515,910,2373,22
20966,job_7516,7516,100,762,14
20968,job_7517,7517,1685,1482,27
20970,job_7518,7518,1263,1769,47
20972,job_7519,7519,1128,2065,17
20978,job_7520,7520,196,505,6
20987,job_7521,7521,279,426,13
20989,job_7522,7522,288,596,5
20991,job_7523,7523,1490,1694,50
20995,job_7524,7524,254,386,14
20996,job_7525,7525,1528,1694,16
21001,job_7526,7526,323,535,14
21003,job_7527,7527,1133,2381,24
21006,job_7528,7528,394,519,8
21006,job_7529,7529,1128,1694,49
21011,job_7530,7530,425,414,20
21012,job_7531,7531,916,1846,24
21014,job_7532,7532,1290,854,28
21014,job_7533,7533,1849,2285,28
21022,job_7534,7534,250,557,14
21026,job_7535,7535,259,615,16
21036,job_7536,7536,409,348,12
21043,job_7537,7537,233,613,13
21053,job_7538,7538,314,564,9
21055,job_7539,7539,1460,1309,18
21057,job_7540,7540,1332,1928,29
21059,job_7541,7541,1018,2686,29
21060,job_7542,7542,1695,2396,46
21062,job_7543,7543,842,2242,22
21067,job_7544,7544,218,392,13
21073,job_7545,7545,274,552,12
21074,job_7546,7546,1282,2101,47
21082,job_7547,7547,286,647,18
21082,job_7548,7548,1378,1886,25
21082,job_7549,7549,1244,1682,48
21083,job_7550,7550,1572,2169,44
21085,job_7551,7551,1079,2993,10
21090,job_7552,7552,240,540,5
21090,job_7553,7553,1764,2244,49
21096,job_7554,7554,372,690,17
21102,job_7555,7555,280,481,20
21103,job_7556,7556,1229,1692,46
21104,job_7557,7557,701,2603,19
21114,job_7558,7558,401,497,16
21121,job_7559,7559,292,566,14
21122,job_7560,7560,604,1716,20
21124,job_7561,7561,1501,1641,35
21130,job_7562,7562,373,540,18
21132,job_7563,7563,1111,2724,20
21137,job_7564,7564,299,467,16
21139,job_7565,7565,1389,1808,42
21146,job_7566,7566,477,493,17
21148,job_7567,7567,543,513,16
21148,job_7568,7568,1275,1682,18
21148,job_7569,7569,1306,1313,18
21148,job_7570,7570,1495,1847,13
21155,job_7571,7571,222,281,10
21155,job_7572,7572,1269,2786,50
21161,job_7573,7573,199,553,7
21163,job_7574,7574,318,587,9
21165,job_7575,7575,255,500,5
21166,job_7576,7576,1180,2032,47
21167,job_7577,7577,469,1523,38
21172,job_7578,7578,302,615,12
21174,job_7579,7579,832,1998,40
21180,job_7580,7580,404,534,15
21180,job_7581,7581,1763,1901,19
21186,job_7582,7582,435,552,9
21196,job_7583,7583,290,431,12
21198,job_7584,7584,1197,1795,39
21198,job_7585,7585,1369,1473,30
21202,job_7586,7586,420,481,17
21203,job_7587,7587,1677,1240,40
21203,job_7588,7588,906,2270,35
21208,job_7589,7589,448,613,14
21216,job_7590,7590,112,540,12
21221,job_7591,7591,278,395,20
21229,job_7592,7592,361,475,5
21231,job_7593,7593,256,385,10
21233,job_7594,7594,1351,2221,15
21235,job_7595,7595,1210,1778,14
21236,job_7596,7596,1596,1441,47
21239,job_7597,7597,178,363,19
21240,job_7598,7598,651,1722,38
21242,job_7599,7599,682,2093,13
21244,job_7600,7600,1048,1213,38
21246,job_7601,7601,1414,2972,32
21254,job_7602,7602,100,632,18
21264,job_7603,7603,100,212,19
21266,job_7604,7604,1298,1445,37
21266,job_7605,7605,818,610,41
21271,job_7606,7606,188,571,8
21274,job_7607,7607,498,440,10
21280,job_7608,7608,297,396,17
21283,job_7609,7609,387,378,15
21285,job_7610,7610,191,552,11
21294,job_7611,7611,360,462,5
21296,job_7612,7612,1850,1882,31
21297,job_7613,7613,1528,1822,11
21298,job_7614,7614,917,2200,44
21300,job_7615,7615,679,2379,28
21302,job_7616,7616,1397,2455,45
21307,job_7617,7617,264,715,7
21317,job_7618,7618,444,512,13
21327,job_7619,7619,239,480,6
21331,job_7620,7620,412,371,8
21333,job_7621,7621,665,1911,37
21339,job_7622,7622,277,700,8
21340,job_7623,7623,1099,1891,30
21342,job_7624,7624,979,2261,41
21344,job_7625,7625,200,588,6
21351,job_7626,7626,316,482,6
21351,job_7627,7627,725,1635,22
21352,job_7628,7628,1708,1739,11
21352,job_7629,7629,873,1332,34
21357,job_7630,7630,270,518,10
21359,job_7631,7631,659,1505,15
21367,job_7632,7632,267,508,16
21374,job_7633,7633,328,510,6
21380,job_7634,7634,282,616,16
21388,job_7635,7635,352,605,19
21389,job_7636,7636,687,2274,37
21391,job_7637,7637,1838,1688,37
21391,job_7638,7638,922,1744,45
21393,job_7639,7639,1382,1388,30
21394,job_7640,7640,1365,1428,30
21394,job_7641,7641,1305,2268,46
21395,job_7642,7642,998,2889,38
21402,job_7643,7643,360,523,13
21404,job_7644,7644,1250,1936,48
21405,job_7645,7645,1148,1951,36
21406,job_7646,7646,1015,2199,31
21415,job_7647,7647,448,447,5
21417,job_7648,7648,1200,1857,39
21418,job_7649,7649,1398,2000,10
21419,job_7650,7650,1070,2287,43
21421,job_7651,7651,359,581,18
21426,job_7652,7652,169,659,9
21435,job_7653,7653,330,497,16
21441,job_7654,7654,309,592,6
21443,job_7655,7655,1107,2722,48
21453,job_7656,7656,245,520,19
21459,job_7657,7657,184,530,17
21463,job_7658,7658,121,420,6
21464,job_7659,7659,914,1760,27
21467,job_7660,7660,484,409,8
21470,job_7661,7661,274,637,20
21474,job_7662,7662,284,468,5
21477,job_7663,7663,335,484,16
21479,job_7664,7664,1588,2592,35
21481,job_7665,7665,847,2557,33
21486,job_7666,7666,456,430,5
21488,job_7667,7667,1541,2001,37
21490,job_7668,7668,1917,2478,47
21490,job_7669,7669,812,2214,40
21490,job_7670,7670,958,2052,23
21490,job_7671,7671,1236,2112,48
21492,job_7672,7672,1055,1022,27
21495,job_7673,7673,185,616,8
21503,job_7674,7674,391,495,18
21505,job_7675,7675,869,1611,16
21512,job_7676,7676,417,447,8
21516,job_7677,7677,342,402,11
21521,job_7678,7678,259,479,5
21523,job_7679,7679,123,559,18
21533,job_7680,7680,298,520,12
21535,job_7681,7681,781,2053,29
21538,job_7682,7682,408,529,11
21539,job_7683,7683,1119,2386,29
21546,job_7684,7684,170,475,18
21556,job_7685,7685,227,682,17
21557,job_7686,7686,1622,2384,16
21564,job_7687,7687,263,482,14
21573,job_7688,7688,234,483,16
21583,job_7689,7689,349,537,17
21587,job_7690,7690,370,406,10
21589,job_7691,7691,1171,3361,25
21591,job_7692,7692,1144,2237,50
21596,job_7693,7693,279,558,20
21602,job_7694,7694,270,550,10
21606,job_7695,7695,323,426,9
21611,job_7696,7696,276,471,6
21619,job_7697,7697,274,611,20
21619,job_7698,7698,1030,2473,39
21622,job_7699,7699,318,403,10
21631,job_7700,7700,287,521,7
21632,job_7701,7701,1122,2703,29
21638,job_7702,7702,436,481,19
21642,job_7703,7703,333,568,7
21642,job_7704,7704,1624,2307,27
21645,job_7705,7705,253,639,14
21645,job_7706,7706,790,2298,39
21655,job_7707,7707,167,474,20
21663,job_7708,7708,241,396,10
21665,job_7709,7709,262,358,7
21667,job_7710,7710,1680,1115,15
21677,job_7711,7711,299,347,8
21679,job_7712,7712,1149,2166,42
21686,job_7713,7713,242,646,5
21693,job_7714,7714,235,307,14
21695,job_7715,7715,1748,1797,30
21695,job_7716,7716,1213,2061,38
21701,job_7717,7717,376,681,19
21701,job_7718,7718,1420,2053,41
21702,job_7719,7719,815,1827,31
21708,job_7720,7720,244,458,10
21708,job_7721,7721,1315,1957,20
21716,job_7722,7722,460,519,16
21721,job_7723,7723,224,404,10
21726,job_7724,7724,320,547,7
21730,job_7725,7725,383,566,18
21732,job_7726,7726,168,401,14
21742,job_7727,7727,369,445,11
21742,job_7728,7728,1713,1954,49
21743,job_7729,7729,1216,1639,48
21751,job_7730,7730,239,557,13
21752,job_7731,7731,976,2506,50
21760,job_7732,7732,278,419,13
21763,job_7733,7733,435,551,13
21764,job_7734,7734,1524,1688,46
21766,job_7735,7735,1065,1177,15
21768,job_7736,7736,210,524,20
21778,job_7737,7737,454,684,8
21782,job_7738,7738,442,418,5
21786,job_7739,7739,195,535,9
21795,job_7740,7740,388,424,7
21795,job_7741,7741,620,1366,29
21795,job_7742,7742,1358,1562,16
21805,job_7743,7743,329,634,8
21810,job_7744,7744,226,696,17
21820,job_7745,7745,308,567,6
21823,job_7746,7746,306,702,13
21823,job_7747,7747,1387,1854,11
21826,job_7748,7748,581,504,17
21826,job_7749,7749,1663,1525,27
21826,job_7750,7750,891,1833,14
21830,job_7751,7751,151,404,18
21832,job_7752,7752,1236,1686,41
21835,job_7753,7753,326,700,16
21844,job_7754,7754,315,396,13
21849,job_7755,7755,351,436,17
21859,job_7756,7756,443,629,15
21861,job_7757,7757,283,567,14
21862,job_7758,7758,1219,2352,15
21867,job_7759,7759,220,527,14
21869,job_7760,7760,1597,2452,46
21875,job_7761,7761,196,476,14
21876,job_7762,7762,1054,1305,31
21878,job_7763,7763,1179,2125,14
21882,job_7764,7764,283,557,12
21884,job_7765,7765,1286,2126,12
21886,job_7766,7766,1286,3046,36
21886,job_7767,7767,794,2245,43
21894,job_7768,7768,179,698,14
21896,job_7769,7769,100,600,14
21896,job_7770,7770,916,2775,38
21898,job_7771,7771,456,444,15
21903,job_7772,7772,437,550,18
21913,job_7773,7773,477,587,12
21918,job_7774,7774,406,604,19
21923,job_7775,7775,419,597,15
21927,job_7776,7776,346,553,19
21927,job_7777,7777,1351,3381,45
21932,job_7778,7778,425,274,20
21942,job_7779,7779,305,565,12
21945,job_7780,7780,372,628,12
21951,job_7781,7781,232,779,5
21957,job_7782,7782,171,440,8
21962,job_7783,7783,323,499,16
21962,job_7784,7784,897,2140,29
21969,job_7785,7785,100,596,17
21978,job_7786,7786,336,448,18
21980,job_7787,7787,1667,2432,50
21988,job_7788,7788,135,365,6
21989,job_7789,7789,1254,1589,47
21999,job_7790,7790,431,643,19
22002,job_7791,7791,256,476,16
22006,job_7792,7792,166,599,14
22009,job_7793,7793,385,490,12
22014,job_7794,7794,280,452,18
22017,job_7795,7795,367,534,20
22025,job_7796,7796,363,562,12
22030,job_7797,7797,208,575,15
22031,job_7798,7798,1500,2205,21
22038,job_7799,7799,331,498,10
22047,job_7800,7800,259,492,16
22047,job_7801,7801,1194,2214,26
22050,job_7802,7802,414,513,14
22058,job_7803,7803,402,514,16
22063,job_7804,7804,212,606,18
22069,job_7805,7805,227,419,13
22071,job_7806,7806,1342,2507,33
22081,job_7807,7807,269,399,17
22088,job_7808,7808,312,532,18
22090,job_7809,7809,347,325,11
22092,job_7810,7810,1021,2398,16
22093,job_7811,7811,1457,1923,24
22096,job_7812,7812,323,565,7
22100,job_7813,7813,259,491,6
22106,job_7814,7814,186,323,9
22114,job_7815,7815,209,382,16
22120,job_7816,7816,400,404,16
22130,job_7817,7817,502,445,9
22131,job_7818,7818,811,2030,38
22132,job_7819,7819,976,2434,33
22137,job_7820,7820,430,537,9
22139,job_7821,7821,861,2474,42
22143,job_7822,7822,218,719,12
22146,job_7823,7823,309,543,20
22147,job_7824,7824,927,1598,37
22149,job_7825,7825,265,400,20
22155,job_7826,7826,325,586,6
22157,job_7827,7827,441,441,12
22159,job_7828,7828,251,370,12
22163,job_7829,7829,393,414,7
22163,job_7830,7830,965,2384,22
22168,job_7831,7831,364,457,8
22174,job_7832,7832,316,562,17
22184,job_7833,7833,191,536,8
22186,job_7834,7834,1488,2170,13
22191,job_7835,7835,249,398,12
22198,job_7836,7836,411,417,6
22200,job_7837,7837,1479,2014,22
22206,job_7838,7838,194,503,18
22208,job_7839,7839,875,2088,19
22209,job_7840,7840,1499,1662,20
22212,job_7841,7841,212,505,18
22215,job_7842,7842,227,457,20
22222,job_7843,7843,375,436,14
22230,job_7844,7844,400,389,10
22232,job_7845,7845,690,2660,19
22236,job_7846,7846,100,400,11
22243,job_7847,7847,234,597,16
22245,job_7848,7848,1024,2310,30
22250,job_7849,7849,181,458,5
22252,job_7850,7850,1075,1125,49
22256,job_7851,7851,248,466,10
22265,job_7852,7852,197,670,10
22269,job_7853,7853,451,598,6
22270,job_7854,7854,769,1507,47
22270,job_7855,7855,1220,2381,32
22273,job_7856,7856,388,599,18
22273,job_7857,7857,1282,1957,23
22273,job_7858,7858,1189,2374,45
22275,job_7859,7859,249,549,8
22276,job_7860,7860,771,1418,26
22284,job_7861,7861,352,445,10
22291,job_7862,7862,261,465,6
22297,job_7863,7863,386,555,17
22299,job_7864,7864,1608,2397,23
22304,job_7865,7865,416,406,20
22305,job_7866,7866,882,2006,39
22307,job_7867,7867,1040,1675,31
22307,job_7868,7868,1432,2095,24
22311,job_7869,7869,329,661,20
22320,job_7870,7870,395,457,9
22320,job_7871,7871,800,1916,25
22324,job_7872,7872,279,381,10
22332,job_7873,7873,354,564,13
22338,job_7874,7874,333,346,6
22348,job_7875,7875,381,655,20
22353,job_7876,7876,294,479,15
22355,job_7877,7877,1355,2693,32
22357,job_7878,7878,260,599,7
22359,job_7879,7879,365,686,10
22367,job_7880,7880,533,620,8
22374,job_7881,7881,218,314,14
22380,job_7882,7882,253,339,17
22386,job_7883,7883,341,624,5
22395,job_7884,7884,427,630,16
22404,job_7885,7885,244,415,13
22411,job_7886,7886,299,645,13
22414,job_7887,7887,313,525,13
22424,job_7888,7888,330,502,7
22432,job_7889,7889,357,509,8
22435,job_7890,7890,390,615,17
22442,job_7891,7891,277,435,7
22444,job_7892,7892,1827,1046,12
22447,job_7893,7893,181,464,11
22448,job_7894,7894,1746,2647,49
22458,job_7895,7895,343,485,5
22460,job_7896,7896,770,2096,16
22464,job_7897,7897,455,569,9
22469,job_7898,7898,328,717,9
22470,job_7899,7899,1508,1828,41
22472,job_7900,7900,1397,2929,25
22477,job_7901,7901,296,556,17
22479,job_7902,7902,1515,1815,16
22479,job_7903,7903,1239,3221,22
22481,job_7904,7904,1084,1524,43
22485,job_7905,7905,177,536,9
22495,job_7906,7906,189,591,15
22497,job_7907,7907,777,1533,39
22506,job_7908,7908,366,466,19
22508,job_7909,7909,579,1697,22
22512,job_7910,7910,222,478,7
22518,job_7911,7911,594,772,9
22521,job_7912,7912,289,580,16
22523,job_7913,7913,800,2111,32
22523,job_7914,7914,959,1830,44
22530,job_7915,7915,537,472,20
22540,job_7916,7916,139,671,15
22546,job_7917,7917,280,429,7
22555,job_7918,7918,354,638,5
22561,job_7919,7919,293,490,7
22566,job_7920,7920,170,369,14
22570,job_7921,7921,415,523,16
22570,job_7922,7922,779,1519,38
22572,job_7923,7923,166,773,15
22572,job_7924,7924,1440,2050,26
22577,job_7925,7925,128,463,19
22579,job_7926,7926,1287,1452,37
22580,job_7927,7927,1493,1650,46
22585,job_7928,7928,297,521,5
22591,job_7929,7929,295,737,17
22597,job_7930,7930,340,451,16
22605,job_7931,7931,209,434,11
22607,job_7932,7932,1103,1027,38
22609,job_7933,7933,1078,2526,34
22616,job_7934,7934,279,678,9
22620,job_7935,7935,329,540,7
22622,job_7936,7936,100,515,5
22632,job_7937,7937,300,440,6
22639,job_7938,7938,280,488,14
22641,job_7939,7939,1785,2001,42
22646,job_7940,7940,333,374,14
22651,job_7941,7941,185,496,6
22654,job_7942,7942,471,491,16
22656,job_7943,7943,1206,1007,22
22658,job_7944,7944,887,1820,45
22661,job_7945,7945,184,552,8
22670,job_7946,7946,550,617,13
22676,job_7947,7947,259,458,8
22682,job_7948,7948,337,481,11
22683,job_7949,7949,1509,963,27
22683,job_7950,7950,1355,1393,43
22687,job_7951,7951,384,563,6
22695,job_7952,7952,413,570,19
22702,job_7953,7953,342,466,16
22710,job_7954,7954,495,311,19
22718,job_7955,7955,312,460,15
22728,job_7956,7956,377,486,9
22736,job_7957,7957,364,640,18
22742,job_7958,7958,303,587,16
22752,job_7959,7959,432,517,12
22760,job_7960,7960,368,481,15
22761,job_7961,7961,1150,2500,34
22771,job_7962,7962,115,672,18
22780,job_7963,7963,103,603,7
22782,job_7964,7964,1203,2272,47
22782,job_7965,7965,1313,2089,31
22791,job_7966,7966,459,526,10
22791,job_7967,7967,1430,2561,18
22799,job_7968,7968,399,503,10
22801,job_7969,7969,247,511,9
22801,job_7970,7970,1470,2230,40
22807,job_7971,7971,416,369,14
22814,job_7972,7972,279,655,16
22819,job_7973,7973,210,369,18
22821,job_7974,7974,247,488,7
22826,job_7975,7975,552,725,19
22829,job_7976,7976,253,431,15
22837,job_7977,7977,200,515,9
22837,job_7978,7978,1060,2496,35
22847,job_7979,7979,240,455,10
22852,job_7980,7980,231,470,10
22860,job_7981,7981,529,585,12
22862,job_7982,7982,1686,2278,28
22862,job_7983,7983,1268,1652,38
22866,job_7984,7984,308,438,10
22876,job_7985,7985,349,487,18
22884,job_7986,7986,335,440,15
22886,job_7987,7987,1128,1946,10
22896,job_7988,7988,340,651,16
22904,job_7989,7989,353,697,7
22906,job_7990,7990,1205,2415,41
22907,job_7991,7991,937,1653,20
22907,job_7992,7992,1743,2356,44
22907,job_7993,7993,819,2024,37
22914,job_7994,7994,163,520,15
22915,job_7995,7995,1218,1072,48
22917,job_7996,7996,865,1973,13
22920,job_7997,7997,345,531,5
22920,job_7998,7998,1178,2179,26
22927,job_7999,7999,369,625,6
22933,job_8000,8000,268,666,10
22934,job_8001,8001,1447,1727,26
22942,job_8002,8002,355,620,12
22950,job_8003,8003,601,563,5
22958,job_8004,8004,211,526,9
22968,job_8005,8005,312,448,11
22970,job_8006,8006,333,520,12
22977,job_8007,8007,100,531,11
22984,job_8008,8008,286,489,9
22989,job_8009,8009,372,534,11
22991,job_8010,8010,331,602,6
22998,job_8011,8011,372,365,12
23008,job_8012,8012,607,614,9
23018,job_8013,8013,353,592,14
23020,job_8014,8014,1142,2106,26
23022,job_8015,8015,1503,1970,37
23029,job_8016,8016,431,721,12
23031,job_8017,8017,1578,1921,39
23041,job_8018,8018,241,591,9
23041,job_8019,8019,1052,1759,17
23042,job_8020,8020,656,2720,16
23044,job_8021,8021,515,517,11
23051,job_8022,8022,371,246,16
23053,job_8023,8023,242,507,12
23056,job_8024,8024,460,375,18
23066,job_8025,8025,296,385,7
23071,job_8026,8026,479,523,16
23071,job_8027,8027,682,2839,32
23072,job_8028,8028,1660,1612,10
23078,job_8029,8029,272,612,16
23088,job_8030,8030,100,763,7
23098,job_8031,8031,368,441,15
23106,job_8032,8032,210,494,5
23106,job_8033,8033,1661,2088,48
23107,job_8034,8034,1551,2001,48
23113,job_8035,8035,248,531,19
23117,job_8036,8036,484,442,16
23121,job_8037,8037,317,433,18
23126,job_8038,8038,307,360,9
23134,job_8039,8039,232,427,20
23138,job_8040,8040,176,545,7
23140,job_8041,8041,1110,2267,30
23149,job_8042,8042,133,458,9
23159,job_8043,8043,233,432,15
23165,job_8044,8044,326,631,18
23174,job_8045,8045,285,585,9
23175,job_8046,8046,973,1587,26
23184,job_8047,8047,316,597,12
23186,job_8048,8048,1260,2358,41
23192,job_8049,8049,380,434,14
23193,job_8050,8050,935,2339,36
23193,job_8051,8051,1591,2500,27
23199,job_8052,8052,193,486,7
23203,job_8053,8053,208,441,15
23213,job_8054,8054,480,635,19
23215,job_8055,8055,1549,1813,30
23221,job_8056,8056,318,403,12
23223,job_8057,8057,1093,2315,35
23225,job_8058,8058,1317,1675,11
23226,job_8059,8059,1335,2371,40
23232,job_8060,8060,304,446,9
23232,job_8061,8061,1027,2065,45
23238,job_8062,8062,222,364,19
23239,job_8063,8063,1293,2632,20
23249,job_8064,8064,179,541,16
23251,job_8065,8065,1201,1913,30
23256,job_8066,8066,233,322,7
23266,job_8067,8067,358,552,10
23273,job_8068,8068,295,587,13
23279,job_8069,8069,172,330,14
23287,job_8070,8070,317,448,10
23294,job_8071,8071,100,475,13
23296,job_8072,8072,1394,2251,26
23304,job_8073,8073,366,496,15
23308,job_8074,8074,252,694,11
23315,job_8075,8075,295,397,9
23318,job_8076,8076,202,368,12
23322,job_8077,8077,280,471,14
23331,job_8078,8078,342,314,9
23338,job_8079,8079,192,448,17
23347,job_8080,8080,367,463,20
23350,job_8081,8081,537,517,6
23351,job_8082,8082,1381,1772,15
23357,job_8083,8083,273,580,12
23363,job_8084,8084,424,649,16
23370,job_8085,8085,352,569,17
23380,job_8086,8086,388,218,17
23389,job_8087,8087,390,319,5
23391,job_8088,8088,1269,2247,16
23392,job_8089,8089,1151,3201,30
23401,job_8090,8090,267,567,14
23404,job_8091,8091,303,302,19
23404,job_8092,8092,1760,2248,38
23408,job_8093,8093,433,383,19
23418,job_8094,8094,480,488,10
23425,job_8095,8095,375,459,6
23428,job_8096,8096,353,582,20
23437,job_8097,8097,499,546,6
23438,job_8098,8098,1345,1367,24
23440,job_8099,8099,524,2020,37
23445,job_8100,8100,353,548,7
23451,job_8101,8101,281,327,13
23457,job_8102,8102,298,421,11
23457,job_8103,8103,1259,1696,23
23459,job_8104,8104,450,459,10
23461,job_8105,8105,139,579,8
23463,job_8106,8106,1345,1815,50
23473,job_8107,8107,296,401,8
23481,job_8108,8108,409,600,5
23484,job_8109,8109,317,342,13
23485,job_8110,8110,1151,2558,13
23491,job_8111,8111,364,591,16
23500,job_8112,8112,390,407,12
23502,job_8113,8113,996,2473,45
23505,job_8114,8114,103,594,16
23511,job_8115,8115,434,290,16
23520,job_8116,8116,249,508,8
23524,job_8117,8117,309,445,17
23534,job_8118,8118,228,482,13
23544,job_8119,8119,257,417,14
23544,job_8120,8120,827,3024,16
23550,job_8121,8121,315,387,6
23557,job_8122,8122,356,484,15
23564,job_8123,8123,461,475,19
23568,job_8124,8124,369,460,13
23574,job_8125,8125,405,428,15
23576,job_8126,8126,1604,2429,18
23584,job_8127,8127,214,471,9
23587,job_8128,8128,358,492,13
23592,job_8129,8129,534,481,8
23596,job_8130,8130,195,497,7
23604,job_8131,8131,262,420,15
23606,job_8132,8132,365,512,11
23611,job_8133,8133,521,387,10
23616,job_8134,8134,242,798,10
23622,job_8135,8135,401,595,19
23627,job_8136,8136,174,716,14
23629,job_8137,8137,293,330,16
23631,job_8138,8138,301,599,7
23636,job_8139,8139,144,449,15
23639,job_8140,8140,466,463,12
23641,job_8141,8141,100,443,5
23647,job_8142,8142,100,324,5
23653,job_8143,8143,415,543,5
23656,job_8144,8144,440,508,13
23656,job_8145,8145,780,1621,21
23663,job_8146,8146,321,447,10
23669,job_8147,8147,161,601,12
23676,job_8148,8148,268,455,14
23677,job_8149,8149,1140,2640,23
23687,job_8150,8150,209,369,12
23692,job_8151,8151,392,366,16
23701,job_8152,8152,448,392,17
23710,job_8153,8153,373,625,7
23719,job_8154,8154,374,601,12
23719,job_8155,8155,1228,1487,38
23719,job_8156,8156,1304,1232,35
23720,job_8157,8157,1265,1832,48
23720,job_8158,8158,1413,2065,29
23729,job_8159,8159,433,489,12
23739,job_8160,8160,348,523,17
23740,job_8161,8161,1409,1761,13
23748,job_8162,8162,493,467,6
23748,job_8163,8163,1142,1570,34
23753,job_8164,8164,409,578,5
23755,job_8165,8165,228,430,14
23757,job_8166,8166,308,370,13
23758,job_8167,8167,808,2553,48
23766,job_8168,8168,306,417,15
23775,job_8169,8169,362,246,20
23783,job_8170,8170,251,402,16
23791,job_8171,8171,207,644,16
23801,job_8172,8172,331,424,11
23808,job_8173,8173,412,502,11
23812,job_8174,8174,252,631,18
23821,job_8175,8175,333,492,15
23823,job_8176,8176,936,1478,35
23833,job_8177,8177,379,456,15
23841,job_8178,8178,272,546,8
23847,job_8179,8179,351,577,15
23855,job_8180,8180,146,481,11
23865,job_8181,8181,266,553,16
23867,job_8182,8182,299,498,13
23868,job_8183,8183,1059,2036,33
23875,job_8184,8184,248,545,13
23878,job_8185,8185,356,616,16
23878,job_8186,8186,1175,2486,35
23880,job_8187,8187,1264,2769,36
23882,job_8188,8188,831,1185,44
23886,job_8189,8189,267,619,5
23890,job_8190,8190,508,527,16
23895,job_8191,8191,356,371,15
23897,job_8192,8192,359,714,11
23903,job_8193,8193,244,435,20
23910,job_8194,8194,305,492,8
23912,job_8195,8195,1580,1616,36
23916,job_8196,8196,310,414,15
23917,job_8197,8197,816,1954,30
23918,job_8198,8198,1364,1341,30
23927,job_8199,8199,249,425,12
23934,job_8200,8200,268,633,13
23940,job_8201,8201,348,483,19
23943,job_8202,8202,100,534,18
23953,job_8203,8203,188,582,18
23963,job_8204,8204,326,395,12
23968,job_8205,8205,397,496,11
23975,job_8206,8206,237,641,14
23976,job_8207,8207,1520,2518,12
23984,job_8208,8208,207,412,17
23994,job_8209,8209,399,585,18
24003,job_8210,8210,143,427,15
24005,job_8211,8211,326,564,17
24015,job_8212,8212,252,627,9
24017,job_8213,8213,946,3319,42
24017,job_8214,8214,861,1073,43
24027,job_8215,8215,291,478,7
24033,job_8216,8216,349,507,20
24035,job_8217,8217,1624,1053,44
24044,job_8218,8218,437,356,10
24046,job_8219,8219,191,381,8
24050,job_8220,8220,306,505,5
24051,job_8221,8221,879,1726,25
24058,job_8222,8222,614,525,8
24058,job_8223,8223,954,986,43
24060,job_8224,8224,1340,2296,31
24069,job_8225,8225,250,571,16
24073,job_8226,8226,369,587,7
24076,job_8227,8227,312,511,20
24082,job_8228,8228,283,312,13
24088,job_8229,8229,244,476,16
24091,job_8230,8230,260,550,10
24093,job_8231,8231,285,446,18
24098,job_8232,8232,406,545,14
24102,job_8233,8233,294,533,17
24112,job_8234,8234,292,505,10
24122,job_8235,8235,235,430,9
24132,job_8236,8236,355,345,14
24141,job_8237,8237,467,565,14
24144,job_8238,8238,360,495,16
24146,job_8239,8239,1085,2073,18
24149,job_8240,8240,318,316,9
24154,job_8241,8241,395,486,12
24156,job_8242,8242,238,511,15
24160,job_8243,8243,172,569,18
24165,job_8244,8244,326,378,8
24173,job_8245,8245,322,542,12
24181,job_8246,8246,354,598,11
24190,job_8247,8247,375,514,19
24199,job_8248,8248,265,576,16
24209,job_8249,8249,406,458,20
24217,job_8250,8250,498,425,11
24226,job_8251,8251,336,476,12
24235,job_8252,8252,184,672,20
24241,job_8253,8253,198,403,17
24248,job_8254,8254,276,573,8
24252,job_8255,8255,157,476,11
24262,job_8256,8256,542,471,8
24271,job_8257,8257,165,507,9
24281,job_8258,8258,237,488,11
24286,job_8259,8259,244,452,18
24286,job_8260,8260,1293,2320,27
24288,job_8261,8261,1408,2666,37
24290,job_8262,8262,1074,1841,29
24294,job_8263,8263,407,558,19
24296,job_8264,8264,1009,2608,28
24296,job_8265,8265,1237,1150,39
24301,job_8266,8266,317,507,6
24303,job_8267,8267,879,2123,43
24304,job_8268,8268,1562,2016,26
24306,job_8269,8269,1356,1791,30
24308,job_8270,8270,240,709,18
24313,job_8271,8271,264,595,13
24318,job_8272,8272,383,457,7
24322,job_8273,8273,141,313,10
24324,job_8274,8274,1859,1604,49
24329,job_8275,8275,303,637,17
24334,job_8276,8276,407,520,20
24344,job_8277,8277,429,452,8
24352,job_8278,8278,338,484,10
24360,job_8279,8279,207,571,9
24362,job_8280,8280,1180,2286,16
24371,job_8281,8281,302,486,18
24375,job_8282,8282,375,479,20
24376,job_8283,8283,1092,2653,17
24378,job_8284,8284,313,340,8
24379,job_8285,8285,1497,2227,48
24384,job_8286,8286,304,592,5
24386,job_8287,8287,335,442,15
24388,job_8288,8288,826,2196,28
24394,job_8289,8289,141,602,19
24394,job_8290,8290,1020,2178,32
24402,job_8291,8291,447,587,5
24407,job_8292,8292,426,466,10
24415,job_8293,8293,278,643,20
24415,job_8294,8294,1084,2436,47
24423,job_8295,8295,258,497,20
24433,job_8296,8296,316,446,6
24440,job_8297,8297,114,673,7
24450,job_8298,8298,388,597,7
24451,job_8299,8299,985,1870,27
24454,job_8300,8300,229,579,6
24462,job_8301,8301,374,666,6
24471,job_8302,8302,183,650,7
24472,job_8303,8303,497,1691,36
24477,job_8304,8304,100,403,12
24487,job_8305,8305,179,449,15
24496,job_8306,8306,416,659,20
24503,job_8307,8307,356,646,20
24513,job_8308,8308,262,405,8
24515,job_8309,8309,370,587,7
24524,job_8310,8310,100,473,12
24532,job_8311,8311,115,630,14
24538,job_8312,8312,328,415,10
24545,job_8313,8313,332,643,12
24545,job_8314,8314,875,1205,23
24551,job_8315,8315,306,596,7
24558,job_8316,8316,261,652,6
24558,job_8317,8317,1221,1576,26
24564,job_8318,8318,414,492,5
24567,job_8319,8319,188,499,12
24577,job_8320,8320,341,606,16
24585,job_8321,8321,141,477,6
24590,job_8322,8322,486,534,11
24597,job_8323,8323,352,506,18
24606,job_8324,8324,277,419,7
24607,job_8325,8325,1154,2124,38
24616,job_8326,8326,345,307,10
24620,job_8327,8327,276,388,13
24630,job_8328,8328,304,421,16
24635,job_8329,8329,377,633,9
24639,job_8330,8330,350,505,8
24642,job_8331,8331,361,392,9
24646,job_8332,8332,123,509,16
24649,job_8333,8333,169,427,10
24658,job_8334,8334,352,594,6
24661,job_8335,8335,329,482,15
24669,job_8336,8336,361,410,17
24677,job_8337,8337,164,303,11
24678,job_8338,8338,1362,1990,39
24685,job_8339,8339,263,431,19
24693,job_8340,8340,368,606,17
24701,job_8341,8341,529,547,9
24701,job_8342,8342,1572,2219,47
24706,job_8343,8343,235,453,16
24708,job_8344,8344,399,620,14
24710,job_8345,8345,263,562,9
24715,job_8346,8346,201,543,8
24717,job_8347,8347,1293,2161,14
24719,job_8348,8348,912,2001,28
24728,job_8349,8349,420,410,15
24736,job_8350,8350,299,465,13
24743,job_8351,8351,458,773,12
24751,job_8352,8352,229,497,16
24755,job_8353,8353,388,489,19
24759,job_8354,8354,348,544,6
24768,job_8355,8355,274,587,13
24773,job_8356,8356,406,580,8
24778,job_8357,8357,330,469,13
24787,job_8358,8358,240,406,10
24795,job_8359,8359,186,638,14
24801,job_8360,8360,244,518,16
24803,job_8361,8361,366,489,10
24812,job_8362,8362,149,512,15
24818,job_8363,8363,239,457,10
24820,job_8364,8364,1318,2119,39
24826,job_8365,8365,149,490,11
24828,job_8366,8366,216,648,16
24833,job_8367,8367,163,366,16
24834,job_8368,8368,1794,2334,36
24834,job_8369,8369,1020,2481,11
24837,job_8370,8370,275,543,8
24846,job_8371,8371,255,440,9
24854,job_8372,8372,404,519,8
24864,job_8373,8373,131,458,12
24874,job_8374,8374,340,581,16
24875,job_8375,8375,933,2750,39
24881,job_8376,8376,311,438,14
24886,job_8377,8377,423,703,14
24891,job_8378,8378,385,500,14
24896,job_8379,8379,174,502,7
24905,job_8380,8380,413,784,15
24906,job_8381,8381,1466,2417,43
24914,job_8382,8382,400,582,7
24922,job_8383,8383,111,463,9
24929,job_8384,8384,100,507,5
24932,job_8385,8385,424,521,11
24934,job_8386,8386,1000,2021,20
24944,job_8387,8387,444,623,18
24948,job_8388,8388,289,477,7
24956,job_8389,8389,117,669,10
24963,job_8390,8390,409,529,12
24972,job_8391,8391,217,609,15
24979,job_8392,8392,357,677,14
24987,job_8393,8393,418,596,7
24991,job_8394,8394,313,437,5
24993,job_8395,8395,100,494,6
24995,job_8396,8396,325,585,16
25001,job_8397,8397,169,429,9
25011,job_8398,8398,249,635,6
25015,job_8399,8399,362,554,11
25018,job_8400,8400,174,582,20
25023,job_8401,8401,245,594,20
25025,job_8402,8402,241,554,5
25032,job_8403,8403,250,461,17
25037,job_8404,8404,195,292,8
25044,job_8405,8405,288,399,20
25050,job_8406,8406,100,622,10
25054,job_8407,8407,193,445,18
25060,job_8408,8408,322,479,13
25061,job_8409,8409,1018,2071,13
25068,job_8410,8410,420,485,15
25078,job_8411,8411,268,667,19
25085,job_8412,8412,509,515,13
25086,job_8413,8413,1320,2653,20
25092,job_8414,8414,269,463,9
25096,job_8415,8415,507,606,10
25102,job_8416,8416,270,296,5
25109,job_8417,8417,380,476,6
25112,job_8418,8418,555,431,13
25114,job_8419,8419,100,534,7
25118,job_8420,8420,286,587,14
25126,job_8421,8421,400,284,6
25132,job_8422,8422,222,358,15
25140,job_8423,8423,393,591,7
25140,job_8424,8424,1414,1783,10
25150,job_8425,8425,271,463,16
25158,job_8426,8426,124,494,6
25160,job_8427,8427,227,433,6
25165,job_8428,8428,323,496,15
25170,job_8429,8429,325,531,12
25179,job_8430,8430,208,337,18
25184,job_8431,8431,201,547,5
25184,job_8432,8432,1124,2104,16
25194,job_8433,8433,133,550,15
25200,job_8434,8434,196,582,5
25207,job_8435,8435,295,458,7
25209,job_8436,8436,195,356,9
25212,job_8437,8437,295,499,10
25219,job_8438,8438,100,452,17
25219,job_8439,8439,1651,1092,20
25225,job_8440,8440,246,506,12
25229,job_8441,8441,334,438,15
25231,job_8442,8442,177,464,8
25236,job_8443,8443,222,537,15
25243,job_8444,8444,541,485,16
25252,job_8445,8445,353,332,14
25258,job_8446,8446,501,405,11
25260,job_8447,8447,313,598,19
25266,job_8448,8448,339,635,12
25275,job_8449,8449,343,429,13
25275,job_8450,8450,984,1798,24
25276,job_8451,8451,1446,2084,31
25279,job_8452,8452,314,499,12
25281,job_8453,8453,305,579,20
25287,job_8454,8454,298,579,19
25291,job_8455,8455,398,469,15
25296,job_8456,8456,337,645,20
25305,job_8457,8457,245,445,16
25311,job_8458,8458,352,199,15
25313,job_8459,8459,103,527,15
25323,job_8460,8460,262,397,7
25328,job_8461,8461,151,424,8
25333,job_8462,8462,425,555,17
25342,job_8463,8463,207,630,17
25350,job_8464,8464,246,534,11
25355,job_8465,8465,281,625,12
25362,job_8466,8466,244,716,16
25371,job_8467,8467,238,541,6
25380,job_8468,8468,268,589,15
25387,job_8469,8469,292,469,17
25389,job_8470,8470,1300,2176,39
25398,job_8471,8471,229,354,13
25407,job_8472,8472,293,416,9
25417,job_8473,8473,240,449,16
25419,job_8474,8474,360,450,10
25422,job_8475,8475,239,653,17
25429,job_8476,8476,266,549,8
25434,job_8477,8477,263,762,18
25440,job_8478,8478,355,549,14
25442,job_8479,8479,449,489,10
25452,job_8480,8480,281,488,20
25461,job_8481,8481,347,349,17
25463,job_8482,8482,1139,1698,13
25468,job_8483,8483,418,603,6
25476,job_8484,8484,277,396,11
25476,job_8485,8485,1493,2741,20
25482,job_8486,8486,320,718,14
25484,job_8487,8487,409,645,13
25494,job_8488,8488,211,335,5
25496,job_8489,8489,1004,1570,33
25498,job_8490,8490,940,2079,40
25503,job_8491,8491,366,475,9
25509,job_8492,8492,376,445,15
25518,job_8493,8493,300,468,18
25521,job_8494,8494,282,471,19
25526,job_8495,8495,235,337,7
25533,job_8496,8496,277,337,18
25540,job_8497,8497,200,609,8
25547,job_8498,8498,134,570,12
25554,job_8499,8499,221,662,20
25558,job_8500,8500,316,435,8
25563,job_8501,8501,453,414,14
25572,job_8502,8502,141,478,18
25581,job_8503,8503,283,520,19
25588,job_8504,8504,207,466,19
25596,job_8505,8505,319,763,5
25596,job_8506,8506,1183,1706,31
25599,job_8507,8507,269,498,11
25601,job_8508,8508,313,484,7
25603,job_8509,8509,460,481,19
25613,job_8510,8510,486,697,7
25613,job_8511,8511,943,1929,47
25622,job_8512,8512,307,425,11
25630,job_8513,8513,486,594,20
25631,job_8514,8514,839,2003,22
25638,job_8515,8515,479,518,15
25642,job_8516,8516,293,530,8
25651,job_8517,8517,321,314,13
25652,job_8518,8518,802,1643,41
25657,job_8519,8519,100,653,5
25658,job_8520,8520,1092,2177,20
25666,job_8521,8521,328,520,13
25668,job_8522,8522,243,292,15
25678,job_8523,8523,212,647,15
25680,job_8524,8524,325,524,8
25684,job_8525,8525,171,550,8
25687,job_8526,8526,130,498,8
25694,job_8527,8527,476,496,20
25699,job_8528,8528,277,244,12
25702,job_8529,8529,198,452,19
25709,job_8530,8530,360,578,5
25714,job_8531,8531,515,620,14
25717,job_8532,8532,318,505,17
25718,job_8533,8533,1192,1499,15
25722,job_8534,8534,224,609,14
25728,job_8535,8535,275,484,7
25730,job_8536,8536,304,625,5
25740,job_8537,8537,208,536,7
25742,job_8538,8538,1351,2564,12
25747,job_8539,8539,315,427,9
25756,job_8540,8540,330,516,6
25764,job_8541,8541,271,648,16
25766,job_8542,8542,288,549,9
25768,job_8543,8543,315,601,6
25773,job_8544,8544,429,494,10
25775,job_8545,8545,149,589,16
25781,job_8546,8546,262,420,7
25790,job_8547,8547,326,551,7
25796,job_8548,8548,160,595,20
25805,job_8549,8549,293,640,6
25811,job_8550,8550,228,425,15
25812,job_8551,8551,1157,3171,30
25814,job_8552,8552,226,478,20
25824,job_8553,8553,302,658,18
25826,job_8554,8554,281,596,12
25833,job_8555,8555,224,551,6
25842,job_8556,8556,294,510,10
25848,job_8557,8557,285,409,7
25855,job_8558,8558,303,465,5
25862,job_8559,8559,484,282,20
25867,job_8560,8560,207,534,18
25870,job_8561,8561,153,565,11
25872,job_8562,8562,542,533,12
25882,job_8563,8563,200,585,20
25889,job_8564,8564,377,448,15
25891,job_8565,8565,485,363,16
25891,job_8566,8566,1413,2094,47
25895,job_8567,8567,227,609,14
25900,job_8568,8568,334,450,7
25904,job_8569,8569,373,491,9
25908,job_8570,8570,100,561,15
25911,job_8571,8571,170,609,15
25911,job_8572,8572,1305,1457,28
25916,job_8573,8573,217,515,5
25921,job_8574,8574,277,469,14
25925,job_8575,8575,179,220,11
25932,job_8576,8576,413,768,17
25935,job_8577,8577,379,562,13
25945,job_8578,8578,288,464,17
25953,job_8579,8579,321,404,16
25959,job_8580,8580,291,438,16
25965,job_8581,8581,255,506,13
25971,job_8582,8582,172,510,6
25971,job_8583,8583,1315,1717,49
25981,job_8584,8584,314,536,15
25983,job_8585,8585,229,524,18
25989,job_8586,8586,450,663,18
25999,job_8587,8587,279,448,16
26002,job_8588,8588,399,745,6
26006,job_8589,8589,351,385,19
26014,job_8590,8590,263,407,11
26016,job_8591,8591,272,295,9
26021,job_8592,8592,181,693,6
26024,job_8593,8593,100,589,5
26033,job_8594,8594,388,532,14
26039,job_8595,8595,207,558,7
26040,job_8596,8596,1536,1287,36
26050,job_8597,8597,342,600,9
26060,job_8598,8598,300,736,7
26064,job_8599,8599,371,529,8
26073,job_8600,8600,453,380,16
26078,job_8601,8601,395,553,19
26088,job_8602,8602,302,449,12
26091,job_8603,8603,252,585,18
26101,job_8604,8604,188,750,20
26103,job_8605,8605,139,468,6
26113,job_8606,8606,306,532,10
26123,job_8607,8607,254,636,18
26128,job_8608,8608,413,486,20
26130,job_8609,8609,1224,2566,24
26139,job_8610,8610,310,568,10
26149,job_8611,8611,246,592,20
26149,job_8612,8612,1223,1376,31
26152,job_8613,8613,221,411,14
26161,job_8614,8614,438,472,17
26166,job_8615,8615,422,481,13
26175,job_8616,8616,409,509,19
26178,job_8617,8617,148,458,10
26178,job_8618,8618,883,2229,34
26181,job_8619,8619,344,518,10
26187,job_8620,8620,407,429,16
26195,job_8621,8621,190,359,14
26200,job_8622,8622,100,585,14
26204,job_8623,8623,440,489,10
26206,job_8624,8624,677,2046,20
26210,job_8625,8625,323,358,6
26216,job_8626,8626,290,528,11
26221,job_8627,8627,100,522,12
26223,job_8628,8628,786,1369,32
26229,job_8629,8629,393,526,8
26232,job_8630,8630,394,593,7
26240,job_8631,8631,193,501,11
26247,job_8632,8632,251,405,12
26250,job_8633,8633,326,571,13
26251,job_8634,8634,1435,2533,48
26254,job_8635,8635,358,586,10
26263,job_8636,8636,161,447,9
26270,job_8637,8637,223,579,13
26275,job_8638,8638,355,375,9
26283,job_8639,8639,276,454,7
26287,job_8640,8640,390,349,14
26292,job_8641,8641,368,539,20
26300,job_8642,8642,481,654,20
26309,job_8643,8643,341,601,7
26314,job_8644,8644,205,435,18
26320,job_8645,8645,249,740,5
26328,job_8646,8646,350,471,20
26330,job_8647,8647,420,322,19
26337,job_8648,8648,179,470,15
26344,job_8649,8649,179,640,8
26349,job_8650,8650,242,420,10
26355,job_8651,8651,523,626,7
26357,job_8652,8652,100,511,19
26366,job_8653,8653,478,475,19
26373,job_8654,8654,250,587,10
26379,job_8655,8655,245,662,16
26382,job_8656,8656,334,491,8
26386,job_8657,8657,303,628,14
26392,job_8658,8658,169,448,8
26398,job_8659,8659,228,570,15
26402,job_8660,8660,340,528,7
26408,job_8661,8661,522,411,20
26417,job_8662,8662,328,547,19
26426,job_8663,8663,384,420,16
26431,job_8664,8664,218,443,16
26439,job_8665,8665,387,637,5
26445,job_8666,8666,191,566,10
26448,job_8667,8667,314,575,14
26456,job_8668,8668,506,402,6
26463,job_8669,8669,248,515,14
26473,job_8670,8670,297,482,13
26479,job_8671,8671,100,559,5
26487,job_8672,8672,419,553,10
26492,job_8673,8673,384,538,19
26499,job_8674,8674,368,442,20
26504,job_8675,8675,344,655,18
26506,job_8676,8676,394,492,20
26515,job_8677,8677,239,457,19
26523,job_8678,8678,407,682,17
26529,job_8679,8679,380,453,10
26535,job_8680,8680,356,594,16
26538,job_8681,8681,298,676,14
26541,job_8682,8682,421,495,16
26549,job_8683,8683,294,495,6
26558,job_8684,8684,426,445,11
26565,job_8685,8685,282,409,10
26567,job_8686,8686,339,506,8
26575,job_8687,8687,289,761,19
26583,job_8688,8688,180,324,16
26589,job_8689,8689,240,686,19
26592,job_8690,8690,394,591,19
26593,job_8691,8691,760,2386,31
26595,job_8692,8692,330,392,15
26605,job_8693,8693,367,575,6
26615,job_8694,8694,393,566,13
26617,job_8695,8695,296,586,18
26622,job_8696,8696,192,477,16
26632,job_8697,8697,260,698,5
26634,job_8698,8698,169,458,19
26643,job_8699,8699,325,476,13
26644,job_8700,8700,1541,2181,43
26646,job_8701,8701,412,518,6
26651,job_8702,8702,412,585,18
26661,job_8703,8703,137,511,13
26664,job_8704,8704,422,555,18
26668,job_8705,8705,349,476,12
26670,job_8706,8706,969,1587,34
26675,job_8707,8707,186,370,20
26685,job_8708,8708,357,369,9
26687,job_8709,8709,1225,799,31
26695,job_8710,8710,409,364,10
26700,job_8711,8711,206,367,12
26705,job_8712,8712,297,710,13
26710,job_8713,8713,247,496,9
26712,job_8714,8714,183,587,10
26721,job_8715,8715,466,549,17
26730,job_8716,8716,247,530,14
26739,job_8717,8717,253,546,9
26745,job_8718,8718,122,402,15
26755,job_8719,8719,473,271,19
26765,job_8720,8720,299,375,8
26767,job_8721,8721,2100,1544,43
26773,job_8722,8722,399,543,14
26773,job_8723,8723,1208,1272,23
26781,job_8724,8724,383,522,7
26786,job_8725,8725,187,735,12
26792,job_8726,8726,473,372,13
26794,job_8727,8727,240,331,11
26796,job_8728,8728,129,485,20
26803,job_8729,8729,463,481,18
26812,job_8730,8730,318,417,13
26822,job_8731,8731,341,485,9
26832,job_8732,8732,326,406,9
26832,job_8733,8733,1005,2323,40
26838,job_8734,8734,294,489,18
26843,job_8735,8735,241,572,10
26845,job_8736,8736,329,477,13
26852,job_8737,8737,507,652,8
26860,job_8738,8738,299,516,19
26863,job_8739,8739,234,678,12
26864,job_8740,8740,1275,1396,35
26870,job_8741,8741,224,570,8
26878,job_8742,8742,278,536,6
26881,job_8743,8743,392,322,6
26885,job_8744,8744,422,361,8
26893,job_8745,8745,224,685,17
26898,job_8746,8746,327,668,8
26907,job_8747,8747,234,523,16
26913,job_8748,8748,196,499,6
26914,job_8749,8749,1567,1910,44
26923,job_8750,8750,221,436,5
26926,job_8751,8751,283,791,20
26929,job_8752,8752,338,549,11
26933,job_8753,8753,315,388,14
26943,job_8754,8754,389,493,8
26943,job_8755,8755,961,2346,46
26952,job_8756,8756,443,435,11
26957,job_8757,8757,143,449,6
26959,job_8758,8758,287,497,12
26966,job_8759,8759,290,499,8
26968,job_8760,8760,346,440,14
26974,job_8761,8761,226,366,13
26984,job_8762,8762,327,496,18
26989,job_8763,8763,300,460,12
26996,job_8764,8764,480,511,19
27001,job_8765,8765,125,566,14
27011,job_8766,8766,170,476,14
27013,job_8767,8767,1327,1209,41
27018,job_8768,8768,400,581,10
27024,job_8769,8769,178,450,14
27026,job_8770,8770,246,336,13
27028,job_8771,8771,416,495,19
27038,job_8772,8772,331,412,10
27039,job_8773,8773,1770,2179,42
27039,job_8774,8774,1102,2134,43
27047,job_8775,8775,369,619,11
27056,job_8776,8776,119,559,11
27059,job_8777,8777,328,628,15
27064,job_8778,8778,206,581,15
27064,job_8779,8779,1095,2177,13
27067,job_8780,8780,175,616,6
27069,job_8781,8781,100,494,6
27072,job_8782,8782,365,469,7
27074,job_8783,8783,292,455,7
27083,job_8784,8784,377,584,10
27089,job_8785,8785,232,586,20
27089,job_8786,8786,1055,1843,38
27091,job_8787,8787,492,422,7
27093,job_8788,8788,361,499,20
27096,job_8789,8789,421,562,16
27100,job_8790,8790,414,622,15
27103,job_8791,8791,269,435,13
27105,job_8792,8792,203,384,20
27115,job_8793,8793,476,417,6
27119,job_8794,8794,238,432,11
27124,job_8795,8795,206,495,14
27128,job_8796,8796,183,456,6
27136,job_8797,8797,324,494,19
27146,job_8798,8798,303,554,11
27149,job_8799,8799,328,518,9
27152,job_8800,8800,372,746,11
27161,job_8801,8801,295,575,19
27166,job_8802,8802,253,560,13
27172,job_8803,8803,278,612,19
27175,job_8804,8804,100,462,20
27178,job_8805,8805,324,525,13
27184,job_8806,8806,157,675,8
27194,job_8807,8807,290,484,7
27202,job_8808,8808,513,338,20
27206,job_8809,8809,287,581,15
27211,job_8810,8810,193,408,16
27218,job_8811,8811,116,680,16
27228,job_8812,8812,290,535,8
27230,job_8813,8813,131,404,11
27240,job_8814,8814,299,581,13
27242,job_8815,8815,370,492,15
27252,job_8816,8816,174,590,18
27260,job_8817,8817,207,502,19
27262,job_8818,8818,113,313,12
27264,job_8819,8819,327,638,14
27268,job_8820,8820,296,595,6
27274,job_8821,8821,218,557,8
27276,job_8822,8822,378,537,8
27283,job_8823,8823,234,515,10
27285,job_8824,8824,366,674,9
27289,job_8825,8825,297,401,17
27293,job_8826,8826,371,484,6
27297,job_8827,8827,404,399,7
27302,job_8828,8828,340,489,13
27306,job_8829,8829,313,730,10
27315,job_8830,8830,429,546,7
27324,job_8831,8831,194,544,9
27326,job_8832,8832,1654,1656,15
27331,job_8833,8833,520,334,14
27340,job_8834,8834,322,612,16
27348,job_8835,8835,266,335,10
27353,job_8836,8836,314,656,20
27362,job_8837,8837,190,400,8
27369,job_8838,8838,189,462,18
27372,job_8839,8839,167,558,17
27374,job_8840,8840,358,561,19
27377,job_8841,8841,231,482,11
27382,job_8842,8842,170,623,12
27387,job_8843,8843,257,413,13
27396,job_8844,8844,186,586,20
27400,job_8845,8845,166,419,8
27403,job_8846,8846,220,554,5
27410,job_8847,8847,258,453,13
27416,job_8848,8848,344,498,20
27420,job_8849,8849,386,510,15
27429,job_8850,8850,339,586,18
27431,job_8851,8851,1351,1731,24
27441,job_8852,8852,199,509,5
27449,job_8853,8853,294,521,9
27450,job_8854,8854,1012,1730,38
27456,job_8855,8855,419,508,6
27459,job_8856,8856,339,436,8
27461,job_8857,8857,299,553,11
27471,job_8858,8858,290,538,7
27476,job_8859,8859,333,566,18
27478,job_8860,8860,1012,2234,32
27486,job_8861,8861,169,450,15
27489,job_8862,8862,383,628,16
27491,job_8863,8863,452,335,15
27493,job_8864,8864,273,620,18
27495,job_8865,8865,1012,2318,34
27504,job_8866,8866,222,371,13
27508,job_8867,8867,346,601,11
27517,job_8868,8868,277,544,12
27518,job_8869,8869,1508,1632,16
27523,job_8870,8870,511,616,19
27525,job_8871,8871,409,362,7
27528,job_8872,8872,388,377,9
27532,job_8873,8873,325,356,10
27539,job_8874,8874,208,312,9
27541,job_8875,8875,1072,1394,42
27551,job_8876,8876,263,617,18
27561,job_8877,8877,259,581,5
27564,job_8878,8878,263,612,16
27564,job_8879,8879,1004,1257,36
27574,job_8880,8880,398,549,9
27579,job_8881,8881,439,495,6
27582,job_8882,8882,251,447,19
27587,job_8883,8883,516,525,9
27594,job_8884,8884,300,512,6
27594,job_8885,8885,2072,1805,34
27600,job_8886,8886,357,360,20
27603,job_8887,8887,248,704,18
27604,job_8888,8888,1056,1543,19
27612,job_8889,8889,198,416,17
27616,job_8890,8890,247,461,5
27625,job_8891,8891,296,540,19
27634,job_8892,8892,158,677,16
27636,job_8893,8893,255,497,9
27636,job_8894,8894,1134,1886,48
27644,job_8895,8895,343,394,19
27654,job_8896,8896,174,483,19
27664,job_8897,8897,347,498,19
27665,job_8898,8898,628,2847,41
27675,job_8899,8899,485,452,14
27678,job_8900,8900,299,589,7
27683,job_8901,8901,365,566,18
27688,job_8902,8902,251,606,18
27690,job_8903,8903,318,456,13
27700,job_8904,8904,424,535,14
27702,job_8905,8905,285,505,17
27706,job_8906,8906,291,504,5
27711,job_8907,8907,308,723,7
27719,job_8908,8908,181,619,12
27727,job_8909,8909,536,613,10
27731,job_8910,8910,366,486,10
27733,job_8911,8911,317,443,16
27741,job_8912,8912,127,433,13
27746,job_8913,8913,159,403,15
27751,job_8914,8914,342,475,8
27757,job_8915,8915,194,542,12
27763,job_8916,8916,137,491,17
27766,job_8917,8917,329,472,15
27769,job_8918,8918,343,461,18
27772,job_8919,8919,161,430,14
27774,job_8920,8920,240,460,19
27776,job_8921,8921,185,365,17
27786,job_8922,8922,125,425,15
27792,job_8923,8923,362,542,20
27800,job_8924,8924,262,453,7
27800,job_8925,8925,1614,2321,35
27804,job_8926,8926,256,612,16
27806,job_8927,8927,725,2344,28
27812,job_8928,8928,444,468,6
27816,job_8929,8929,234,478,19
27826,job_8930,8930,249,528,14
27836,job_8931,8931,316,350,11
27844,job_8932,8932,318,619,17
27853,job_8933,8933,375,575,6
27862,job_8934,8934,276,663,7
27872,job_8935,8935,412,640,15
27874,job_8936,8936,357,575,14
27882,job_8937,8937,323,436,18
27888,job_8938,8938,353,539,11
27891,job_8939,8939,215,740,7
27894,job_8940,8940,297,488,19
27899,job_8941,8941,367,515,17
27905,job_8942,8942,210,440,16
27907,job_8943,8943,989,3053,39
27916,job_8944,8944,311,639,15
27923,job_8945,8945,446,272,15
27925,job_8946,8946,445,556,7
27927,job_8947,8947,475,398,14
27936,job_8948,8948,296,503,7
27944,job_8949,8949,217,563,17
27953,job_8950,8950,100,521,12
27963,job_8951,8951,216,309,8
27967,job_8952,8952,375,550,13
27973,job_8953,8953,281,480,13
27982,job_8954,8954,388,409,18
27989,job_8955,8955,203,453,11
27993,job_8956,8956,335,408,18
28003,job_8957,8957,100,550,7
28012,job_8958,8958,456,464,18
28022,job_8959,8959,185,588,9
28027,job_8960,8960,234,641,9
28033,job_8961,8961,280,479,13
28042,job_8962,8962,304,373,7
28042,job_8963,8963,1442,1696,31
28050,job_8964,8964,443,318,15
28059,job_8965,8965,462,591,18
28062,job_8966,8966,341,502,20
28064,job_8967,8967,1090,2286,10
28069,job_8968,8968,373,505,11
28079,job_8969,8969,374,367,18
28089,job_8970,8970,459,536,13
28092,job_8971,8971,101,405,16
28094,job_8972,8972,253,425,14
28104,job_8973,8973,210,520,5
28108,job_8974,8974,320,586,7
28116,job_8975,8975,348,352,17
28126,job_8976,8976,323,628,18
28130,job_8977,8977,236,575,20
28139,job_8978,8978,323,750,20
28144,job_8979,8979,401,481,7
28148,job_8980,8980,274,389,9
28153,job_8981,8981,250,516,5
28163,job_8982,8982,200,394,10
28173,job_8983,8983,190,482,10
28182,job_8984,8984,149,479,10
28184,job_8985,8985,460,432,13
28192,job_8986,8986,278,562,9
28194,job_8987,8987,154,563,14
28198,job_8988,8988,412,482,6
28206,job_8989,8989,339,526,14
28213,job_8990,8990,465,373,11
28223,job_8991,8991,133,627,9
28227,job_8992,8992,277,575,16
28227,job_8993,8993,1602,1865,20
28233,job_8994,8994,353,705,11
28235,job_8995,8995,1104,2327,10
28243,job_8996,8996,475,572,19
28253,job_8997,8997,279,561,13
28260,job_8998,8998,206,377,15
28270,job_8999,8999,268,204,10
28276,job_9000,9000,260,463,6
28276,job_9001,9001,1456,2836,48
28282,job_9002,9002,300,365,7
28291,job_9003,9003,265,312,17
28299,job_9004,9004,192,583,14
28309,job_9005,9005,204,519,16
28315,job_9006,9006,256,482,8
28324,job_9007,9007,308,517,6
28326,job_9008,9008,341,347,12
28327,job_9009,9009,1507,2528,35
28336,job_9010,9010,363,518,11
28338,job_9011,9011,401,450,7
28338,job_9012,9012,814,1059,41
28347,job_9013,9013,100,464,19
28352,job_9014,9014,378,377,16
28362,job_9015,9015,420,488,5
28369,job_9016,9016,205,405,8
28377,job_9017,9017,374,421,17
28377,job_9018,9018,854,1695,19
28382,job_9019,9019,141,676,8
28388,job_9020,9020,266,473,8
28390,job_9021,9021,338,488,10
28393,job_9022,9022,212,504,16
28402,job_9023,9023,282,603,11
28406,job_9024,9024,125,384,13
28412,job_9025,9025,345,556,9
28419,job_9026,9026,309,479,6
28420,job_9027,9027,1000,1412,16
28430,job_9028,9028,309,412,16
28439,job_9029,9029,253,575,18
28447,job_9030,9030,291,550,12
28449,job_9031,9031,409,409,20
28454,job_9032,9032,182,334,19
28455,job_9033,9033,1482,2274,49
28464,job_9034,9034,300,420,15
28470,job_9035,9035,357,363,13
28480,job_9036,9036,476,505,19
28484,job_9037,9037,300,570,13
28486,job_9038,9038,385,576,12
28496,job_9039,9039,467,494,16
28496,job_9040,9040,1399,2136,16
28504,job_9041,9041,361,307,15
28514,job_9042,9042,240,512,19
28516,job_9043,9043,369,462,18
28518,job_9044,9044,1148,1655,50
28520,job_9045,9045,452,489,8
28524,job_9046,9046,426,527,12
28534,job_9047,9047,189,645,13
28536,job_9048,9048,266,602,6
28543,job_9049,9049,456,440,18
28553,job_9050,9050,356,453,18
28561,job_9051,9051,399,482,12
28570,job_9052,9052,342,417,17
28578,job_9053,9053,216,527,6
28586,job_9054,9054,220,533,8
28594,job_9055,9055,309,635,16
28598,job_9056,9056,266,582,16
28605,job_9057,9057,193,436,18
28613,job_9058,9058,118,582,17
28619,job_9059,9059,259,456,20
28625,job_9060,9060,244,473,19
28631,job_9061,9061,332,461,7
28634,job_9062,9062,406,407,12
28639,job_9063,9063,265,349,5
28644,job_9064,9064,316,616,11
28647,job_9065,9065,293,401,14
28653,job_9066,9066,284,573,15
28653,job_9067,9067,943,1780,42
28655,job_9068,9068,199,609,12
28662,job_9069,9069,255,640,17
28666,job_9070,9070,383,404,11
28670,job_9071,9071,188,464,7
28680,job_9072,9072,258,543,12
28685,job_9073,9073,344,573,19
28685,job_9074,9074,1131,2656,21
28695,job_9075,9075,271,617,10
28704,job_9076,9076,251,748,6
28708,job_9077,9077,350,440,11
28716,job_9078,9078,341,522,17
28725,job_9079,9079,182,463,8
28728,job_9080,9080,448,394,5
28737,job_9081,9081,119,524,19
28739,job_9082,9082,1097,2306,40
28744,job_9083,9083,369,484,16
28748,job_9084,9084,281,512,6
28754,job_9085,9085,115,501,10
28761,job_9086,9086,330,555,5
28767,job_9087,9087,391,560,6
28776,job_9088,9088,258,608,11
28782,job_9089,9089,300,637,17
28791,job_9090,9090,144,571,8
28795,job_9091,9091,177,509,11
28799,job_9092,9092,489,627,13
28807,job_9093,9093,229,548,17
28814,job_9094,9094,338,715,8
28817,job_9095,9095,157,602,8
28826,job_9096,9096,310,614,8
28834,job_9097,9097,288,495,14
28842,job_9098,9098,289,493,5
28848,job_9099,9099,211,592,18
28853,job_9100,9100,217,489,17
28861,job_9101,9101,346,663,16
28866,job_9102,9102,329,617,20
28866,job_9103,9103,1069,1329,16
28866,job_9104,9104,1390,2106,48
28871,job_9105,9105,100,744,15
28879,job_9106,9106,394,398,13
28882,job_9107,9107,200,572,18
28892,job_9108,9108,100,487,7
28901,job_9109,9109,117,528,6
28911,job_9110,9110,234,449,7
28921,job_9111,9111,445,461,14
28923,job_9112,9112,313,246,5
28933,job_9113,9113,371,257,20
28942,job_9114,9114,199,520,14
28950,job_9115,9115,393,320,19
28956,job_9116,9116,279,289,8
28959,job_9117,9117,428,471,7
28969,job_9118,9118,102,488,8
28969,job_9119,9119,934,2065,50
28972,job_9120,9120,146,615,14
28979,job_9121,9121,238,550,12
28985,job_9122,9122,320,581,12
28988,job_9123,9123,284,464,14
28995,job_9124,9124,320,560,9
28998,job_9125,9125,248,593,19
29003,job_9126,9126,335,458,7
29005,job_9127,9127,1308,1661,24
29007,job_9128,9128,1596,2879,10
29008,job_9129,9129,1348,2171,16
29014,job_9130,9130,218,601,15
29021,job_9131,9131,287,572,19
29022,job_9132,9132,1193,2211,38
29024,job_9133,9133,1489,2509,24
29034,job_9134,9134,438,430,8
29042,job_9135,9135,275,635,5
29050,job_9136,9136,258,543,8
29059,job_9137,9137,112,663,10
29065,job_9138,9138,274,501,6
29071,job_9139,9139,340,539,5
29073,job_9140,9140,284,494,16
29082,job_9141,9141,285,589,16
29084,job_9142,9142,353,428,16
29088,job_9143,9143,253,702,5
29092,job_9144,9144,349,510,5
29097,job_9145,9145,396,523,7
29105,job_9146,9146,331,439,5
29110,job_9147,9147,326,614,10
29119,job_9148,9148,420,362,18
29129,job_9149,9149,530,479,16
29131,job_9150,9150,252,438,10
29139,job_9151,9151,199,506,14
29146,job_9152,9152,400,605,14
29153,job_9153,9153,238,528,10
29159,job_9154,9154,362,520,6
29165,job_9155,9155,444,362,5
29170,job_9156,9156,247,546,9
29172,job_9157,9157,667,1435,42
29178,job_9158,9158,370,401,18
29182,job_9159,9159,168,486,7
29189,job_9160,9160,260,472,5
29196,job_9161,9161,163,608,12
29197,job_9162,9162,1418,3035,35
29203,job_9163,9163,362,348,17
29213,job_9164,9164,294,524,17
29216,job_9165,9165,196,524,15
29221,job_9166,9166,506,563,16
29223,job_9167,9167,327,498,13
29233,job_9168,9168,265,423,6
29241,job_9169,9169,461,530,13
29251,job_9170,9170,237,498,10
29253,job_9171,9171,1132,2245,48
29256,job_9172,9172,252,455,20
29264,job_9173,9173,253,678,20
29271,job_9174,9174,109,387,20
29275,job_9175,9175,461,425,11
29279,job_9176,9176,371,572,16
29287,job_9177,9177,236,406,19
29293,job_9178,9178,447,529,20
29295,job_9179,9179,227,437,15
29301,job_9180,9180,148,561,5
29309,job_9181,9181,281,599,7
29317,job_9182,9182,337,299,9
29318,job_9183,9183,1419,2111,16
29328,job_9184,9184,231,531,8
29330,job_9185,9185,1129,1337,47
29333,job_9186,9186,305,408,19
29339,job_9187,9187,414,424,16
29342,job_9188,9188,197,424,5
29343,job_9189,9189,1696,2099,39
29349,job_9190,9190,462,375,19
29350,job_9191,9191,1356,1995,16
29350,job_9192,9192,647,2291,18
29351,job_9193,9193,1476,2260,38
29356,job_9194,9194,367,547,14
29363,job_9195,9195,376,521,6
29372,job_9196,9196,260,768,18
29378,job_9197,9197,228,521,7
29382,job_9198,9198,358,497,15
29389,job_9199,9199,317,505,7
29395,job_9200,9200,257,630,5
29396,job_9201,9201,908,2273,17
29406,job_9202,9202,281,540,13
29415,job_9203,9203,365,713,6
29417,job_9204,9204,539,508,10
29420,job_9205,9205,352,762,5
29429,job_9206,9206,260,702,18
29439,job_9207,9207,337,446,16
29444,job_9208,9208,276,704,7
29452,job_9209,9209,519,428,20
29454,job_9210,9210,418,493,19
29462,job_9211,9211,350,553,15
29468,job_9212,9212,263,481,19
29470,job_9213,9213,222,572,19
29475,job_9214,9214,534,611,10
29475,job_9215,9215,942,1989,17
29485,job_9216,9216,247,510,16
29490,job_9217,9217,162,459,13
29493,job_9218,9218,443,397,5
29501,job_9219,9219,217,686,19
29510,job_9220,9220,306,610,18
29515,job_9221,9221,250,463,18
29523,job_9222,9222,154,628,19
29530,job_9223,9223,425,531,5
29534,job_9224,9224,399,533,19
29538,job_9225,9225,128,502,15
29546,job_9226,9226,361,633,18
29553,job_9227,9227,100,558,6
29563,job_9228,9228,423,677,12
29568,job_9229,9229,200,376,13
29575,job_9230,9230,189,445,20
29577,job_9231,9231,121,456,12
29583,job_9232,9232,294,634,12
29591,job_9233,9233,181,385,8
29597,job_9234,9234,360,607,10
29601,job_9235,9235,406,501,20
29606,job_9236,9236,333,662,12
29608,job_9237,9237,241,555,11
29610,job_9238,9238,462,489,20
29614,job_9239,9239,313,435,18
29616,job_9240,9240,1559,1044,48
29618,job_9241,9241,295,445,13
29618,job_9242,9242,1080,1567,29
29618,job_9243,9243,1250,2627,27
29622,job_9244,9244,196,672,12
29628,job_9245,9245,411,461,5
29638,job_9246,9246,100,555,15
29645,job_9247,9247,400,575,14
29648,job_9248,9248,222,497,12
29658,job_9249,9249,333,437,20
29667,job_9250,9250,348,684,12
29668,job_9251,9251,956,538,25
29674,job_9252,9252,197,516,15
29677,job_9253,9253,101,395,20
29687,job_9254,9254,544,587,18
29695,job_9255,9255,281,415,16
29698,job_9256,9256,341,712,18
29701,job_9257,9257,287,582,18
29710,job_9258,9258,590,464,12
29718,job_9259,9259,244,666,19
29723,job_9260,9260,296,594,10
29728,job_9261,9261,225,508,15
29734,job_9262,9262,520,553,12
29743,job_9263,9263,278,402,12
29749,job_9264,9264,264,535,17
29753,job_9265,9265,225,685,8
29757,job_9266,9266,334,439,5
29762,job_9267,9267,100,544,14
29770,job_9268,9268,385,596,17
29778,job_9269,9269,332,492,7
29781,job_9270,9270,281,365,10
29783,job_9271,9271,1391,1974,34
29792,job_9272,9272,274,356,12
29797,job_9273,9273,392,553,5
29798,job_9274,9274,673,2531,35
29807,job_9275,9275,245,330,18
29809,job_9276,9276,227,556,20
29810,job_9277,9277,1510,1723,50
29812,job_9278,9278,101,435,14
29819,job_9279,9279,474,607,5
29824,job_9280,9280,340,574,12
29827,job_9281,9281,278,561,12
29827,job_9282,9282,827,2026,21
29829,job_9283,9283,289,538,17
29835,job_9284,9284,295,527,14
29837,job_9285,9285,385,463,9
29839,job_9286,9286,100,563,19
29844,job_9287,9287,524,667,11
29852,job_9288,9288,396,376,9
29859,job_9289,9289,140,556,12
29869,job_9290,9290,100,474,16
29875,job_9291,9291,334,538,10
29877,job_9292,9292,939,1370,49
29880,job_9293,9293,242,457,7
29886,job_9294,9294,279,340,9
29890,job_9295,9295,291,544,11
29892,job_9296,9296,277,630,19
29895,job_9297,9297,314,375,19
29895,job_9298,9298,1264,2937,49
29904,job_9299,9299,234,494,18
29910,job_9300,9300,212,493,7
29912,job_9301,9301,1140,2010,23
29919,job_9302,9302,288,530,6
29925,job_9303,9303,214,559,16
29928,job_9304,9304,527,323,5
29931,job_9305,9305,368,723,15
29931,job_9306,9306,1226,2521,20
29933,job_9307,9307,1273,1644,20
29939,job_9308,9308,306,627,20
29942,job_9309,9309,386,338,17
29942,job_9310,9310,809,1119,18
29946,job_9311,9311,326,467,17
29950,job_9312,9312,294,558,10
29958,job_9313,9313,346,318,16
29968,job_9314,9314,516,455,11
29974,job_9315,9315,299,486,14
29974,job_9316,9316,1089,1538,31
29978,job_9317,9317,357,505,5
29980,job_9318,9318,188,413,8
29988,job_9319,9319,433,671,15
29990,job_9320,9320,289,419,15
29993,job_9321,9321,265,715,13
30002,job_9322,9322,403,432,14
30011,job_9323,9323,271,536,18
30013,job_9324,9324,272,559,11
30016,job_9325,9325,221,599,7
30018,job_9326,9326,905,2078,26
30020,job_9327,9327,1494,2330,16
30026,job_9328,9328,366,444,12
30029,job_9329,9329,283,678,15
30039,job_9330,9330,222,652,7
30048,job_9331,9331,334,470,9
30053,job_9332,9332,440,527,9
30058,job_9333,9333,211,710,13
30063,job_9334,9334,257,485,17
30071,job_9335,9335,449,550,5
30077,job_9336,9336,293,493,7
30079,job_9337,9337,176,436,19
30082,job_9338,9338,295,485,13
30086,job_9339,9339,262,393,11
30093,job_9340,9340,309,545,18
30100,job_9341,9341,237,521,15
30107,job_9342,9342,332,643,6
30107,job_9343,9343,1079,2607,23
30110,job_9344,9344,235,398,15
30118,job_9345,9345,298,388,6
30125,job_9346,9346,255,328,18
30129,job_9347,9347,250,520,19
30137,job_9348,9348,464,477,9
30145,job_9349,9349,498,605,9
30153,job_9350,9350,233,179,7
30163,job_9351,9351,421,565,11
30165,job_9352,9352,348,586,8
30166,job_9353,9353,1068,1847,16
30170,job_9354,9354,283,370,18
30174,job_9355,9355,414,458,7
30181,job_9356,9356,305,525,14
30191,job_9357,9357,241,518,6
30199,job_9358,9358,384,512,10
30205,job_9359,9359,100,489,20
30213,job_9360,9360,339,633,16
30222,job_9361,9361,360,244,6
30227,job_9362,9362,462,464,14
30228,job_9363,9363,1169,796,35
30228,job_9364,9364,741,1630,44
30230,job_9365,9365,171,776,5
30235,job_9366,9366,335,522,10
30240,job_9367,9367,205,608,5
30243,job_9368,9368,318,661,16
30250,job_9369,9369,366,436,18
30253,job_9370,9370,455,578,10
30260,job_9371,9371,488,238,14
30270,job_9372,9372,258,620,16
30273,job_9373,9373,380,485,5
30273,job_9374,9374,1177,1620,34
30283,job_9375,9375,368,485,11
30289,job_9376,9376,408,469,9
30297,job_9377,9377,265,516,14
30301,job_9378,9378,100,684,17
30310,job_9379,9379,272,498,10
30319,job_9380,9380,275,637,19
30325,job_9381,9381,331,534,18
30335,job_9382,9382,258,414,16
30338,job_9383,9383,239,595,8
30342,job_9384,9384,194,621,20
30344,job_9385,9385,369,378,15
30353,job_9386,9386,257,639,9
30354,job_9387,9387,1081,2289,27
30357,job_9388,9388,307,468,15
30364,job_9389,9389,197,482,13
30366,job_9390,9390,100,591,6
30369,job_9391,9391,382,503,12
30377,job_9392,9392,174,583,8
30377,job_9393,9393,1239,1287,18
30382,job_9394,9394,365,661,11
30391,job_9395,9395,428,335,11
30399,job_9396,9396,317,480,20
30401,job_9397,9397,698,1585,40
30403,job_9398,9398,120,653,8
30412,job_9399,9399,279,450,16
30414,job_9400,9400,1269,2528,17
30416,job_9401,9401,145,598,11
30421,job_9402,9402,377,474,14
30429,job_9403,9403,396,393,5
30434,job_9404,9404,281,507,17
30442,job_9405,9405,170,521,9
30449,job_9406,9406,295,512,10
30450,job_9407,9407,1274,1834,45
30451,job_9408,9408,1075,1711,13
30457,job_9409,9409,235,675,7
30462,job_9410,9410,348,665,18
30464,job_9411,9411,991,2027,38
30464,job_9412,9412,805,1963,10
30468,job_9413,9413,259,584,14
30472,job_9414,9414,280,519,17
30472,job_9415,9415,1055,2107,24
30476,job_9416,9416,383,509,9
30483,job_9417,9417,219,668,9
30492,job_9418,9418,362,343,14
30493,job_9419,9419,1750,2183,44
30495,job_9420,9420,322,638,8
30505,job_9421,9421,292,576,11
30514,job_9422,9422,169,365,20
30516,job_9423,9423,1048,1205,48
30520,job_9424,9424,349,506,19
30529,job_9425,9425,241,859,20
30532,job_9426,9426,343,442,14
30535,job_9427,9427,298,602,5
30541,job_9428,9428,540,842,5
30551,job_9429,9429,194,640,9
30559,job_9430,9430,135,516,12
30562,job_9431,9431,418,430,16
30571,job_9432,9432,351,454,6
30572,job_9433,9433,1467,2447,25
30573,job_9434,9434,1448,1821,19
30575,job_9435,9435,327,679,10
30577,job_9436,9436,237,366,12
30578,job_9437,9437,1087,2195,44
30588,job_9438,9438,359,462,5
30598,job_9439,9439,318,553,13
30601,job_9440,9440,180,385,15
30606,job_9441,9441,284,542,14
30614,job_9442,9442,308,471,18
30616,job_9443,9443,1424,2009,24
30618,job_9444,9444,474,547,6
30625,job_9445,9445,211,613,18
30632,job_9446,9446,439,445,13
30639,job_9447,9447,432,576,9
30641,job_9448,9448,1011,2657,15
30645,job_9449,9449,162,325,13
30648,job_9450,9450,100,723,14
30653,job_9451,9451,264,353,9
30654,job_9452,9452,1126,2054,23
30654,job_9453,9453,1213,1664,28
30664,job_9454,9454,453,547,16
30674,job_9455,9455,355,477,17
30684,job_9456,9456,351,438,14
30694,job_9457,9457,369,478,11
30698,job_9458,9458,263,560,6
30698,job_9459,9459,1144,1487,23
30698,job_9460,9460,1703,2194,31
30701,job_9461,9461,215,533,5
30707,job_9462,9462,287,447,8
30712,job_9463,9463,293,604,8
30718,job_9464,9464,331,626,12
30718,job_9465,9465,1479,1743,34
30719,job_9466,9466,1087,2316,28
30726,job_9467,9467,302,374,7
30733,job_9468,9468,219,559,8
30739,job_9469,9469,223,587,11
30742,job_9470,9470,162,494,10
30750,job_9471,9471,169,496,17
30757,job_9472,9472,156,429,14
30758,job_9473,9473,1604,1821,22
30763,job_9474,9474,400,442,16
30766,job_9475,9475,298,672,16
30776,job_9476,9476,496,500,17
30784,job_9477,9477,393,435,14
30787,job_9478,9478,498,546,10
30788,job_9479,9479,1008,2377,47
30791,job_9480,9480,291,363,5
30799,job_9481,9481,458,387,19
30801,job_9482,9482,371,623,13
30807,job_9483,9483,241,559,15
30810,job_9484,9484,374,527,19
30817,job_9485,9485,287,372,5
30820,job_9486,9486,136,493,7
30821,job_9487,9487,1034,2309,27
30823,job_9488,9488,198,470,14
30828,job_9489,9489,249,458,16
30828,job_9490,9490,981,1057,41
30831,job_9491,9491,302,575,16
30834,job_9492,9492,387,465,19
30843,job_9493,9493,311,380,6
30846,job_9494,9494,168,605,17
30852,job_9495,9495,383,509,14
30860,job_9496,9496,233,437,7
30868,job_9497,9497,311,627,20
30872,job_9498,9498,256,442,14
30873,job_9499,9499,1396,2200,28
30882,job_9500,9500,532,341,5
30887,job_9501,9501,179,419,15
30887,job_9502,9502,916,2024,46
30889,job_9503,9503,1367,2244,39
30891,job_9504,9504,317,606,9
30895,job_9505,9505,276,573,13
30897,job_9506,9506,1536,2047,17
30902,job_9507,9507,373,681,19
30905,job_9508,9508,149,304,14
30906,job_9509,9509,1212,1682,20
30908,job_9510,9510,415,707,10
30912,job_9511,9511,226,401,20
30913,job_9512,9512,1463,1375,36
30914,job_9513,9513,1591,2577,21
30924,job_9514,9514,236,569,16
30931,job_9515,9515,476,552,5
30936,job_9516,9516,330,404,11
30944,job_9517,9517,100,565,19
30950,job_9518,9518,163,508,8
30954,job_9519,9519,393,536,20
30956,job_9520,9520,840,1693,42
30957,job_9521,9521,1593,2089,11
30958,job_9522,9522,1633,2455,49
30960,job_9523,9523,1111,1676,14
30962,job_9524,9524,248,482,18
30968,job_9525,9525,149,660,17
30973,job_9526,9526,421,672,16
30981,job_9527,9527,406,280,20
30987,job_9528,9528,329,303,10
30987,job_9529,9529,1038,2283,36
30989,job_9530,9530,234,716,11
30999,job_9531,9531,184,517,11
31005,job_9532,9532,337,635,6
31011,job_9533,9533,171,655,18
31021,job_9534,9534,508,431,18
31030,job_9535,9535,380,329,8
31032,job_9536,9536,868,2818,44
31034,job_9537,9537,444,467,15
31038,job_9538,9538,317,427,10
31040,job_9539,9539,987,1664,35
31050,job_9540,9540,263,480,9
31051,job_9541,9541,1567,2932,26
31054,job_9542,9542,245,593,9
31060,job_9543,9543,508,490,14
31066,job_9544,9544,323,611,6
31067,job_9545,9545,1115,2416,11
31072,job_9546,9546,200,454,12
31074,job_9547,9547,1183,2619,34
31077,job_9548,9548,618,318,18
31077,job_9549,9549,1111,2869,43
31079,job_9550,9550,1223,1960,14
31082,job_9551,9551,405,376,19
31084,job_9552,9552,776,2195,47
31089,job_9553,9553,327,516,12
31097,job_9554,9554,270,445,13
31101,job_9555,9555,341,324,9
31107,job_9556,9556,349,360,5
31107,job_9557,9557,1250,1367,33
31112,job_9558,9558,307,502,15
31120,job_9559,9559,258,605,19
31126,job_9560,9560,376,346,12
31128,job_9561,9561,206,450,12
31130,job_9562,9562,1655,2025,45
31139,job_9563,9563,164,506,18
31139,job_9564,9564,1189,1625,38
31141,job_9565,9565,373,509,7
31151,job_9566,9566,346,558,7
31155,job_9567,9567,243,571,15
31162,job_9568,9568,267,506,9
31162,job_9569,9569,1465,2606,12
31163,job_9570,9570,1219,1883,10
31170,job_9571,9571,491,475,13
31173,job_9572,9572,203,509,15
31181,job_9573,9573,206,538,16
31190,job_9574,9574,276,576,13
31194,job_9575,9575,340,444,11
31195,job_9576,9576,1006,2027,26
31203,job_9577,9577,100,271,14
31208,job_9578,9578,174,420,17
31214,job_9579,9579,380,514,16
31214,job_9580,9580,1208,1626,39
31223,job_9581,9581,419,410,17
31227,job_9582,9582,277,477,13
31233,job_9583,9583,456,342,20
31235,job_9584,9584,404,413,10
31237,job_9585,9585,417,483,16
31239,job_9586,9586,100,644,13
31243,job_9587,9587,265,561,11
31246,job_9588,9588,248,307,13
31246,job_9589,9589,1375,2095,36
31248,job_9590,9590,1113,2642,31
31251,job_9591,9591,275,498,16
31253,job_9592,9592,1571,2255,46
31256,job_9593,9593,448,555,13
31257,job_9594,9594,1028,2197,48
31263,job_9595,9595,312,380,15
31267,job_9596,9596,218,628,6
31269,job_9597,9597,1438,1478,23
31277,job_9598,9598,224,489,5
31277,job_9599,9599,1498,1502,25
31285,job_9600,9600,313,454,7
31286,job_9601,9601,1233,3159,45
31288,job_9602,9602,275,510,20
31298,job_9603,9603,273,364,18
31303,job_9604,9604,421,466,10
31310,job_9605,9605,207,379,9
31313,job_9606,9606,286,611,7
31313,job_9607,9607,1108,2516,44
31318,job_9608,9608,393,496,5
31322,job_9609,9609,418,697,14
31326,job_9610,9610,192,480,15
31329,job_9611,9611,410,672,19
31332,job_9612,9612,145,577,10
31334,job_9613,9613,1688,1644,27
31334,job_9614,9614,1223,1792,30
31341,job_9615,9615,396,794,6
31348,job_9616,9616,343,660,12
31350,job_9617,9617,1042,2855,48
31360,job_9618,9618,357,289,9
31365,job_9619,9619,215,514,11
31366,job_9620,9620,935,1933,25
31370,job_9621,9621,308,602,7
31380,job_9622,9622,229,520,8
31384,job_9623,9623,342,640,13
31393,job_9624,9624,202,579,10
31402,job_9625,9625,340,508,15
31404,job_9626,9626,381,462,13
31413,job_9627,9627,401,556,18
31415,job_9628,9628,866,2223,10
31416,job_9629,9629,1525,2389,27
31424,job_9630,9630,420,305,15
31430,job_9631,9631,405,441,8
31437,job_9632,9632,291,590,9
31439,job_9633,9633,1382,3004,20
31449,job_9634,9634,384,557,15
31451,job_9635,9635,393,421,15
31456,job_9636,9636,106,674,9
31457,job_9637,9637,1119,2093,19
31463,job_9638,9638,377,510,10
31471,job_9639,9639,100,528,6
31480,job_9640,9640,362,698,19
31489,job_9641,9641,244,427,18
31496,job_9642,9642,218,472,13
31503,job_9643,9643,444,602,7
31513,job_9644,9644,271,640,16
31515,job_9645,9645,1438,1553,15
31520,job_9646,9646,153,475,18
31530,job_9647,9647,498,448,13
31537,job_9648,9648,506,545,6
31544,job_9649,9649,349,447,9
31550,job_9650,9650,265,443,14
31551,job_9651,9651,1333,2610,45
31559,job_9652,9652,464,591,20
31560,job_9653,9653,803,2169,43
31562,job_9654,9654,269,480,14
31564,job_9655,9655,1031,2014,21
31564,job_9656,9656,1570,2410,46
31565,job_9657,9657,1337,1399,18
31574,job_9658,9658,288,539,6
31578,job_9659,9659,334,508,14
31588,job_9660,9660,330,693,15
31590,job_9661,9661,812,2531,21
31592,job_9662,9662,381,486,14
31598,job_9663,9663,343,529,14
31603,job_9664,9664,349,462,20
31605,job_9665,9665,358,489,5
31609,job_9666,9666,358,493,16
31619,job_9667,9667,276,392,6
31624,job_9668,9668,298,565,17
31624,job_9669,9669,1356,2648,29
31631,job_9670,9670,311,453,12
31631,job_9671,9671,1029,1111,24
31638,job_9672,9672,291,448,8
31640,job_9673,9673,1225,2373,43
31647,job_9674,9674,409,504,14
31649,job_9675,9675,113,503,12
31649,job_9676,9676,1844,1901,41
31654,job_9677,9677,343,662,19
31654,job_9678,9678,952,2852,41
31662,job_9679,9679,203,611,10
31667,job_9680,9680,409,559,10
31669,job_9681,9681,980,1430,26
31672,job_9682,9682,281,498,16
31673,job_9683,9683,834,2284,42
31680,job_9684,9684,396,301,19
31682,job_9685,9685,1001,1372,37
31690,job_9686,9686,300,548,15
31691,job_9687,9687,1108,2634,47
31695,job_9688,9688,367,512,5
31702,job_9689,9689,200,558,13
31703,job_9690,9690,1262,2127,17
31709,job_9691,9691,296,314,8
31710,job_9692,9692,1713,1221,32
31710,job_9693,9693,1530,1439,21
31713,job_9694,9694,100,597,12
31716,job_9695,9695,298,437,8
31717,job_9696,9696,1147,2119,13
31719,job_9697,9697,269,413,8
31719,job_9698,9698,1077,1840,50
31721,job_9699,9699,1072,1869,21
31728,job_9700,9700,391,674,15
31730,job_9701,9701,920,988,46
31730,job_9702,9702,955,2007,48
31731,job_9703,9703,1206,1538,48
31731,job_9704,9704,1302,2508,41
31739,job_9705,9705,212,543,12
31748,job_9706,9706,222,634,18
31751,job_9707,9707,437,463,10
31758,job_9708,9708,255,446,19
31767,job_9709,9709,348,357,16
31775,job_9710,9710,333,492,9
31775,job_9711,9711,1545,2541,38
31784,job_9712,9712,314,470,11
31786,job_9713,9713,1008,1411,35
31788,job_9714,9714,1096,2021,45
31788,job_9715,9715,1234,1928,35
31788,job_9716,9716,965,1770,48
31790,job_9717,9717,302,617,18
31795,job_9718,9718,284,452,8
31804,job_9719,9719,131,360,18
31810,job_9720,9720,498,290,17
31811,job_9721,9721,1058,1438,47
31820,job_9722,9722,367,605,18
31822,job_9723,9723,983,1484,13
31828,job_9724,9724,350,556,5
31833,job_9725,9725,258,600,20
31838,job_9726,9726,359,487,11
31844,job_9727,9727,275,550,9
31848,job_9728,9728,257,623,13
31849,job_9729,9729,891,1913,38
31853,job_9730,9730,315,480,8
31859,job_9731,9731,513,640,18
31869,job_9732,9732,217,629,16
31869,job_9733,9733,983,2238,15
31871,job_9734,9734,343,612,6
31875,job_9735,9735,197,366,8
31877,job_9736,9736,1849,1578,36
31880,job_9737,9737,264,290,14
31889,job_9738,9738,336,529,16
31890,job_9739,9739,1500,2416,48
31898,job_9740,9740,225,531,10
31902,job_9741,9741,148,450,12
31911,job_9742,9742,376,461,10
31915,job_9743,9743,212,592,10
31921,job_9744,9744,415,608,12
31929,job_9745,9745,383,407,8
31936,job_9746,9746,420,481,5
31944,job_9747,9747,558,538,8
31952,job_9748,9748,564,656,5
31956,job_9749,9749,248,488,7
31965,job_9750,9750,131,672,15
31965,job_9751,9751,1091,1728,29
31972,job_9752,9752,300,584,11
31973,job_9753,9753,1412,742,50
31975,job_9754,9754,1224,1727,30
31975,job_9755,9755,1118,1722,19
31981,job_9756,9756,361,354,19
31989,job_9757,9757,201,419,18
31994,job_9758,9758,180,706,5
31999,job_9759,9759,288,556,11
32003,job_9760,9760,387,469,10
32010,job_9761,9761,188,309,11
32012,job_9762,9762,1367,1982,45
32013,job_9763,9763,986,2358,10
32019,job_9764,9764,345,558,13
32026,job_9765,9765,313,400,9
32026,job_9766,9766,1104,1365,12
32036,job_9767,9767,137,518,8
32044,job_9768,9768,246,411,12
32049,job_9769,9769,235,438,14
32055,job_9770,9770,440,658,11
32061,job_9771,9771,391,621,18
32067,job_9772,9772,225,568,18
32068,job_9773,9773,1440,2485,11
32068,job_9774,9774,1053,1891,34
32068,job_9775,9775,623,2211,48
32068,job_9776,9776,1557,1759,13
32070,job_9777,9777,1566,2097,15
32070,job_9778,9778,1071,2577,25
32076,job_9779,9779,257,382,10
32078,job_9780,9780,230,519,11
32082,job_9781,9781,337,608,15
32086,job_9782,9782,416,531,10
32089,job_9783,9783,299,493,7
32095,job_9784,9784,292,568,11
32102,job_9785,9785,386,403,8
32104,job_9786,9786,199,589,10
32110,job_9787,9787,357,664,18
32111,job_9788,9788,1379,2495,40
32111,job_9789,9789,1305,1776,47
32111,job_9790,9790,1109,2442,15
32112,job_9791,9791,681,1963,19
32114,job_9792,9792,698,2294,15
32122,job_9793,9793,373,414,15
32127,job_9794,9794,490,527,15
32127,job_9795,9795,1440,1923,49
32131,job_9796,9796,308,610,18
32131,job_9797,9797,1246,2056,24
32132,job_9798,9798,1227,2618,43
32136,job_9799,9799,272,555,11
32141,job_9800,9800,351,603,11
32146,job_9801,9801,170,540,11
32148,job_9802,9802,1259,2623,43
32150,job_9803,9803,1265,2032,10
32158,job_9804,9804,278,675,15
32161,job_9805,9805,423,502,11
32168,job_9806,9806,381,477,10
32174,job_9807,9807,253,401,15
32181,job_9808,9808,364,588,8
32188,job_9809,9809,389,552,16
32190,job_9810,9810,1233,2465,20
32191,job_9811,9811,1065,2032,12
32195,job_9812,9812,352,379,6
32198,job_9813,9813,387,509,15
32198,job_9814,9814,904,2619,36
32200,job_9815,9815,1459,1713,44
32202,job_9816,9816,1238,2298,31
32210,job_9817,9817,351,542,6
32218,job_9818,9818,212,489,17
32220,job_9819,9819,272,532,16
32226,job_9820,9820,238,409,10
32236,job_9821,9821,376,454,5
32238,job_9822,9822,370,490,10
32243,job_9823,9823,278,648,19
32245,job_9824,9824,365,514,9
32255,job_9825,9825,236,625,18
32259,job_9826,9826,285,570,8
32259,job_9827,9827,1194,1959,44
32262,job_9828,9828,267,393,12
32267,job_9829,9829,292,478,18
32277,job_9830,9830,258,562,14
32277,job_9831,9831,1127,2241,23
32286,job_9832,9832,248,603,5
32288,job_9833,9833,399,612,10
32295,job_9834,9834,300,549,17
32305,job_9835,9835,232,427,19
32309,job_9836,9836,438,392,7
32318,job_9837,9837,212,572,18
32320,job_9838,9838,297,500,17
32327,job_9839,9839,144,481,11
32327,job_9840,9840,1002,1371,47
32332,job_9841,9841,390,645,6
32341,job_9842,9842,180,610,15
32350,job_9843,9843,351,653,9
32350,job_9844,9844,1793,2289,35
32359,job_9845,9845,368,532,17
32359,job_9846,9846,1275,1950,10
32359,job_9847,9847,679,1869,23
32366,job_9848,9848,184,379,11
32367,job_9849,9849,1254,2533,44
32375,job_9850,9850,228,584,11
32375,job_9851,9851,973,1326,18
32385,job_9852,9852,309,369,7
32389,job_9853,9853,200,554,18
32398,job_9854,9854,406,440,14
32398,job_9855,9855,1456,2004,37
32399,job_9856,9856,1507,1964,19
32400,job_9857,9857,921,1910,12
32406,job_9858,9858,343,533,8
32411,job_9859,9859,365,621,18
32418,job_9860,9860,363,515,14
32420,job_9861,9861,194,567,19
32422,job_9862,9862,1081,1537,27
32422,job_9863,9863,1380,2319,24
32428,job_9864,9864,229,439,14
32436,job_9865,9865,267,478,10
32445,job_9866,9866,443,474,11
32448,job_9867,9867,249,558,13
32449,job_9868,9868,940,2609,47
32451,job_9869,9869,1651,2227,30
32458,job_9870,9870,260,529,13
32464,job_9871,9871,355,579,17
32472,job_9872,9872,325,347,7
32477,job_9873,9873,315,488,11
32481,job_9874,9874,267,569,18
32486,job_9875,9875,398,558,11
32488,job_9876,9876,1505,1230,24
32494,job_9877,9877,324,575,16
32495,job_9878,9878,998,2236,45
32496,job_9879,9879,1699,2373,28
32503,job_9880,9880,453,636,20
32505,job_9881,9881,220,474,11
32512,job_9882,9882,480,514,14
32519,job_9883,9883,288,708,16
32526,job_9884,9884,227,458,17
32534,job_9885,9885,322,645,18
32536,job_9886,9886,1076,2184,35
32539,job_9887,9887,374,462,7
32543,job_9888,9888,359,513,15
32545,job_9889,9889,848,2723,16
32546,job_9890,9890,802,2041,22
32551,job_9891,9891,100,678,12
32557,job_9892,9892,186,723,9
32560,job_9893,9893,361,523,10
32563,job_9894,9894,202,459,20
32564,job_9895,9895,744,1710,26
32572,job_9896,9896,410,648,13
32576,job_9897,9897,336,515,16
32585,job_9898,9898,329,447,17
32585,job_9899,9899,857,2020,13
32587,job_9900,9900,1147,2507,15
32596,job_9901,9901,334,562,15
32604,job_9902,9902,369,533,17
32614,job_9903,9903,431,335,9
32621,job_9904,9904,296,609,10
32627,job_9905,9905,454,412,5
32632,job_9906,9906,505,449,5
32636,job_9907,9907,228,593,5
32643,job_9908,9908,525,519,16
32644,job_9909,9909,940,1592,33
32654,job_9910,9910,531,441,14
32664,job_9911,9911,286,464,13
32666,job_9912,9912,301,360,15
32668,job_9913,9913,1204,3105,13
32668,job_9914,9914,936,2424,19
32678,job_9915,9915,376,491,20
32688,job_9916,9916,382,434,7
32697,job_9917,9917,312,445,15
32699,job_9918,9918,1587,3015,14
32708,job_9919,9919,323,490,6
32716,job_9920,9920,290,477,15
32719,job_9921,9921,129,614,5
32720,job_9922,9922,1269,2735,28
32722,job_9923,9923,1148,2607,27
32728,job_9924,9924,221,552,6
32733,job_9925,9925,342,636,7
32738,job_9926,9926,330,644,5
32745,job_9927,9927,296,589,10
32746,job_9928,9928,1040,2027,35
32747,job_9929,9929,905,1722,35
32748,job_9930,9930,998,2126,26
32754,job_9931,9931,393,414,16
32754,job_9932,9932,1679,2366,31
32762,job_9933,9933,315,706,11
32765,job_9934,9934,356,465,8
32775,job_9935,9935,159,518,7
32779,job_9936,9936,269,227,12
32781,job_9937,9937,1285,1718,11
32785,job_9938,9938,308,512,8
32787,job_9939,9939,1233,1414,14
32796,job_9940,9940,255,305,14
32798,job_9941,9941,1583,1587,47
32807,job_9942,9942,234,659,12
32811,job_9943,9943,259,226,20
32818,job_9944,9944,286,461,16
32825,job_9945,9945,217,583,14
32830,job_9946,9946,471,589,19
32832,job_9947,9947,1673,2233,36
32840,job_9948,9948,100,373,5
32846,job_9949,9949,333,486,9
32850,job_9950,9950,345,416,14
32853,job_9951,9951,319,494,7
32863,job_9952,9952,506,670,8
32868,job_9953,9953,234,536,11
32868,job_9954,9954,1488,2414,13
32872,job_9955,9955,350,664,15
32874,job_9956,9956,1068,1560,46
32875,job_9957,9957,1116,2244,20
32877,job_9958,9958,218,527,14
32884,job_9959,9959,232,684,10
32886,job_9960,9960,276,469,6
32887,job_9961,9961,1131,1358,19
32895,job_9962,9962,269,485,17
32895,job_9963,9963,494,2456,36
32897,job_9964,9964,806,1902,15
32900,job_9965,9965,323,571,16
32906,job_9966,9966,296,720,19
32907,job_9967,9967,1177,2461,44
32909,job_9968,9968,1524,1646,38
32917,job_9969,9969,100,456,16
32927,job_9970,9970,343,677,6
32937,job_9971,9971,322,454,15
32937,job_9972,9972,1561,2022,23
32941,job_9973,9973,155,463,20
32943,job_9974,9974,1370,965,11
32946,job_9975,9975,354,560,10
32948,job_9976,9976,1145,1947,17
32951,job_9977,9977,431,429,5
32957,job_9978,9978,271,464,20
32967,job_9979,9979,269,328,14
32974,job_9980,9980,471,571,9
32976,job_9981,9981,1138,1462,37
32979,job_9982,9982,203,588,18
32982,job_9983,9983,244,631,9
32986,job_9984,9984,387,637,7
32986,job_9985,9985,1563,2057,38
32993,job_9986,9986,440,431,11
32995,job_9987,9987,1247,2982,13
32996,job_9988,9988,855,1869,36
32998,job_9989,9989,961,2435,32
32998,job_9990,9990,1363,1777,13
33000,job_9991,9991,506,473,6
33001,job_9992,9992,1105,2192,13
33006,job_9993,9993,310,541,12
33006,job_9994,9994,578,1938,50
33006,job_9995,9995,1286,2566,44
33014,job_9996,9996,420,550,6
33020,job_9997,9997,498,720,6
33029,job_9998,9998,188,353,8
33032,job_9999,9999,245,580,6
33033,job_10000,10000,1121,2412,36
33037,job_10001,10001,220,417,12
33040,job_10002,10002,151,538,5
33041,job_10003,10003,1446,1743,23
33045,job_10004,10004,264,513,6
33050,job_10005,10005,319,496,14
33052,job_10006,10006,301,561,15
33054,job_10007,10007,1345,2468,11
33056,job_10008,10008,1052,1385,35
33066,job_10009,10009,193,371,15
33067,job_10010,10010,1403,2053,41
33076,job_10011,10011,254,632,10
33082,job_10012,10012,404,522,14
33082,job_10013,10013,771,1876,17
33084,job_10014,10014,389,374,14
33093,job_10015,10015,271,479,18
33095,job_10016,10016,1380,1445,45
33096,job_10017,10017,1072,2180,38
33099,job_10018,10018,331,539,18
33101,job_10019,10019,453,503,14
33102,job_10020,10020,1623,1703,12
33107,job_10021,10021,294,501,5
33113,job_10022,10022,170,655,8
33115,job_10023,10023,1256,2501,49
33124,job_10024,10024,249,653,11
33125,job_10025,10025,835,1358,13
33127,job_10026,10026,1365,2277,32
33127,job_10027,10027,1026,1875,35
33130,job_10028,10028,363,630,12
33132,job_10029,10029,1027,2740,50
33140,job_10030,10030,301,640,16
33143,job_10031,10031,196,492,15
33143,job_10032,10032,1200,1982,28
33145,job_10033,10033,430,670,14
33145,job_10034,10034,962,2306,30
33155,job_10035,10035,184,678,6
33157,job_10036,10036,1424,2112,23
33160,job_10037,10037,378,494,8
33162,job_10038,10038,1008,1402,22
33168,job_10039,10039,281,659,19
33170,job_10040,10040,1747,1955,11
33174,job_10041,10041,301,527,11
33180,job_10042,10042,306,478,19
33181,job_10043,10043,587,2701,26
33181,job_10044,10044,840,2477,42
33189,job_10045,10045,306,288,15
33191,job_10046,10046,1458,1852,16
33199,job_10047,10047,317,476,11
33200,job_10048,10048,1238,1983,44
33207,job_10049,10049,477,445,16
33216,job_10050,10050,359,581,11
33218,job_10051,10051,1377,1349,15
33226,job_10052,10052,125,513,10
33232,job_10053,10053,210,492,9
33233,job_10054,10054,1149,2009,41
33235,job_10055,10055,1130,1654,12
33237,job_10056,10056,148,615,14
33238,job_10057,10057,1122,2615,11
33247,job_10058,10058,216,499,15
33247,job_10059,10059,1255,2180,30
33247,job_10060,10060,942,2523,28
33256,job_10061,10061,253,536,10
33261,job_10062,10062,445,454,20
33270,job_10063,10063,413,459,6
33277,job_10064,10064,153,359,13
33279,job_10065,10065,796,2801,24
33279,job_10066,10066,1457,1409,25
33281,job_10067,10067,1361,2395,10
33284,job_10068,10068,235,631,14
33286,job_10069,10069,1168,1987,50
33292,job_10070,10070,382,535,9
33295,job_10071,10071,407,634,7
33296,job_10072,10072,1318,2207,19
33304,job_10073,10073,442,530,10
33305,job_10074,10074,1335,2314,18
33307,job_10075,10075,1153,2825,16
33307,job_10076,10076,1531,2134,21
33311,job_10077,10077,249,483,16
33311,job_10078,10078,1308,1265,42
33312,job_10079,10079,1157,1805,47
33314,job_10080,10080,136,619,5
33316,job_10081,10081,1043,2931,11
33319,job_10082,10082,206,474,17
33324,job_10083,10083,208,769,18
33326,job_10084,10084,858,1559,42
33332,job_10085,10085,128,501,20
33332,job_10086,10086,996,1827,14
33332,job_10087,10087,1239,2134,48
33341,job_10088,10088,251,364,19
33348,job_10089,10089,366,441,13
33348,job_10090,10090,1675,1790,34
33348,job_10091,10091,1956,1563,30
33358,job_10092,10092,250,524,13
33366,job_10093,10093,470,564,11
33367,job_10094,10094,1086,1980,49
33369,job_10095,10095,867,1933,31
33371,job_10096,10096,219,573,12
33372,job_10097,10097,1195,1751,34
33372,job_10098,10098,1475,1748,33
33374,job_10099,10099,1370,1980,23
33374,job_10100,10100,615,2143,49
33375,job_10101,10101,1337,1879,22
33377,job_10102,10102,1047,1716,27
33383,job_10103,10103,449,366,8
33383,job_10104,10104,1289,2026,36
33384,job_10105,10105,1551,1950,32
33386,job_10106,10106,1453,2839,37
33395,job_10107,10107,315,580,16
33397,job_10108,10108,293,513,19
33397,job_10109,10109,1181,2408,33
33397,job_10110,10110,1276,1914,37
33405,job_10111,10111,198,601,10
33407,job_10112,10112,1178,1757,49
33408,job_10113,10113,1278,2856,18
33413,job_10114,10114,224,373,14
33414,job_10115,10115,1438,2508,38
33420,job_10116,10116,248,552,20
33421,job_10117,10117,1507,2161,30
33421,job_10118,10118,942,2547,16
33421,job_10119,10119,1514,1983,33
33421,job_10120,10120,1373,1561,44
33421,job_10121,10121,1073,2358,13
33431,job_10122,10122,340,601,6
33432,job_10123,10123,1195,1617,17
33438,job_10124,10124,455,580,5
33440,job_10125,10125,1171,2386,34
33441,job_10126,10126,1327,2105,17
33449,job_10127,10127,320,401,13
33452,job_10128,10128,409,672,11
33454,job_10129,10129,1107,1380,36
33455,job_10130,10130,1234,2191,35
33457,job_10131,10131,510,3289,40
33467,job_10132,10132,339,654,12
33467,job_10133,10133,1387,2592,41
33468,job_10134,10134,1312,1565,29
33469,job_10135,10135,610,1235,31
33478,job_10136,10136,233,598,10
33483,job_10137,10137,315,569,19
33487,job_10138,10138,248,410,15
33493,job_10139,10139,356,668,12
33502,job_10140,10140,100,494,13
33503,job_10141,10141,1071,2038,50
33510,job_10142,10142,271,405,18
33512,job_10143,10143,1199,1358,37
33516,job_10144,10144,292,480,6
33517,job_10145,10145,1161,1712,12
33518,job_10146,10146,1287,2036,49
33520,job_10147,10147,1766,3300,41
33527,job_10148,10148,297,509,6
33529,job_10149,10149,245,347,17
33531,job_10150,10150,1335,1623,20
33533,job_10151,10151,1097,2416,13
33534,job_10152,10152,1411,1532,46
33534,job_10153,10153,1014,2499,29
33535,job_10154,10154,1037,2062,42
33537,job_10155,10155,1539,2178,22
33538,job_10156,10156,1013,1914,26
33541,job_10157,10157,295,692,18
33542,job_10158,10158,1003,2127,40
33543,job_10159,10159,790,2731,14
33549,job_10160,10160,409,622,11
33559,job_10161,10161,238,620,9
33563,job_10162,10162,250,692,16
33573,job_10163,10163,393,544,18
33574,job_10164,10164,976,2734,21
33574,job_10165,10165,937,2184,16
33574,job_10166,10166,1539,2007,33
33574,job_10167,10167,1732,2055,10
33574,job_10168,10168,1177,2226,39
33576,job_10169,10169,1045,1980,49
33578,job_10170,10170,496,384,18
33578,job_10171,10171,988,1707,45
33587,job_10172,10172,325,527,17
33588,job_10173,10173,1378,1302,27
33598,job_10174,10174,117,513,7
33600,job_10175,10175,1079,1242,42
33600,job_10176,10176,1569,2378,40
33601,job_10177,10177,1633,1888,11
33609,job_10178,10178,281,396,14
33615,job_10179,10179,372,450,11
33617,job_10180,10180,1368,1794,41
33619,job_10181,10181,1318,2062,32
33620,job_10182,10182,1269,2075,24
33624,job_10183,10183,260,409,17
33625,job_10184,10184,1333,3178,18
33626,job_10185,10185,1735,1941,50
33627,job_10186,10186,1213,2736,38
33631,job_10187,10187,352,549,16
33639,job_10188,10188,345,617,5
33640,job_10189,10189,1225,2577,33
33642,job_10190,10190,1504,2028,32
33650,job_10191,10191,384,490,18
33650,job_10192,10192,1386,2183,36
33652,job_10193,10193,1430,1635,23
33659,job_10194,10194,168,381,17
33659,job_10195,10195,1086,1334,30
33659,job_10196,10196,1007,1915,35
33664,job_10197,10197,257,456,13
33669,job_10198,10198,395,402,10
33672,job_10199,10199,134,589,12
33674,job_10200,10200,213,631,7
33683,job_10201,10201,266,450,8
33685,job_10202,10202,395,501,13
33685,job_10203,10203,1254,2539,12
33690,job_10204,10204,255,539,12
33695,job_10205,10205,504,411,6
33703,job_10206,10206,367,596,14
33703,job_10207,10207,1019,2287,40
33713,job_10208,10208,243,477,13
33713,job_10209,10209,1246,2292,19
33723,job_10210,10210,242,530,5
33724,job_10211,10211,1380,1629,47
33729,job_10212,10212,495,575,12
33737,job_10213,10213,329,580,6
33737,job_10214,10214,1372,1733,34
33737,job_10215,10215,1317,2042,19
33744,job_10216,10216,429,537,14
33751,job_10217,10217,251,511,19
33751,job_10218,10218,1792,1432,21
33760,job_10219,10219,341,765,11
33760,job_10220,10220,1264,1538,17
33760,job_10221,10221,1346,831,17
33760,job_10222,10222,1018,3092,30
33762,job_10223,10223,1105,2627,19
33762,job_10224,10224,1402,1898,15
33769,job_10225,10225,427,615,13
33771,job_10226,10226,1127,2497,38
33772,job_10227,10227,809,1763,12
33772,job_10228,10228,1315,1442,25
33775,job_10229,10229,270,509,14
33777,job_10230,10230,1133,2068,43
33778,job_10231,10231,972,2111,28
33778,job_10232,10232,1137,987,38
33785,job_10233,10233,208,524,19
33785,job_10234,10234,1113,1412,32
33785,job_10235,10235,1081,2111,18
33785,job_10236,10236,1475,2547,13
33789,job_10237,10237,191,544,6
33790,job_10238,10238,1127,2385,36
33793,job_10239,10239,307,583,7
33795,job_10240,10240,1510,2336,25
33805,job_10241,10241,289,353,10
33805,job_10242,10242,1386,2789,18
33805,job_10243,10243,1174,1850,34
33811,job_10244,10244,393,558,12
33811,job_10245,10245,1022,2444,33
33814,job_10246,10246,407,548,16
33816,job_10247,10247,497,451,19
33825,job_10248,10248,131,580,10
33825,job_10249,10249,1300,1392,25
33835,job_10250,10250,525,475,8
33836,job_10251,10251,1373,1278,37
33838,job_10252,10252,1120,1345,43
33838,job_10253,10253,944,2601,44
33838,job_10254,10254,1342,2532,32
33838,job_10255,10255,1054,1570,37
33838,job_10256,10256,1507,1598,15
33840,job_10257,10257,282,485,14
33842,job_10258,10258,912,2493,15
33844,job_10259,10259,365,464,20
33846,job_10260,10260,775,2581,29
33848,job_10261,10261,1629,3105,11
33858,job_10262,10262,334,510,16
33858,job_10263,10263,1210,2895,23
33863,job_10264,10264,232,523,20
33871,job_10265,10265,196,583,8
33881,job_10266,10266,201,468,5
33883,job_10267,10267,406,515,6
33883,job_10268,10268,862,2280,32
33883,job_10269,10269,914,2237,41
33891,job_10270,10270,210,439,20
33893,job_10271,10271,1456,2519,38
33903,job_10272,10272,378,529,19
33904,job_10273,10273,1034,1932,14
33904,job_10274,10274,932,1297,22
33914,job_10275,10275,327,477,5
33914,job_10276,10276,1260,1501,45
33914,job_10277,10277,734,1717,14
33915,job_10278,10278,499,2070,12
33917,job_10279,10279,985,2560,42
33918,job_10280,10280,1066,2505,46
33920,job_10281,10281,376,594,16
33922,job_10282,10282,961,1927,15
33924,job_10283,10283,871,1823,19
33927,job_10284,10284,297,377,15
33928,job_10285,10285,1576,2227,32
33934,job_10286,10286,250,544,15
33934,job_10287,10287,941,2364,46
33936,job_10288,10288,252,454,7
33937,job_10289,10289,677,2311,37
33942,job_10290,10290,308,501,14
33952,job_10291,10291,259,496,9
33960,job_10292,10292,219,666,9
33961,job_10293,10293,765,1928,28
33965,job_10294,10294,311,529,8
33971,job_10295,10295,235,650,18
33971,job_10296,10296,828,2908,45
33971,job_10297,10297,1102,2093,26
33975,job_10298,10298,421,516,17
33982,job_10299,10299,201,361,13
33983,job_10300,10300,1363,1377,29
33984,job_10301,10301,1779,1785,37
33986,job_10302,10302,1077,2206,46
33986,job_10303,10303,1197,1746,36
33992,job_10304,10304,293,501,8
33993,job_10305,10305,1781,1754,17
33994,job_10306,10306,925,2473,26
33995,job_10307,10307,1455,2003,13
33995,job_10308,10308,1075,2125,50
33996,job_10309,10309,1105,2424,42
33996,job_10310,10310,1005,2705,17
33996,job_10311,10311,886,1378,40
34001,job_10312,10312,242,390,8
34001,job_10313,10313,812,1805,17
34001,job_10314,10314,1398,2288,11
34004,job_10315,10315,470,602,19
34006,job_10316,10316,937,2974,10
34007,job_10317,10317,1322,1721,24
34016,job_10318,10318,330,327,20
34025,job_10319,10319,272,506,17
34026,job_10320,10320,1312,1898,50
34032,job_10321,10321,284,397,16
34034,job_10322,10322,433,668,12
34036,job_10323,10323,661,1504,26
34045,job_10324,10324,263,527,13
34050,job_10325,10325,287,446,9
34050,job_10326,10326,1131,2256,50
34052,job_10327,10327,933,2334,49
34053,job_10328,10328,978,2139,40
34055,job_10329,10329,230,483,7
34055,job_10330,10330,1133,3262,47
34057,job_10331,10331,906,1883,16
34059,job_10332,10332,352,409,16
34061,job_10333,10333,1634,1055,23
34063,job_10334,10334,1078,2725,35
34063,job_10335,10335,865,2041,19
34068,job_10336,10336,339,462,16
34069,job_10337,10337,1271,1914,27
34071,job_10338,10338,1087,1734,49
34075,job_10339,10339,252,468,14
34077,job_10340,10340,1757,2111,31
34077,job_10341,10341,1394,1432,12
34077,job_10342,10342,782,2473,34
34087,job_10343,10343,331,490,20
34089,job_10344,10344,765,2048,17
34090,job_10345,10345,790,2185,48
34092,job_10346,10346,1084,1787,40
34093,job_10347,10347,779,2199,35
34093,job_10348,10348,1099,2737,13
34095,job_10349,10349,592,1910,49
34101,job_10350,10350,237,408,17
34103,job_10351,10351,1381,1667,46
34103,job_10352,10352,1138,2116,12
34105,job_10353,10353,232,494,17
34106,job_10354,10354,1281,1393,18
34109,job_10355,10355,317,489,14
34109,job_10356,10356,1468,1691,28
34111,job_10357,10357,1778,1665,27
34119,job_10358,10358,296,613,16
34121,job_10359,10359,1515,2200,43
34122,job_10360,10360,1562,1891,28
34125,job_10361,10361,311,586,18
34129,job_10362,10362,104,642,5
34131,job_10363,10363,840,1754,23
34133,job_10364,10364,1365,1603,39
34133,job_10365,10365,1181,1859,45
34134,job_10366,10366,1072,2004,45
34144,job_10367,10367,214,500,20
34145,job_10368,10368,1278,1256,18
34145,job_10369,10369,1048,1169,28
34147,job_10370,10370,1015,2864,30
34148,job_10371,10371,1264,1736,28
34153,job_10372,10372,243,406,20
34162,job_10373,10373,193,448,6
34163,job_10374,10374,552,1572,48
34164,job_10375,10375,1313,2226,46
34169,job_10376,10376,116,353,13
34171,job_10377,10377,1074,3231,18
34172,job_10378,10378,1318,2678,33
34174,job_10379,10379,522,1871,29
34183,job_10380,10380,225,344,14
34183,job_10381,10381,1234,1390,14
34185,job_10382,10382,1434,2185,14
34189,job_10383,10383,246,476,10
34191,job_10384,10384,1175,2319,47
34193,job_10385,10385,1250,2342,45
34195,job_10386,10386,922,1835,23
34200,job_10387,10387,390,436,19
34209,job_10388,10388,218,474,20
34210,job_10389,10389,1288,1471,36
34217,job_10390,10390,500,586,12
34218,job_10391,10391,1248,2348,50
34226,job_10392,10392,431,503,11
34234,job_10393,10393,257,720,18
34243,job_10394,10394,237,567,15
34253,job_10395,10395,300,539,12
34262,job_10396,10396,206,320,20
34262,job_10397,10397,1201,2068,28
34263,job_10398,10398,969,2973,17
34265,job_10399,10399,857,1740,47
34267,job_10400,10400,319,370,18
34269,job_10401,10401,1320,1268,17
34276,job_10402,10402,334,603,6
34278,job_10403,10403,1508,1749,46
34279,job_10404,10404,1566,2146,32
34281,job_10405,10405,926,1503,25
34291,job_10406,10406,500,345,10
34293,job_10407,10407,998,1854,35
34295,job_10408,10408,1420,984,12
34297,job_10409,10409,1123,1951,29
34297,job_10410,10410,855,1658,11
34298,job_10411,10411,874,2480,38
34299,job_10412,10412,1554,2899,47
34299,job_10413,10413,1146,2600,10
34299,job_10414,10414,1046,2457,18
34301,job_10415,10415,1344,1757,13
34303,job_10416,10416,950,2662,43
34304,job_10417,10417,1554,2172,12
34306,job_10418,10418,1624,1857,37
34308,job_10419,10419,309,290,19
34308,job_10420,10420,1543,1989,38
34308,job_10421,10421,1025,1803,13
34310,job_10422,10422,1417,1871,45
34312,job_10423,10423,1161,1285,18
34312,job_10424,10424,1308,2426,33
34314,job_10425,10425,866,1532,17
34323,job_10426,10426,311,542,18
34331,job_10427,10427,394,577,8
34331,job_10428,10428,1726,1762,34
34332,job_10429,10429,1598,2401,18
34332,job_10430,10430,1155,1568,26
34332,job_10431,10431,1308,2146,25
34337,job_10432,10432,447,528,6
34337,job_10433,10433,639,1973,18
34343,job_10434,10434,337,356,11
34343,job_10435,10435,913,2345,48
34343,job_10436,10436,1823,1755,21
34345,job_10437,10437,914,1606,26
34351,job_10438,10438,218,482,8
34361,job_10439,10439,355,447,7
34366,job_10440,10440,437,563,5
34368,job_10441,10441,970,1136,13
34368,job_10442,10442,1421,1942,16
34378,job_10443,10443,244,493,11
34379,job_10444,10444,1274,1887,15
34380,job_10445,10445,1584,1451,46
34390,job_10446,10446,320,270,11
34392,job_10447,10447,1005,1652,14
34392,job_10448,10448,1373,2667,39
34394,job_10449,10449,1272,2632,13
34396,job_10450,10450,1673,2297,23
34403,job_10451,10451,222,500,10
34413,job_10452,10452,369,702,7
34415,job_10453,10453,911,1878,40
34416,job_10454,10454,816,2311,48
34425,job_10455,10455,419,549,7
34426,job_10456,10456,825,1758,46
34428,job_10457,10457,1446,2701,22
34428,job_10458,10458,387,1721,36
34429,job_10459,10459,1350,1608,23
34432,job_10460,10460,228,691,17
34438,job_10461,10461,310,572,15
34439,job_10462,10462,1413,2365,32
34441,job_10463,10463,1292,1490,30
34443,job_10464,10464,1445,2107,43
34445,job_10465,10465,1463,1645,13
34448,job_10466,10466,154,478,20
34449,job_10467,10467,1383,1829,12
34449,job_10468,10468,1537,2126,44
34451,job_10469,10469,1355,2920,28
34452,job_10470,10470,1067,1407,16
34452,job_10471,10471,1378,1259,14
34453,job_10472,10472,1269,1587,10
34463,job_10473,10473,197,512,12
34465,job_10474,10474,1257,2028,17
34466,job_10475,10475,1172,2147,42
34468,job_10476,10476,1056,1718,29
34470,job_10477,10477,1361,2505,46
34470,job_10478,10478,1780,1986,24
34477,job_10479,10479,369,382,5
34478,job_10480,10480,1189,2458,42
34488,job_10481,10481,342,509,15
34488,job_10482,10482,1349,2824,31
34490,job_10483,10483,1013,1948,12
34490,job_10484,10484,1535,2190,47
34490,job_10485,10485,948,1805,27
34500,job_10486,10486,308,378,8
34500,job_10487,10487,1017,1962,39
34500,job_10488,10488,960,2883,29
34501,job_10489,10489,769,2737,27
34503,job_10490,10490,629,1399,34
34512,job_10491,10491,481,636,7
34514,job_10492,10492,1234,1967,40
34516,job_10493,10493,882,2300,27
34526,job_10494,10494,352,541,7
34534,job_10495,10495,244,541,14
34534,job_10496,10496,1259,2265,47
34536,job_10497,10497,796,1433,21
34537,job_10498,10498,896,2132,21
34539,job_10499,10499,1160,3151,21
34540,job_10500,10500,1166,2547,18
34541,job_10501,10501,1157,1895,16
34541,job_10502,10502,1261,2882,29
34545,job_10503,10503,295,466,14
34545,job_10504,10504,1084,1843,27
34546,job_10505,10505,1566,1871,27
34546,job_10506,10506,1084,1536,15
34547,job_10507,10507,1588,1874,16
34549,job_10508,10508,1473,1295,15
34551,job_10509,10509,1032,1647,30
34555,job_10510,10510,220,582,12
34556,job_10511,10511,1116,1588,35
34556,job_10512,10512,1455,1873,14
34556,job_10513,10513,1269,2219,47
34557,job_10514,10514,878,1243,48
34558,job_10515,10515,1126,1997,43
34561,job_10516,10516,199,506,10
34563,job_10517,10517,733,1487,16
34563,job_10518,10518,1245,2037,15
34572,job_10519,10519,326,429,11
34579,job_10520,10520,500,554,6
34581,job_10521,10521,730,2443,49
34581,job_10522,10522,1716,2130,14
34582,job_10523,10523,1439,1763,25
34583,job_10524,10524,1226,2106,49
34585,job_10525,10525,891,2543,36
34587,job_10526,10526,473,1912,37
34589,job_10527,10527,773,1584,20
34591,job_10528,10528,1172,2118,22
34598,job_10529,10529,133,638,11
34598,job_10530,10530,1530,1895,11
34608,job_10531,10531,343,609,6
34608,job_10532,10532,1399,2411,36
34609,job_10533,10533,1521,2018,13
34610,job_10534,10534,1383,2686,32
34612,job_10535,10535,1087,1797,20
34613,job_10536,10536,1092,1714,46
34613,job_10537,10537,1619,2031,35
34615,job_10538,10538,1662,1983,42
34616,job_10539,10539,1473,1956,39
34618,job_10540,10540,308,604,10
34620,job_10541,10541,1053,2037,50
34621,job_10542,10542,690,1300,21
34631,job_10543,10543,561,534,10
34631,job_10544,10544,966,2818,50
34632,job_10545,10545,1284,2239,42
34633,job_10546,10546,1489,2094,31
34634,job_10547,10547,1406,1067,37
34636,job_10548,10548,1343,1761,37
34638,job_10549,10549,967,1752,38
34640,job_10550,10550,1289,1980,23
34641,job_10551,10551,996,1542,20
34641,job_10552,10552,1440,1816,12
34643,job_10553,10553,341,582,14
34643,job_10554,10554,1169,2459,13
34645,job_10555,10555,1021,2343,36
34646,job_10556,10556,926,2337,31
34648,job_10557,10557,1562,1920,46
34649,job_10558,10558,1099,2203,39
34650,job_10559,10559,1151,2340,27
34651,job_10560,10560,1424,2470,26
34653,job_10561,10561,299,558,14
34655,job_10562,10562,1489,2660,34
34655,job_10563,10563,1420,2158,36
34657,job_10564,10564,1143,2053,40
34667,job_10565,10565,406,506,20
34668,job_10566,10566,1865,2083,17
34670,job_10567,10567,1527,1929,18
34672,job_10568,10568,1826,1875,10
34672,job_10569,10569,1453,2275,40
34674,job_10570,10570,1248,2614,30
34682,job_10571,10571,242,750,12
34687,job_10572,10572,249,597,15
34689,job_10573,10573,1546,2505,35
34690,job_10574,10574,1109,2969,45
34695,job_10575,10575,363,616,16
34695,job_10576,10576,960,1647,35
34695,job_10577,10577,909,2438,14
34696,job_10578,10578,1429,1181,14
34702,job_10579,10579,240,552,14
34703,job_10580,10580,613,2040,38
34707,job_10581,10581,363,336,12
34708,job_10582,10582,1220,2375,45
34709,job_10583,10583,1381,1981,40
34711,job_10584,10584,946,1421,31
34713,job_10585,10585,1327,2319,41
34713,job_10586,10586,1338,1271,16
34719,job_10587,10587,327,640,17
34721,job_10588,10588,1745,2117,13
34722,job_10589,10589,1293,2590,45
34723,job_10590,10590,1292,3203,23
34723,job_10591,10591,1072,2069,21
34724,job_10592,10592,636,2261,26
34725,job_10593,10593,1311,1982,23
34727,job_10594,10594,1222,1795,49
34729,job_10595,10595,625,2661,16
34731,job_10596,10596,1584,2390,10
34732,job_10597,10597,1640,2752,13
34733,job_10598,10598,1193,2245,32
34733,job_10599,10599,1389,2390,26
34743,job_10600,10600,419,561,16
34743,job_10601,10601,1250,1740,18
34744,job_10602,10602,524,1859,19
34745,job_10603,10603,855,1688,19
34747,job_10604,10604,245,602,12
34747,job_10605,10605,1726,2103,45
34749,job_10606,10606,1172,2431,41
34750,job_10607,10607,1245,2293,36
34750,job_10608,10608,1066,1871,20
34752,job_10609,10609,1133,3875,10
34752,job_10610,10610,1266,1744,30
34752,job_10611,10611,1327,2346,10
34756,job_10612,10612,376,442,16
34756,job_10613,10613,1145,2038,48
34757,job_10614,10614,991,1645,10
34757,job_10615,10615,1607,1057,40
34759,job_10616,10616,977,2442,38
34760,job_10617,10617,1072,2209,49
34760,job_10618,10618,1066,2122,15
34760,job_10619,10619,1130,1969,49
34762,job_10620,10620,1051,1868,22
34764,job_10621,10621,944,1621,45
34765,job_10622,10622,1637,1984,16
34767,job_10623,10623,756,1468,11
34769,job_10624,10624,843,1672,42
34770,job_10625,10625,1446,1664,36
34773,job_10626,10626,415,500,17
34773,job_10627,10627,1276,1727,11
34773,job_10628,10628,1489,2295,41
34773,job_10629,10629,1534,2234,19
34773,job_10630,10630,1162,2296,28
34775,job_10631,10631,657,2519,41
34775,job_10632,10632,768,2253,23
34776,job_10633,10633,900,2416,42
34780,job_10634,10634,248,610,10
34782,job_10635,10635,879,1767,38
34790,job_10636,10636,425,431,12
34791,job_10637,10637,872,1159,32
34797,job_10638,10638,100,453,11
34803,job_10639,10639,290,210,7
34804,job_10640,10640,1107,2358,11
34804,job_10641,10641,1173,1989,21
34806,job_10642,10642,985,2079,19
34807,job_10643,10643,1386,1721,35
34807,job_10644,10644,869,1918,29
34817,job_10645,10645,380,483,12
34819,job_10646,10646,1249,1916,40
34820,job_10647,10647,1004,2226,34
34820,job_10648,10648,904,1818,27
34821,job_10649,10649,1513,2233,49
34823,job_10650,10650,1359,2034,21
34823,job_10651,10651,1462,1463,32
34825,job_10652,10652,1291,949,34
34827,job_10653,10653,1455,2530,11
34836,job_10654,10654,194,460,14
34845,job_10655,10655,379,320,7
34847,job_10656,10656,607,3161,21
34849,job_10657,10657,1576,1300,18
34850,job_10658,10658,1345,2043,10
34850,job_10659,10659,1300,2050,13
34852,job_10660,10660,460,1183,34
34854,job_10661,10661,1184,1885,41
34856,job_10662,10662,231,495,19
34856,job_10663,10663,1123,1862,38
34858,job_10664,10664,1279,2065,31
34858,job_10665,10665,1505,3123,16
34860,job_10666,10666,1605,2097,20
34867,job_10667,10667,209,495,11
34867,job_10668,10668,1234,1749,45
34869,job_10669,10669,874,2144,35
34870,job_10670,10670,1318,2240,27
34871,job_10671,10671,1057,2009,31
34871,job_10672,10672,1155,2154,46
34881,job_10673,10673,229,605,15
34883,job_10674,10674,1354,2946,41
34885,job_10675,10675,916,1663,46
34887,job_10676,10676,1372,1723,28
34894,job_10677,10677,371,656,18
34894,job_10678,10678,1292,2387,41
34895,job_10679,10679,1080,2518,47
34896,job_10680,10680,1402,1757,26
34898,job_10681,10681,1548,1723,19
34899,job_10682,10682,1503,1651,45
34901,job_10683,10683,1276,2245,37
34902,job_10684,10684,917,1988,30
34904,job_10685,10685,1713,1962,26
34906,job_10686,10686,1222,1478,16
34906,job_10687,10687,891,2490,23
34910,job_10688,10688,427,590,15
34910,job_10689,10689,1605,1748,14
34910,job_10690,10690,934,2578,35
34912,job_10691,10691,1453,2298,39
34913,job_10692,10692,1161,1975,42
34915,job_10693,10693,697,1905,26
34915,job_10694,10694,1165,2793,44
34916,job_10695,10695,745,2023,16
34916,job_10696,10696,1081,1094,17
34917,job_10697,10697,1771,1576,23
34921,job_10698,10698,273,527,6
34921,job_10699,10699,1682,1362,22
34923,job_10700,10700,1109,2932,20
34925,job_10701,10701,1605,1329,37
34927,job_10702,10702,1475,1797,40
34929,job_10703,10703,1786,2452,29
34930,job_10704,10704,1026,2687,29
34932,job_10705,10705,1390,1569,27
34933,job_10706,10706,763,2511,26
34934,job_10707,10707,1556,1258,34
34934,job_10708,10708,1237,1204,46
34942,job_10709,10709,318,564,13
34942,job_10710,10710,1302,1638,16
34942,job_10711,10711,1279,1914,17
34942,job_10712,10712,1164,1390,10
34943,job_10713,10713,1306,1930,13
34943,job_10714,10714,1764,2334,33
34945,job_10715,10715,1392,2353,16
34947,job_10716,10716,971,2454,27
34948,job_10717,10717,1227,2338,26
34948,job_10718,10718,1383,2353,12
34949,job_10719,10719,1534,1978,20
34949,job_10720,10720,1482,1758,41
34950,job_10721,10721,1085,2236,37
34951,job_10722,10722,1074,1733,19
34953,job_10723,10723,1066,2511,22
34955,job_10724,10724,1172,565,23
34957,job_10725,10725,871,2501,50
34958,job_10726,10726,1214,2261,32
34958,job_10727,10727,1383,2469,15
34960,job_10728,10728,1238,1702,15
34961,job_10729,10729,1526,1728,20
34962,job_10730,10730,1772,2464,37
34963,job_10731,10731,748,1682,48
34965,job_10732,10732,1305,1329,13
34965,job_10733,10733,693,1683,11
34967,job_10734,10734,1327,2321,34
34967,job_10735,10735,1388,2159,11
34967,job_10736,10736,1323,1889,21
34967,job_10737,10737,1473,2147,42
34967,job_10738,10738,1530,1140,24
34967,job_10739,10739,1224,545,19
34976,job_10740,10740,150,428,10
34977,job_10741,10741,1124,1914,21
34977,job_10742,10742,889,1442,17
34979,job_10743,10743,212,463,12
34981,job_10744,10744,1156,2002,34
34981,job_10745,10745,1650,1402,12
34983,job_10746,10746,1470,1937,18
34983,job_10747,10747,804,1218,18
34984,job_10748,10748,1831,3492,30
34986,job_10749,10749,1151,1994,27
34987,job_10750,10750,1499,2253,43
34988,job_10751,10751,1240,1553,13
34988,job_10752,10752,1411,2059,15
34989,job_10753,10753,965,1930,29
34998,job_10754,10754,378,667,6
34999,job_10755,10755,885,2220,26
34999,job_10756,10756,1309,2794,24
34999,job_10757,10757,1153,2627,35
35000,job_10758,10758,1186,2011,43
35000,job_10759,10759,1158,1627,21
35004,job_10760,10760,395,601,7
35006,job_10761,10761,382,486,8
35009,job_10762,10762,347,504,18
35009,job_10763,10763,1674,1913,25
35010,job_10764,10764,863,2851,24
35012,job_10765,10765,1022,1382,42
35013,job_10766,10766,787,2169,34
35014,job_10767,10767,1593,1683,18
35023,job_10768,10768,166,624,5
35023,job_10769,10769,636,1969,24
35027,job_10770,10770,147,342,20
35028,job_10771,10771,625,1860,25
35028,job_10772,10772,1195,2031,24
35030,job_10773,10773,1513,2309,35
35030,job_10774,10774,1359,1701,27
35031,job_10775,10775,1402,2704,48
35032,job_10776,10776,977,2511,43
35034,job_10777,10777,1055,3715,23
35035,job_10778,10778,1546,2250,24
35037,job_10779,10779,246,539,19
35038,job_10780,10780,1117,2125,23
35038,job_10781,10781,726,2655,22
35040,job_10782,10782,720,1585,41
35040,job_10783,10783,1518,1940,26
35042,job_10784,10784,863,1683,42
35042,job_10785,10785,936,2271,38
35044,job_10786,10786,954,3101,12
35046,job_10787,10787,911,2785,16
35048,job_10788,10788,1775,1958,20
35048,job_10789,10789,1401,2231,12
35050,job_10790,10790,1394,1754,30
35050,job_10791,10791,1686,1709,49
35051,job_10792,10792,470,1249,19
35053,job_10793,10793,1273,2864,41
35055,job_10794,10794,1257,1764,13
35057,job_10795,10795,1192,1659,15
35059,job_10796,10796,1441,1410,22
35060,job_10797,10797,1305,1505,13
35060,job_10798,10798,1136,2292,17
35061,job_10799,10799,1144,1375,30
35063,job_10800,10800,1940,1966,30
35063,job_10801,10801,1039,2247,30
35065,job_10802,10802,1235,1811,17
35065,job_10803,10803,859,2417,16
35067,job_10804,10804,1290,2132,40
35067,job_10805,10805,1577,2807,12
35067,job_10806,10806,571,2122,15
35068,job_10807,10807,1001,1944,21
35069,job_10808,10808,1615,1930,43
35070,job_10809,10809,1397,2873,11
35071,job_10810,10810,1416,1667,47
35071,job_10811,10811,1257,2379,14
35073,job_10812,10812,750,2839,26
35075,job_10813,10813,1411,1271,19
35077,job_10814,10814,1157,1600,19
35078,job_10815,10815,1105,2070,46
35080,job_10816,10816,1411,2079,31
35080,job_10817,10817,992,1634,22
35081,job_10818,10818,1269,1616,37
35081,job_10819,10819,1298,2603,37
35083,job_10820,10820,1554,2843,13
35085,job_10821,10821,894,1774,43
35087,job_10822,10822,916,1914,40
35089,job_10823,10823,1679,1723,47
35090,job_10824,10824,1002,2491,11
35090,job_10825,10825,983,2798,30
35091,job_10826,10826,657,2582,39
35092,job_10827,10827,1034,1912,49
35093,job_10828,10828,1471,2445,11
35095,job_10829,10829,805,1776,16
35095,job_10830,10830,1287,1454,42
35095,job_10831,10831,895,2186,41
35097,job_10832,10832,1336,1238,47
35097,job_10833,10833,1104,1801,13
35099,job_10834,10834,1286,2397,48
35100,job_10835,10835,1412,1808,27
35100,job_10836,10836,1659,2276,27
35101,job_10837,10837,1127,1995,46
35102,job_10838,10838,1448,2161,45
35104,job_10839,10839,1239,1544,19
35105,job_10840,10840,1756,2071,41
35106,job_10841,10841,1172,3056,44
35108,job_10842,10842,1424,2374,26
35109,job_10843,10843,1363,2727,27
35111,job_10844,10844,812,2479,11
35111,job_10845,10845,1439,1767,13
35112,job_10846,10846,599,1541,11
35114,job_10847,10847,1038,1682,22
35116,job_10848,10848,907,1688,27
35118,job_10849,10849,1453,2188,19
35118,job_10850,10850,1512,2163,20
35118,job_10851,10851,1334,2350,16
35120,job_10852,10852,1293,2324,42
35127,job_10853,10853,362,571,13
35131,job_10854,10854,325,676,14
35133,job_10855,10855,1052,1961,30
35135,job_10856,10856,1332,1866,36
35137,job_10857,10857,1135,1482,37
35139,job_10858,10858,1496,1589,18
35140,job_10859,10859,1007,1330,37
35141,job_10860,10860,762,2848,32
35141,job_10861,10861,1058,2055,25
35148,job_10862,10862,133,317,20
35148,job_10863,10863,944,1246,25
35148,job_10864,10864,1391,2119,41
35148,job_10865,10865,1417,1098,19
35149,job_10866,10866,929,1908,49
35149,job_10867,10867,1184,2015,26
35149,job_10868,10868,1135,1322,14
35150,job_10869,10869,1113,2966,43
35150,job_10870,10870,1077,2454,39
35151,job_10871,10871,912,2213,22
35152,job_10872,10872,1136,2471,31
35153,job_10873,10873,790,1749,12
35154,job_10874,10874,1105,1517,13
35156,job_10875,10875,968,1907,11
35158,job_10876,10876,1637,2364,21
35160,job_10877,10877,1851,2311,34
35163,job_10878,10878,206,724,13
35163,job_10879,10879,1113,1795,45
35164,job_10880,10880,1356,2082,30
35165,job_10881,10881,1238,2322,34
35166,job_10882,10882,1050,2125,23
35167,job_10883,10883,1296,2772,24
35168,job_10884,10884,1037,1996,14
35168,job_10885,10885,1385,2215,30
35168,job_10886,10886,1390,2423,29
35170,job_10887,10887,1404,2026,17
35171,job_10888,10888,1117,1700,25
35180,job_10889,10889,289,480,12
35180,job_10890,10890,1165,2553,42
35186,job_10891,10891,249,569,11
35186,job_10892,10892,1243,2452,12
35188,job_10893,10893,1826,2125,17
35195,job_10894,10894,305,522,15
35196,job_10895,10895,980,2117,31
35197,job_10896,10896,1039,1797,25
35199,job_10897,10897,1146,1640,47
35201,job_10898,10898,1340,1643,17
35202,job_10899,10899,973,2126,15
35204,job_10900,10900,1664,1789,39
35205,job_10901,10901,1557,2098,39
35207,job_10902,10902,990,1321,31
35207,job_10903,10903,828,1939,48
35209,job_10904,10904,955,2182,44
35210,job_10905,10905,965,2717,17
35217,job_10906,10906,255,360,10
35219,job_10907,10907,1518,2154,33
35220,job_10908,10908,1039,2463,14
35220,job_10909,10909,956,1425,31
35222,job_10910,10910,1109,2031,44
35222,job_10911,10911,1406,616,28
35223,job_10912,10912,1569,2218,50
35224,job_10913,10913,1371,2049,39
35226,job_10914,10914,1225,1775,27
35227,job_10915,10915,1231,2096,43
35228,job_10916,10916,1437,2304,28
35230,job_10917,10917,1197,2243,47
35230,job_10918,10918,1240,1810,18
35236,job_10919,10919,296,353,7
35238,job_10920,10920,938,2042,35
35240,job_10921,10921,1596,1768,47
35241,job_10922,10922,647,2344,29
35243,job_10923,10923,1479,2525,18
35244,job_10924,10924,992,2491,43
35246,job_10925,10925,1117,3304,45
35249,job_10926,10926,290,455,15
35250,job_10927,10927,615,2023,11
35250,job_10928,10928,1086,2158,45
35251,job_10929,10929,1455,2259,47
35252,job_10930,10930,1035,2161,21
35254,job_10931,10931,1439,2326,26
35261,job_10932,10932,325,466,20
35263,job_10933,10933,1192,2601,22
35263,job_10934,10934,1097,1967,29
35268,job_10935,10935,138,521,10
35270,job_10936,10936,1075,1677,45
35271,job_10937,10937,1277,2531,26
35273,job_10938,10938,1073,1866,48
35273,job_10939,10939,915,1957,36
35273,job_10940,10940,1779,1412,27
35273,job_10941,10941,1055,1874,35
35274,job_10942,10942,675,1771,24
35274,job_10943,10943,1369,1585,41
35274,job_10944,10944,1470,2678,45
35276,job_10945,10945,1164,2539,23
35276,job_10946,10946,1496,1901,30
35276,job_10947,10947,1102,1745,26
35278,job_10948,10948,797,2292,33
35280,job_10949,10949,1288,2652,28
35281,job_10950,10950,1600,2409,20
35283,job_10951,10951,1292,1784,38
35284,job_10952,10952,1637,2328,21
35285,job_10953,10953,1179,1763,49
35286,job_10954,10954,1014,2293,28
35286,job_10955,10955,750,1195,13
35288,job_10956,10956,1052,2004,30
35288,job_10957,10957,1036,2117,45
35290,job_10958,10958,1158,1803,19
35290,job_10959,10959,1074,2259,15
35291,job_10960,10960,984,2317,21
35292,job_10961,10961,1026,2077,29
35292,job_10962,10962,1347,893,41
35292,job_10963,10963,1244,2573,37
35292,job_10964,10964,1113,2189,14
35293,job_10965,10965,1344,3001,22
35293,job_10966,10966,1269,1253,14
35295,job_10967,10967,1429,1701,42
35295,job_10968,10968,1126,2974,20
35295,job_10969,10969,1420,1758,21
35297,job_10970,10970,1046,2107,17
35297,job_10971,10971,1448,2095,34
35297,job_10972,10972,845,1527,45
35299,job_10973,10973,755,1772,16
35300,job_10974,10974,1552,2753,44
35301,job_10975,10975,1434,1228,17
35303,job_10976,10976,766,1977,21
35305,job_10977,10977,1613,2248,19
35306,job_10978,10978,1364,1978,40
35307,job_10979,10979,890,2501,34
35307,job_10980,10980,1406,1410,14
35307,job_10981,10981,952,2327,32
35309,job_10982,10982,1023,1677,27
35309,job_10983,10983,1319,1829,11
35311,job_10984,10984,758,1639,38
35311,job_10985,10985,758,2417,39
35313,job_10986,10986,1252,1501,30
35313,job_10987,10987,1537,1154,42
35313,job_10988,10988,1379,1363,39
35315,job_10989,10989,1158,961,24
35316,job_10990,10990,1403,2417,16
35316,job_10991,10991,1358,2393,17
35317,job_10992,10992,1200,3628,39
35318,job_10993,10993,787,2324,38
35319,job_10994,10994,645,1254,37
35319,job_10995,10995,1465,2300,19
35319,job_10996,10996,1288,2351,10
35321,job_10997,10997,1209,1440,34
35321,job_10998,10998,1213,1821,42
35321,job_10999,10999,1029,2230,43
35321,job_11000,11000,1248,2864,34
35322,job_11001,11001,986,1917,43
35324,job_11002,11002,1020,2006,29
35324,job_11003,11003,809,2049,23
35326,job_11004,11004,1433,1756,43
35328,job_11005,11005,1004,1399,29
35328,job_11006,11006,1687,2629,43
35330,job_11007,11007,1044,1777,40
35330,job_11008,11008,1230,2931,23
35332,job_11009,11009,1112,2507,25
35332,job_11010,11010,1093,2524,32
35337,job_11011,11011,238,541,6
35338,job_11012,11012,1002,2247,21
35339,job_11013,11013,493,2138,39
35339,job_11014,11014,1279,1648,31
35340,job_11015,11015,1449,2123,35
35342,job_11016,11016,994,1886,21
35344,job_11017,11017,750,1963,12
35344,job_11018,11018,1572,1805,35
35345,job_11019,11019,1531,1958,37
35345,job_11020,11020,1834,1886,38
35346,job_11021,11021,970,2505,17
35348,job_11022,11022,993,1961,35
35348,job_11023,11023,1170,1487,45
35348,job_11024,11024,1333,1039,13
35350,job_11025,11025,1615,1779,36
35350,job_11026,11026,1320,1255,15
35350,job_11027,11027,1401,2118,29
35350,job_11028,11028,954,1985,29
35351,job_11029,11029,859,2841,22
35351,job_11030,11030,972,2020,23
35359,job_11031,11031,308,563,6
35361,job_11032,11032,680,1970,25
35363,job_11033,11033,1710,2198,50
35363,job_11034,11034,718,1930,13
35364,job_11035,11035,913,1955,44
35364,job_11036,11036,1336,2166,16
35366,job_11037,11037,1901,2115,28
35366,job_11038,11038,943,2212,41
35367,job_11039,11039,1328,2256,29
35368,job_11040,11040,1656,1128,14
35369,job_11041,11041,1100,1663,30
35369,job_11042,11042,1445,2237,33
35371,job_11043,11043,915,2062,29
35371,job_11044,11044,1320,1405,42
35371,job_11045,11045,1177,3021,39
35373,job_11046,11046,1459,1523,10
35375,job_11047,11047,999,2837,31
35377,job_11048,11048,1542,1653,34
35379,job_11049,11049,1378,2646,20
35381,job_11050,11050,1276,1951,48
35382,job_11051,11051,1167,1791,11
35383,job_11052,11052,1383,2747,29
35383,job_11053,11053,1345,2648,13
35385,job_11054,11054,1182,949,39
35385,job_11055,11055,1457,1811,46
35386,job_11056,11056,1395,2487,46
35386,job_11057,11057,798,1089,38
35387,job_11058,11058,882,1521,19
35389,job_11059,11059,1177,2215,26
35391,job_11060,11060,1850,2683,43
35393,job_11061,11061,918,2076,41
35394,job_11062,11062,742,2259,19
35395,job_11063,11063,1051,2896,36
35395,job_11064,11064,545,1869,39
35395,job_11065,11065,844,2497,13
35395,job_11066,11066,965,2216,36
35396,job_11067,11067,1162,3210,26
35397,job_11068,11068,1539,1145,11
35397,job_11069,11069,1408,2020,13
35399,job_11070,11070,1193,3221,39
35401,job_11071,11071,1389,2382,20
35402,job_11072,11072,813,1636,35
35403,job_11073,11073,632,1911,43
35404,job_11074,11074,1220,1859,41
35406,job_11075,11075,948,788,33
35408,job_11076,11076,1620,1888,42
35408,job_11077,11077,1326,2088,44
35408,job_11078,11078,1025,1067,37
35410,job_11079,11079,866,2329,16
35411,job_11080,11080,987,2025,22
35412,job_11081,11081,1208,871,50
35413,job_11082,11082,1562,1779,16
35413,job_11083,11083,1080,2441,50
35413,job_11084,11084,1493,2006,50
35415,job_11085,11085,1152,1232,48
35416,job_11086,11086,684,1783,17
35417,job_11087,11087,1000,2113,41
35418,job_11088,11088,927,1967,16
35418,job_11089,11089,1576,1917,17
35418,job_11090,11090,1246,2344,26
35418,job_11091,11091,975,1577,39
35419,job_11092,11092,1172,1326,48
35421,job_11093,11093,745,1971,13
35422,job_11094,11094,2097,2355,33
35424,job_11095,11095,1430,2197,39
35425,job_11096,11096,1091,1684,41
35427,job_11097,11097,1092,1788,36
35428,job_11098,11098,1026,1592,21
35430,job_11099,11099,1070,1825,29
35431,job_11100,11100,1094,2113,31
35433,job_11101,11101,1248,2513,26
35433,job_11102,11102,1112,1451,37
35440,job_11103,11103,286,546,12
35441,job_11104,11104,1029,1659,25
35443,job_11105,11105,1050,2186,38
35444,job_11106,11106,2033,3021,41
35444,job_11107,11107,1362,1994,43
35444,job_11108,11108,1185,2231,19
35445,job_11109,11109,1352,1977,47
35445,job_11110,11110,1397,1944,26
35445,job_11111,11111,1682,2776,49
35447,job_11112,11112,1405,2759,17
35449,job_11113,11113,1436,2847,15
35451,job_11114,11114,807,2487,32
35452,job_11115,11115,1428,1609,13
35453,job_11116,11116,1151,1687,33
35453,job_11117,11117,1312,2302,31
35454,job_11118,11118,968,1943,25
35455,job_11119,11119,1202,2500,43
35457,job_11120,11120,1102,2813,15
35457,job_11121,11121,1535,2098,22
35459,job_11122,11122,1240,1160,37
35459,job_11123,11123,1745,1582,40
35459,job_11124,11124,1717,1418,18
35460,job_11125,11125,996,2218,13
35461,job_11126,11126,887,3007,21
35463,job_11127,11127,1837,2855,13
35465,job_11128,11128,973,1996,22
35465,job_11129,11129,913,2132,35
35467,job_11130,11130,1787,2513,14
35467,job_11131,11131,1028,2901,36
35467,job_11132,11132,1164,2650,37
35469,job_11133,11133,998,1999,35
35471,job_11134,11134,949,2716,29
35473,job_11135,11135,1323,2160,44
35474,job_11136,11136,1221,2531,37
35476,job_11137,11137,1036,2971,12
35476,job_11138,11138,1199,851,23
35477,job_11139,11139,1816,2245,38
35478,job_11140,11140,1123,2138,13
35480,job_11141,11141,1467,2887,10
35482,job_11142,11142,823,3285,30
35482,job_11143,11143,1733,2070,47
35484,job_11144,11144,249,485,5
35484,job_11145,11145,1130,2688,48
35484,job_11146,11146,1163,1419,14
35486,job_11147,11147,772,2824,36
35487,job_11148,11148,1070,2615,41
35487,job_11149,11149,1612,1805,43
35488,job_11150,11150,840,2291,18
35488,job_11151,11151,1134,2296,11
35488,job_11152,11152,1310,1662,20
35490,job_11153,11153,879,1694,15
35490,job_11154,11154,1030,2850,16
35491,job_11155,11155,1327,1368,31
35493,job_11156,11156,1394,2185,21
35495,job_11157,11157,842,2147,39
35497,job_11158,11158,1365,1965,41
35498,job_11159,11159,1188,2691,35
35499,job_11160,11160,1288,2373,31
35499,job_11161,11161,946,1386,18
35499,job_11162,11162,1203,2005,40
35501,job_11163,11163,1170,1619,30
35502,job_11164,11164,1001,1891,23
35502,job_11165,11165,1694,2206,42
35503,job_11166,11166,938,1580,44
35503,job_11167,11167,902,2917,41
35504,job_11168,11168,727,2037,33
35506,job_11169,11169,1191,2207,24
35506,job_11170,11170,868,1234,19
35506,job_11171,11171,770,2051,22
35507,job_11172,11172,1314,2016,11
35508,job_11173,11173,1459,1690,33
35508,job_11174,11174,712,2501,37
35508,job_11175,11175,991,2823,34
35508,job_11176,11176,1303,2593,23
35508,job_11177,11177,1315,1879,15
35508,job_11178,11178,605,1902,46
35509,job_11179,11179,1053,1827,24
35510,job_11180,11180,1384,2293,15
35512,job_11181,11181,1325,2258,44
35513,job_11182,11182,1351,1165,11
35513,job_11183,11183,1526,2818,48
35513,job_11184,11184,1521,1371,27
35514,job_11185,11185,924,1761,16
35514,job_11186,11186,1197,1487,16
35514,job_11187,11187,1671,2155,23
35515,job_11188,11188,897,1681,38
35517,job_11189,11189,1080,2769,13
35518,job_11190,11190,882,1819,23
35520,job_11191,11191,1470,1913,32
35520,job_11192,11192,432,1233,17
35520,job_11193,11193,1315,3282,18
35522,job_11194,11194,1558,869,14
35523,job_11195,11195,1117,2090,12
35523,job_11196,11196,722,947,17
35524,job_11197,11197,1469,1346,18
35526,job_11198,11198,473,2721,39
35527,job_11199,11199,1164,2083,18
35528,job_11200,11200,1434,2643,33
35530,job_11201,11201,1396,1947,18
35531,job_11202,11202,1240,2158,48
35531,job_11203,11203,1405,1966,37
35533,job_11204,11204,1011,2314,21
35533,job_11205,11205,1412,2661,31
35535,job_11206,11206,1510,2104,27
35536,job_11207,11207,1450,1936,43
35538,job_11208,11208,716,2709,34
35539,job_11209,11209,871,1405,10
35540,job_11210,11210,623,2391,46
35541,job_11211,11211,877,1822,32
35542,job_11212,11212,1590,2465,27
35544,job_11213,11213,1407,1217,50
35546,job_11214,11214,768,2517,39
35548,job_11215,11215,1387,3138,33
35548,job_11216,11216,1189,1494,13
35548,job_11217,11217,742,2254,31
35549,job_11218,11218,1073,2196,28
35551,job_11219,11219,1228,3275,45
35551,job_11220,11220,1059,2562,40
35553,job_11221,11221,1536,2310,25
35553,job_11222,11222,1491,1500,26
35553,job_11223,11223,1486,1182,14
35555,job_11224,11224,1733,2389,33
35555,job_11225,11225,1054,1908,32
35556,job_11226,11226,1113,1144,40
35558,job_11227,11227,945,1816,42
35558,job_11228,11228,2200,1922,27
35560,job_11229,11229,1204,2645,44
35562,job_11230,11230,1536,1444,42
35563,job_11231,11231,1182,1666,32
35563,job_11232,11232,966,1678,41
35564,job_11233,11233,1237,1728,17
35565,job_11234,11234,1092,950,18
35566,job_11235,11235,1936,2395,23
35567,job_11236,11236,1146,1646,14
35567,job_11237,11237,1321,2176,44
35568,job_11238,11238,1127,2229,11
35568,job_11239,11239,1017,2940,34
35569,job_11240,11240,1226,2638,43
35570,job_11241,11241,1181,2335,41
35570,job_11242,11242,1597,1340,49
35571,job_11243,11243,1521,1531,14
35573,job_11244,11244,1295,1952,34
35575,job_11245,11245,1046,1534,31
35577,job_11246,11246,754,1475,39
35577,job_11247,11247,853,1931,43
35579,job_11248,11248,1259,2364,31
35581,job_11249,11249,1028,2845,39
35583,job_11250,11250,1540,1475,23
35583,job_11251,11251,1530,1678,39
35584,job_11252,11252,1318,1823,50
35584,job_11253,11253,1260,3454,41
35584,job_11254,11254,1209,2948,45
35584,job_11255,11255,1586,1704,24
35586,job_11256,11256,1001,2145,36
35588,job_11257,11257,1614,2014,19
35590,job_11258,11258,1129,1438,31
35591,job_11259,11259,1298,2569,28
35591,job_11260,11260,634,2267,39
35592,job_11261,11261,1729,1804,44
35592,job_11262,11262,763,2767,35
35592,job_11263,11263,1461,1306,22
35592,job_11264,11264,1433,3243,50
35593,job_11265,11265,1124,1764,15
35595,job_11266,11266,1172,2610,12
35596,job_11267,11267,1187,1854,30
35598,job_11268,11268,1131,2817,18
35600,job_11269,11269,1058,1893,39
35601,job_11270,11270,1655,1496,50
35601,job_11271,11271,712,1030,29
35601,job_11272,11272,1012,2377,49
35601,job_11273,11273,1424,2493,33
35602,job_11274,11274,799,1766,23
35602,job_11275,11275,1683,2458,20
35603,job_11276,11276,1242,1891,27
35603,job_11277,11277,833,1334,38
35604,job_11278,11278,1078,1632,14
35606,job_11279,11279,1344,2095,20
35608,job_11280,11280,1037,2225,16
35608,job_11281,11281,864,2875,42
35608,job_11282,11282,952,2036,50
35610,job_11283,11283,1004,3187,43
35611,job_11284,11284,1541,1538,48
35612,job_11285,11285,816,1538,38
35613,job_11286,11286,1307,1951,36
35615,job_11287,11287,1474,2516,37
35617,job_11288,11288,829,820,17
35619,job_11289,11289,774,1695,29
35621,job_11290,11290,980,2129,41
35622,job_11291,11291,1081,1836,16
35624,job_11292,11292,1340,1163,25
35624,job_11293,11293,1132,2468,41
35625,job_11294,11294,1268,2835,21
35625,job_11295,11295,1254,1452,37
35627,job_11296,11296,1566,2270,35
35628,job_11297,11297,1510,2490,11
35628,job_11298,11298,1099,2009,32
35628,job_11299,11299,1416,1750,20
35630,job_11300,11300,1195,1679,31
35630,job_11301,11301,1690,1955,16
35630,job_11302,11302,1750,1044,46
35630,job_11303,11303,893,2632,10
35630,job_11304,11304,612,1818,10
35632,job_11305,11305,1206,2164,35
35632,job_11306,11306,1512,1284,18
35634,job_11307,11307,1297,2170,13
35636,job_11308,11308,1013,1540,14
35636,job_11309,11309,1042,1633,41
35637,job_11310,11310,1094,1255,39
35637,job_11311,11311,1653,2265,49
35639,job_11312,11312,1214,2208,46
35639,job_11313,11313,1096,2352,36
35640,job_11314,11314,847,1101,41
35642,job_11315,11315,1540,1480,25
35642,job_11316,11316,1775,1950,18
35644,job_11317,11317,1119,2103,11
35645,job_11318,11318,1065,2549,45
35647,job_11319,11319,1347,1838,12
35647,job_11320,11320,1212,2266,42
35647,job_11321,11321,1002,888,35
35647,job_11322,11322,1152,1961,29
35648,job_11323,11323,836,1236,18
35650,job_11324,11324,1293,1711,45
35652,job_11325,11325,1068,1495,27
35653,job_11326,11326,1507,2436,44
35654,job_11327,11327,1109,2774,41
35655,job_11328,11328,1060,1553,40
35656,job_11329,11329,898,1896,42
35657,job_11330,11330,1332,1941,39
35658,job_11331,11331,1369,2350,35
35660,job_11332,11332,1455,2056,50
35660,job_11333,11333,1204,1582,23
35661,job_11334,11334,1251,1807,29
35663,job_11335,11335,1156,1675,36
35663,job_11336,11336,1017,1556,48
35665,job_11337,11337,1714,2613,36
35667,job_11338,11338,1182,2237,20
35669,job_11339,11339,1389,1574,10
35670,job_11340,11340,1148,1939,18
35672,job_11341,11341,1579,2583,30
35673,job_11342,11342,1079,1697,17
35674,job_11343,11343,1357,1888,18
35674,job_11344,11344,1521,1852,42
35676,job_11345,11345,1426,2602,22
35677,job_11346,11346,817,1803,35
35679,job_11347,11347,582,1929,13
35680,job_11348,11348,1346,888,50
35681,job_11349,11349,1076,1595,34
35682,job_11350,11350,1367,2077,26
35682,job_11351,11351,1687,1679,30
35684,job_11352,11352,1363,2312,37
35685,job_11353,11353,1062,2530,33
35687,job_11354,11354,1045,2773,40
35687,job_11355,11355,1256,1882,27
35688,job_11356,11356,879,2853,43
35689,job_11357,11357,1290,2585,48
35690,job_11358,11358,608,3697,13
35690,job_11359,11359,1003,2313,46
35692,job_11360,11360,1035,2288,43
35692,job_11361,11361,1114,1837,28
35692,job_11362,11362,1364,2306,32
35693,job_11363,11363,1477,1371,50
35694,job_11364,11364,1115,2260,24
35695,job_11365,11365,940,1750,24
35697,job_11366,11366,693,2367,18
35699,job_11367,11367,657,1618,45
35699,job_11368,11368,1094,1716,17
35701,job_11369,11369,674,2465,39
35703,job_11370,11370,1221,2256,40
35704,job_11371,11371,739,2187,22
35704,job_11372,11372,1156,1163,20
35704,job_11373,11373,1473,2152,28
35705,job_11374,11374,1519,1435,49
35707,job_11375,11375,1475,929,34
35709,job_11376,11376,1298,2221,39
35709,job_11377,11377,1502,2449,35
35709,job_11378,11378,846,1358,17
35711,job_11379,11379,1240,1335,18
35713,job_11380,11380,1266,1374,43
35715,job_11381,11381,678,1603,31
35715,job_11382,11382,1529,2274,17
35717,job_11383,11383,1878,2312,22
35719,job_11384,11384,1321,1281,49
35720,job_11385,11385,1132,2231,26
35722,job_11386,11386,1436,2134,12
35723,job_11387,11387,1612,1344,18
35723,job_11388,11388,1283,1235,21
35723,job_11389,11389,1169,1833,38
35723,job_11390,11390,1033,1928,42
35724,job_11391,11391,1337,1781,23
35725,job_11392,11392,1012,1536,31
35725,job_11393,11393,656,2520,21
35727,job_11394,11394,1119,2097,14
35728,job_11395,11395,846,2756,23
35730,job_11396,11396,971,1824,21
35731,job_11397,11397,796,2073,47
35733,job_11398,11398,1212,1983,10
35733,job_11399,11399,889,1988,26
35733,job_11400,11400,1345,1346,35
35733,job_11401,11401,1007,2581,39
35734,job_11402,11402,1671,1479,22
35735,job_11403,11403,755,1634,15
35736,job_11404,11404,834,1850,36
35737,job_11405,11405,1441,1234,12
35739,job_11406,11406,1002,1813,46
35739,job_11407,11407,1138,2362,12
35740,job_11408,11408,1656,1622,17
35741,job_11409,11409,868,3370,40
35743,job_11410,11410,1528,1530,29
35743,job_11411,11411,1198,2467,43
35743,job_11412,11412,1136,2647,19
35744,job_11413,11413,1623,1666,12
35746,job_11414,11414,1001,2502,40
35748,job_11415,11415,1646,1425,25
35748,job_11416,11416,1366,938,40
35750,job_11417,11417,1547,1742,31
35750,job_11418,11418,880,2298,15
35751,job_11419,11419,1341,2588,41
35753,job_11420,11420,1355,1858,49
35755,job_11421,11421,1677,2158,17
35755,job_11422,11422,979,1577,34
35756,job_11423,11423,1246,1653,20
35756,job_11424,11424,1257,1544,28
35758,job_11425,11425,1053,1519,32
35759,job_11426,11426,860,2447,16
35761,job_11427,11427,1293,2290,18
35762,job_11428,11428,1462,2742,45
35764,job_11429,11429,908,2532,39
35765,job_11430,11430,1163,2074,47
35767,job_11431,11431,1651,2506,22
35768,job_11432,11432,1566,2387,45
35770,job_11433,11433,739,2333,46
35770,job_11434,11434,1180,1999,18
35772,job_11435,11435,1379,2092,28
35773,job_11436,11436,1039,1837,38
35774,job_11437,11437,693,1366,47
35776,job_11438,11438,1522,1277,18
35778,job_11439,11439,1222,2651,30
35780,job_11440,11440,1238,1393,16
35780,job_11441,11441,1515,2478,19
35780,job_11442,11442,1277,1914,23
35782,job_11443,11443,1024,1791,26
35784,job_11444,11444,1728,2411,17
35784,job_11445,11445,1166,2502,32
35785,job_11446,11446,1282,1632,19
35787,job_11447,11447,809,2029,20
35787,job_11448,11448,1399,1707,42
35788,job_11449,11449,1358,1725,31
35788,job_11450,11450,1182,1494,30
35788,job_11451,11451,1345,1642,10
35790,job_11452,11452,1514,2543,40
35792,job_11453,11453,1203,1477,43
35794,job_11454,11454,1454,2116,22
35795,job_11455,11455,1810,1812,38
35795,job_11456,11456,1129,1654,22
35797,job_11457,11457,938,2398,11
35798,job_11458,11458,1267,2047,32
35798,job_11459,11459,1033,2985,24
35799,job_11460,11460,1463,1841,39
35800,job_11461,11461,1121,1604,46
35800,job_11462,11462,1875,1643,41
35801,job_11463,11463,1573,2023,19
35802,job_11464,11464,929,2053,17
35802,job_11465,11465,949,2313,14
35802,job_11466,11466,1216,2469,47
35802,job_11467,11467,1015,1386,13
35804,job_11468,11468,1240,2394,38
35806,job_11469,11469,1438,1798,49
35808,job_11470,11470,1317,2531,45
35809,job_11471,11471,1564,1875,35
35810,job_11472,11472,1142,2843,17
35816,job_11473,11473,220,640,9
35818,job_11474,11474,992,1706,46
35819,job_11475,11475,862,1813,22
35821,job_11476,11476,926,2540,42
35823,job_11477,11477,1581,2502,41
35823,job_11478,11478,1281,1949,46
35824,job_11479,11479,907,983,47
35826,job_11480,11480,1054,2773,21
35828,job_11481,11481,951,1826,30
35830,job_11482,11482,822,2637,27
35832,job_11483,11483,1024,2275,12
35832,job_11484,11484,1441,2075,24
35832,job_11485,11485,1336,2053,17
35832,job_11486,11486,1078,2128,11
35833,job_11487,11487,646,2445,33
35835,job_11488,11488,1253,1517,38
35837,job_11489,11489,1595,1593,36
35839,job_11490,11490,1472,1590,33
35840,job_11491,11491,1399,1211,36
35840,job_11492,11492,1927,2713,19
35840,job_11493,11493,821,2673,45
35840,job_11494,11494,1574,1548,24
35840,job_11495,11495,1318,2261,36
35841,job_11496,11496,1104,1515,26
35843,job_11497,11497,1078,1842,20
35843,job_11498,11498,1069,1581,19
35844,job_11499,11499,1148,2030,29
35846,job_11500,11500,1283,2242,34
35847,job_11501,11501,1120,1181,49
35847,job_11502,11502,1259,1957,14
35847,job_11503,11503,1990,2388,31
35847,job_11504,11504,1368,2043,23
35847,job_11505,11505,1138,1515,44
35848,job_11506,11506,1461,1868,16
35849,job_11507,11507,1057,1260,11
35851,job_11508,11508,758,2017,28
35852,job_11509,11509,1271,1913,48
35854,job_11510,11510,1604,1135,11
35856,job_11511,11511,892,1951,25
35857,job_11512,11512,1355,2168,22
35858,job_11513,11513,1435,1861,22
35860,job_11514,11514,344,1771,12
35861,job_11515,11515,1173,2002,46
35863,job_11516,11516,1434,2395,13
35865,job_11517,11517,1158,2303,21
35865,job_11518,11518,876,1542,30
35867,job_11519,11519,1017,1277,39
35868,job_11520,11520,1526,1577,41
35870,job_11521,11521,1478,2206,31
35872,job_11522,11522,1787,1589,15
35874,job_11523,11523,1102,752,46
35875,job_11524,11524,1947,2107,46
35877,job_11525,11525,290,1654,32
35878,job_11526,11526,970,128,36
35879,job_11527,11527,1250,2151,46
35880,job_11528,11528,1229,1569,36
35880,job_11529,11529,1049,1505,19
35880,job_11530,11530,1230,1663,12
35881,job_11531,11531,1261,2813,34
35881,job_11532,11532,971,2217,25
35882,job_11533,11533,1564,2686,11
35882,job_11534,11534,1277,2822,20
35883,job_11535,11535,1090,1955,14
35885,job_11536,11536,1721,2377,29
35887,job_11537,11537,438,2484,19
35889,job_11538,11538,1360,2878,45
35891,job_11539,11539,1270,1507,38
35893,job_11540,11540,1440,1857,11
35894,job_11541,11541,1411,1356,17
35896,job_11542,11542,1349,2904,45
35896,job_11543,11543,1033,2012,14
35898,job_11544,11544,1184,1301,34
35900,job_11545,11545,1053,2492,35
35902,job_11546,11546,869,1486,30
35903,job_11547,11547,848,1551,16
35905,job_11548,11548,1164,2564,17
35907,job_11549,11549,1073,1994,15
35909,job_11550,11550,1509,1641,45
35909,job_11551,11551,1041,1219,37
35910,job_11552,11552,1344,1920,40
35912,job_11553,11553,1295,1554,27
35914,job_11554,11554,1135,1738,11
35914,job_11555,11555,1279,2053,50
35915,job_11556,11556,1327,2166,36
35915,job_11557,11557,1245,2257,36
35916,job_11558,11558,1066,3042,33
35917,job_11559,11559,1604,2078,50
35917,job_11560,11560,1496,1214,47
35917,job_11561,11561,1140,1474,42
35918,job_11562,11562,1076,1380,17
35919,job_11563,11563,1472,1823,41
35919,job_11564,11564,722,1968,29
35919,job_11565,11565,1268,1350,35
35920,job_11566,11566,1183,2949,12
35922,job_11567,11567,1239,2660,35
35924,job_11568,11568,1336,1584,37
35924,job_11569,11569,1353,1743,16
35926,job_11570,11570,724,1956,47
35928,job_11571,11571,893,1605,40
35929,job_11572,11572,1355,2165,44
35931,job_11573,11573,1585,1779,29
35932,job_11574,11574,1583,1762,28
35934,job_11575,11575,1779,2892,32
35934,job_11576,11576,979,1931,50
35936,job_11577,11577,943,1536,33
35936,job_11578,11578,833,1579,38
35937,job_11579,11579,1252,2159,17
35937,job_11580,11580,1480,2743,36
35939,job_11581,11581,1088,1662,17
35939,job_11582,11582,1323,2551,43
35941,job_11583,11583,715,1554,28
35941,job_11584,11584,1358,1294,41
35942,job_11585,11585,1044,2131,11
35943,job_11586,11586,1089,1506,22
35945,job_11587,11587,875,2192,24
35945,job_11588,11588,714,2015,49
35947,job_11589,11589,1229,2130,22
35947,job_11590,11590,1142,1986,45
35947,job_11591,11591,933,1487,39
35947,job_11592,11592,1262,2286,16
35947,job_11593,11593,975,1008,43
35949,job_11594,11594,1591,1773,14
35951,job_11595,11595,861,1332,14
35951,job_11596,11596,1370,3355,31
35952,job_11597,11597,711,1768,22
35953,job_11598,11598,1013,2023,37
35962,job_11599,11599,362,500,20
35962,job_11600,11600,789,2219,21
35963,job_11601,11601,917,1594,42
35968,job_11602,11602,222,652,16
35968,job_11603,11603,1479,3551,21
35968,job_11604,11604,1309,2096,13
35968,job_11605,11605,913,2332,23
35968,job_11606,11606,1388,2371,27
35969,job_11607,11607,1151,2983,41
35970,job_11608,11608,1092,1874,17
35971,job_11609,11609,1636,2690,25
35972,job_11610,11610,1389,692,11
35974,job_11611,11611,847,1855,32
35975,job_11612,11612,1310,2211,43
35975,job_11613,11613,1170,1756,13
35975,job_11614,11614,1396,2204,44
35975,job_11615,11615,1390,2054,18
35976,job_11616,11616,739,2074,38
35978,job_11617,11617,1067,2504,24
35978,job_11618,11618,1232,1866,48
35978,job_11619,11619,1071,3072,30
35980,job_11620,11620,1710,2707,29
35982,job_11621,11621,1306,2001,18
35982,job_11622,11622,1729,1179,36
35982,job_11623,11623,1350,2468,49
35984,job_11624,11624,1306,1358,35
35986,job_11625,11625,1267,1659,45
35987,job_11626,11626,1513,2119,23
35988,job_11627,11627,1615,2435,35
35990,job_11628,11628,1139,2270,11
35995,job_11629,11629,484,542,5
35995,job_11630,11630,1559,2531,44
35996,job_11631,11631,1261,892,46
35997,job_11632,11632,906,1938,13
35999,job_11633,11633,1379,2122,19
36000,job_11634,11634,1093,2066,35
36002,job_11635,11635,1426,2451,20
36004,job_11636,11636,903,2571,18
36005,job_11637,11637,1314,1632,49
36005,job_11638,11638,1235,2294,30
36007,job_11639,11639,1330,1452,37
36008,job_11640,11640,755,2232,16
36009,job_11641,11641,1224,2296,42
36011,job_11642,11642,1613,2461,37
36011,job_11643,11643,1178,1736,36
36013,job_11644,11644,1109,1768,41
36014,job_11645,11645,1143,1301,16
36016,job_11646,11646,1039,1931,35
36018,job_11647,11647,843,2508,13
36019,job_11648,11648,775,1675,34
36019,job_11649,11649,1602,1870,20
36020,job_11650,11650,1499,1495,37
36021,job_11651,11651,653,2794,48
36023,job_11652,11652,1697,1093,42
36024,job_11653,11653,809,3031,33
36026,job_11654,11654,1738,1591,48
36033,job_11655,11655,228,566,17
36033,job_11656,11656,1193,1813,29
36035,job_11657,11657,996,2090,21
36035,job_11658,11658,1346,2357,30
36035,job_11659,11659,1171,2386,41
36036,job_11660,11660,876,1691,14
36036,job_11661,11661,1283,1239,12
36036,job_11662,11662,1223,2055,13
36038,job_11663,11663,1210,2582,33
36039,job_11664,11664,956,1783,26
36041,job_11665,11665,969,1201,44
36042,job_11666,11666,1497,2307,48
36044,job_11667,11667,1830,2457,15
36046,job_11668,11668,1259,2279,35
36047,job_11669,11669,824,1764,15
36047,job_11670,11670,1174,1923,26
36047,job_11671,11671,1055,1496,11
36048,job_11672,11672,828,1766,17
36049,job_11673,11673,1119,3168,24
36050,job_11674,11674,1501,1286,19
36050,job_11675,11675,1050,2504,16
36050,job_11676,11676,905,1285,45
36051,job_11677,11677,1059,1335,20
36053,job_11678,11678,1034,1804,31
36054,job_11679,11679,1689,2950,16
36056,job_11680,11680,1351,2430,33
36057,job_11681,11681,941,1766,33
36057,job_11682,11682,1453,2419,33
36059,job_11683,11683,641,1893,17
36060,job_11684,11684,791,2188,46
36061,job_11685,11685,1414,1828,34
36061,job_11686,11686,1262,1129,30
36063,job_11687,11687,1021,2432,12
36065,job_11688,11688,1236,1793,23
36065,job_11689,11689,1142,1638,20
36067,job_11690,11690,1150,1614,18
36069,job_11691,11691,757,1431,44
36069,job_11692,11692,619,1772,39
36071,job_11693,11693,226,469,6
36071,job_11694,11694,984,2759,25
36071,job_11695,11695,1248,2353,11
36073,job_11696,11696,1103,1516,28
36075,job_11697,11697,927,1847,12
36076,job_11698,11698,1051,2201,42
36085,job_11699,11699,197,573,8
36085,job_11700,11700,1349,2276,20
36091,job_11701,11701,282,459,13
36093,job_11702,11702,1175,1970,38
36093,job_11703,11703,1183,3213,43
36100,job_11704,11704,382,322,16
36103,job_11705,11705,251,632,11
36105,job_11706,11706,1240,2481,36
36106,job_11707,11707,1278,875,46
36106,job_11708,11708,1222,2922,40
36106,job_11709,11709,1839,1950,16
36107,job_11710,11710,1299,2252,42
36109,job_11711,11711,1533,1984,28
36111,job_11712,11712,1753,2463,16
36112,job_11713,11713,1391,1982,38
36114,job_11714,11714,1443,2536,18
36116,job_11715,11715,969,1833,29
36116,job_11716,11716,936,2046,31
36117,job_11717,11717,795,1463,33
36119,job_11718,11718,228,418,18
36120,job_11719,11719,1264,2782,18
36122,job_11720,11720,764,1514,43
36124,job_11721,11721,1051,2584,36
36126,job_11722,11722,1865,1856,12
36126,job_11723,11723,1341,2439,26
36126,job_11724,11724,1216,2223,32
36126,job_11725,11725,1606,2490,41
36126,job_11726,11726,979,1696,34
36126,job_11727,11727,1804,3137,25
36128,job_11728,11728,867,1939,11
36128,job_11729,11729,1015,2174,15
36128,job_11730,11730,1177,2132,33
36130,job_11731,11731,883,2202,49
36132,job_11732,11732,1002,1958,50
36134,job_11733,11733,1111,1916,26
36134,job_11734,11734,1344,1590,10
36136,job_11735,11735,998,1648,25
36138,job_11736,11736,1050,2212,34
36139,job_11737,11737,1674,1417,42
36140,job_11738,11738,1176,2581,23
36140,job_11739,11739,697,2590,16
36141,job_11740,11740,875,1588,37
36141,job_11741,11741,1246,1068,24
36141,job_11742,11742,1100,1573,41
36142,job_11743,11743,1585,1830,15
36143,job_11744,11744,1765,2343,27
36144,job_11745,11745,796,1882,38
36145,job_11746,11746,1573,1226,34
36146,job_11747,11747,1498,1599,11
36147,job_11748,11748,1136,2173,19
36149,job_11749,11749,1037,1357,30
36151,job_11750,11750,988,2219,35
36153,job_11751,11751,666,2171,40
36153,job_11752,11752,1424,2218,45
36154,job_11753,11753,1271,2739,38
36154,job_11754,11754,1328,2073,25
36155,job_11755,11755,645,1785,27
36155,job_11756,11756,1040,2777,15
36155,job_11757,11757,813,2957,43
36156,job_11758,11758,1335,2192,13
36157,job_11759,11759,1070,2444,35
36159,job_11760,11760,1119,1946,43
36160,job_11761,11761,1077,1272,20
36162,job_11762,11762,1434,1827,18
36163,job_11763,11763,1708,3103,35
36163,job_11764,11764,868,2359,47
36163,job_11765,11765,1746,1576,19
36163,job_11766,11766,1026,1645,41
36164,job_11767,11767,934,2539,36
36166,job_11768,11768,1247,2559,24
36168,job_11769,11769,928,2144,34
36168,job_11770,11770,872,1431,28
36168,job_11771,11771,510,2884,17
36168,job_11772,11772,1438,2856,26
36170,job_11773,11773,1439,1935,35
36176,job_11774,11774,504,525,12
36178,job_11775,11775,1162,2873,11
36178,job_11776,11776,1152,1229,19
36179,job_11777,11777,1135,2896,17
36181,job_11778,11778,886,1981,36
36183,job_11779,11779,1517,1608,28
36185,job_11780,11780,1710,1584,28
36186,job_11781,11781,836,2356,48
36188,job_11782,11782,1362,1933,45
36189,job_11783,11783,900,2144,41
36190,job_11784,11784,1599,1509,16
36190,job_11785,11785,1463,2931,44
36191,job_11786,11786,613,2138,30
36193,job_11787,11787,1288,2254,13
36194,job_11788,11788,840,1583,29
36196,job_11789,11789,1104,2008,32
36196,job_11790,11790,636,2404,16
36196,job_11791,11791,1093,1687,13
36196,job_11792,11792,968,3136,18
36197,job_11793,11793,867,2594,39
36199,job_11794,11794,938,2538,15
36201,job_11795,11795,1100,1165,40
36202,job_11796,11796,1125,1267,10
36204,job_11797,11797,1088,1627,22
36213,job_11798,11798,370,552,9
36215,job_11799,11799,408,1914,19
36217,job_11800,11800,1574,2303,30
36219,job_11801,11801,1287,2441,31
36219,job_11802,11802,1798,3113,12
36221,job_11803,11803,1062,2826,17
36221,job_11804,11804,1474,1822,42
36230,job_11805,11805,316,526,17
36231,job_11806,11806,1491,1621,34
36239,job_11807,11807,445,447,6
36239,job_11808,11808,1072,716,14
36239,job_11809,11809,1721,2065,21
36240,job_11810,11810,1287,3194,41
36241,job_11811,11811,1176,2647,29
36242,job_11812,11812,1371,2096,37
36243,job_11813,11813,1081,2178,49
36243,job_11814,11814,1085,2341,34
36245,job_11815,11815,914,1992,49
36252,job_11816,11816,217,490,17
36254,job_11817,11817,507,1928,28
36260,job_11818,11818,331,293,11
36260,job_11819,11819,1224,1453,45
36262,job_11820,11820,752,3498,36
36262,job_11821,11821,1113,2355,10
36263,job_11822,11822,826,2107,43
36264,job_11823,11823,763,1916,27
36265,job_11824,11824,2063,1155,30
36267,job_11825,11825,1259,1904,41
36267,job_11826,11826,903,1726,37
36269,job_11827,11827,1041,2679,10
36271,job_11828,11828,1265,1528,20
36271,job_11829,11829,1197,2191,16
36272,job_11830,11830,1030,2496,16
36274,job_11831,11831,775,1681,21
36276,job_11832,11832,1237,861,38
36277,job_11833,11833,1211,2313,26
36277,job_11834,11834,1353,1915,39
36278,job_11835,11835,1083,2343,39
36285,job_11836,11836,146,480,14
36287,job_11837,11837,1613,2120,44
36288,job_11838,11838,1442,1526,22
36288,job_11839,11839,1209,2602,11
36288,job_11840,11840,862,1650,19
36289,job_11841,11841,1042,2687,33
36290,job_11842,11842,1209,1828,28
36291,job_11843,11843,879,2655,24
36292,job_11844,11844,1151,2435,31
36293,job_11845,11845,1474,1871,39
36295,job_11846,11846,924,2161,28
36298,job_11847,11847,243,381,7
36298,job_11848,11848,1331,2264,18
36300,job_11849,11849,796,2191,19
36300,job_11850,11850,1031,2317,38
36302,job_11851,11851,1425,1721,35
36304,job_11852,11852,1471,1808,11
36304,job_11853,11853,1136,1002,31
36306,job_11854,11854,1561,2807,16
36306,job_11855,11855,1238,2178,20
36307,job_11856,11856,1132,1678,29
36308,job_11857,11857,900,1833,49
36309,job_11858,11858,981,2797,46
36313,job_11859,11859,228,389,19
36315,job_11860,11860,1098,1447,41
36316,job_11861,11861,937,2434,39
36318,job_11862,11862,1000,1613,47
36318,job_11863,11863,1627,2071,22
36320,job_11864,11864,1339,2394,12
36321,job_11865,11865,1638,1775,17
36321,job_11866,11866,946,1796,25
36321,job_11867,11867,1099,1694,40
36324,job_11868,11868,420,480,7
36326,job_11869,11869,858,1838,39
36327,job_11870,11870,1008,2051,14
36336,job_11871,11871,237,539,14
36338,job_11872,11872,1716,1766,38
36339,job_11873,11873,1122,1838,30
36340,job_11874,11874,806,1864,19
36342,job_11875,11875,341,699,18
36343,job_11876,11876,1309,1789,24
36344,job_11877,11877,1149,2022,42
36345,job_11878,11878,712,2273,29
36346,job_11879,11879,1542,2321,20
36346,job_11880,11880,927,1388,25
36347,job_11881,11881,1439,2386,23
36347,job_11882,11882,1038,1678,43
36349,job_11883,11883,939,2212,10
36351,job_11884,11884,1309,2147,17
36353,job_11885,11885,248,563,8
36354,job_11886,11886,595,1744,46
36355,job_11887,11887,1303,945,38
36356,job_11888,11888,1231,2024,37
36358,job_11889,11889,1051,1411,31
36358,job_11890,11890,1579,2063,32
36358,job_11891,11891,1091,1800,13
36365,job_11892,11892,323,502,8
36366,job_11893,11893,1075,1587,14
36366,job_11894,11894,883,2020,45
36366,job_11895,11895,1195,2612,29
36366,job_11896,11896,514,1871,44
36366,job_11897,11897,1185,2198,21
36367,job_11898,11898,708,1507,26
36377,job_11899,11899,514,332,11
36378,job_11900,11900,1397,2089,49
36379,job_11901,11901,1229,1992,25
36379,job_11902,11902,922,631,46
36381,job_11903,11903,1497,1773,41
36381,job_11904,11904,1580,2745,14
36382,job_11905,11905,1624,2075,47
36382,job_11906,11906,1411,1885,20
36383,job_11907,11907,1314,2039,32
36384,job_11908,11908,1146,626,50
36385,job_11909,11909,772,1587,46
36390,job_11910,11910,211,492,16
36391,job_11911,11911,509,1636,32
36391,job_11912,11912,1010,1616,15
36392,job_11913,11913,1073,2377,21
36392,job_11914,11914,1478,1318,12
36393,job_11915,11915,1226,2360,28
36394,job_11916,11916,1270,2604,12
36396,job_11917,11917,1191,1656,23
36398,job_11918,11918,1423,2119,27
36399,job_11919,11919,1755,1608,21
36400,job_11920,11920,1660,1314,12
36401,job_11921,11921,931,1596,43
36401,job_11922,11922,952,3055,21
36403,job_11923,11923,1012,2653,40
36405,job_11924,11924,1485,2251,50
36410,job_11925,11925,296,360,20
36410,job_11926,11926,950,2813,23
36412,job_11927,11927,1505,2596,23
36414,job_11928,11928,1085,2086,48
36415,job_11929,11929,977,2056,19
36417,job_11930,11930,1026,1783,18
36417,job_11931,11931,881,2195,14
36417,job_11932,11932,1293,2324,15
36417,job_11933,11933,1027,1669,42
36427,job_11934,11934,497,385,18
36429,job_11935,11935,1170,2092,48
36431,job_11936,11936,1187,1392,31
36432,job_11937,11937,1038,2456,15
36433,job_11938,11938,1088,2643,13
36434,job_11939,11939,1107,2264,12
36435,job_11940,11940,813,2602,25
36435,job_11941,11941,1134,2271,15
36437,job_11942,11942,1570,2348,42
36439,job_11943,11943,684,2073,43
36439,job_11944,11944,1190,1231,23
36440,job_11945,11945,1286,2334,25
36440,job_11946,11946,991,1115,15
36440,job_11947,11947,1006,2173,39
36442,job_11948,11948,1162,2685,48
36443,job_11949,11949,1380,2531,49
36445,job_11950,11950,1195,2754,41
36446,job_11951,11951,1661,2336,20
36446,job_11952,11952,1060,2277,38
36456,job_11953,11953,281,447,17
36456,job_11954,11954,1277,1634,37
36464,job_11955,11955,314,468,10
36464,job_11956,11956,1406,1605,27
36464,job_11957,11957,1261,2450,39
36466,job_11958,11958,1299,1747,13
36467,job_11959,11959,1437,1885,49
36467,job_11960,11960,1574,2629,29
36468,job_11961,11961,1091,1609,46
36470,job_11962,11962,1271,1112,44
36470,job_11963,11963,843,1645,46
36471,job_11964,11964,1644,1731,22
36471,job_11965,11965,1449,2677,13
36473,job_11966,11966,1447,1133,47
36473,job_11967,11967,1569,2150,47
36474,job_11968,11968,1494,2694,28
36476,job_11969,11969,1114,1415,39
36477,job_11970,11970,1170,1883,22
36479,job_11971,11971,1219,2566,28
36479,job_11972,11972,1461,1607,28
36479,job_11973,11973,1602,2672,19
36479,job_11974,11974,1162,2086,23
36480,job_11975,11975,1288,2194,32
36482,job_11976,11976,1169,1563,17
36483,job_11977,11977,1254,2148,31
36483,job_11978,11978,1334,1259,21
36484,job_11979,11979,865,2218,22
36484,job_11980,11980,892,2132,12
36484,job_11981,11981,1010,2328,22
36484,job_11982,11982,1017,3035,23
36486,job_11983,11983,812,2328,13
36486,job_11984,11984,737,1417,38
36487,job_11985,11985,943,2544,33
36491,job_11986,11986,269,478,17
36492,job_11987,11987,1689,2483,44
36493,job_11988,11988,1288,2188,40
36494,job_11989,11989,771,1655,46
36496,job_11990,11990,1283,2694,40
36497,job_11991,11991,1389,1814,30
36499,job_11992,11992,1141,2314,43
36499,job_11993,11993,1256,1384,39
36500,job_11994,11994,1108,1763,30
36500,job_11995,11995,1131,2232,49
36500,job_11996,11996,1180,1671,24
36502,job_11997,11997,1119,1888,25
36503,job_11998,11998,1414,1662,19
36513,job_11999,11999,461,611,8
36516,job_12000,12000,340,431,17
36516,job_12001,12001,1408,1990,50
36517,job_12002,12002,1184,2379,10
36517,job_12003,12003,1276,2419,11
36517,job_12004,12004,835,1804,40
36517,job_12005,12005,1114,2097,37
36518,job_12006,12006,1422,1660,48
36520,job_12007,12007,1497,2217,34
36521,job_12008,12008,1437,1529,29
36523,job_12009,12009,1477,2241,16
36525,job_12010,12010,745,1649,46
36525,job_12011,12011,1498,2030,45
36526,job_12012,12012,1678,1839,10
36528,job_12013,12013,1228,2400,19
36529,job_12014,12014,1067,2366,20
36529,job_12015,12015,1477,2072,36
36529,job_12016,12016,1628,2306,11
36531,job_12017,12017,1099,2862,12
36533,job_12018,12018,1735,2131,29
36534,job_12019,12019,1362,2532,28
36535,job_12020,12020,1215,1582,14
36535,job_12021,12021,1034,2109,10
36537,job_12022,12022,1621,1424,37
36538,job_12023,12023,543,1937,15
36539,job_12024,12024,1117,1803,44
36548,job_12025,12025,253,626,15
36554,job_12026,12026,100,569,12
36555,job_12027,12027,1105,1376,34
36557,job_12028,12028,227,509,14
36558,job_12029,12029,692,1415,23
36560,job_12030,12030,984,2161,50
36562,job_12031,12031,1199,2179,33
36562,job_12032,12032,986,2288,12
36562,job_12033,12033,1353,1862,25
36563,job_12034,12034,1478,2395,30
36565,job_12035,12035,1065,1567,24
36575,job_12036,12036,358,615,9
36578,job_12037,12037,305,545,15
36580,job_12038,12038,1465,2299,42
36582,job_12039,12039,1602,2352,27
36582,job_12040,12040,801,2760,41
36583,job_12041,12041,689,2114,45
36585,job_12042,12042,1452,1918,43
36587,job_12043,12043,1169,2282,14
36587,job_12044,12044,1247,2199,37
36590,job_12045,12045,370,572,15
36591,job_12046,12046,991,2119,38
36593,job_12047,12047,927,2483,29
36593,job_12048,12048,1322,2197,49
36593,job_12049,12049,1016,1489,39
36594,job_12050,12050,1626,1964,30
36596,job_12051,12051,1026,3212,44
36597,job_12052,12052,1247,1977,46
36600,job_12053,12053,277,595,15
36601,job_12054,12054,697,2601,14
36601,job_12055,12055,848,2676,48
36602,job_12056,12056,1040,2933,14
36603,job_12057,12057,1188,2217,50
36605,job_12058,12058,1078,2073,27
36606,job_12059,12059,1866,1205,43
36608,job_12060,12060,783,1965,22
36608,job_12061,12061,1649,2124,13
36608,job_12062,12062,1075,1679,42
36608,job_12063,12063,1393,1910,34
36609,job_12064,12064,1175,2235,21
36609,job_12065,12065,1327,2353,22
36611,job_12066,12066,1873,1272,27
36611,job_12067,12067,962,1128,37
36612,job_12068,12068,1199,2381,24
36612,job_12069,12069,855,2195,12
36612,job_12070,12070,1340,1711,43
36613,job_12071,12071,1395,1600,36
36613,job_12072,12072,761,1610,28
36617,job_12073,12073,241,438,9
36619,job_12074,12074,1278,2240,22
36621,job_12075,12075,1156,2363,31
36622,job_12076,12076,1215,2253,36
36624,job_12077,12077,1560,1933,18
36624,job_12078,12078,1212,2035,11
36624,job_12079,12079,1071,2512,10
36625,job_12080,12080,1373,2703,13
36626,job_12081,12081,1260,1059,37
36627,job_12082,12082,1328,1786,34
36628,job_12083,12083,1705,1759,38
36630,job_12084,12084,1181,2108,22
36630,job_12085,12085,1670,2307,30
36632,job_12086,12086,1430,2685,16
36632,job_12087,12087,931,1956,16
36632,job_12088,12088,613,2158,44
36632,job_12089,12089,1136,2266,18
36634,job_12090,12090,1593,1232,10
36640,job_12091,12091,317,504,16
36641,job_12092,12092,1396,3420,13
36642,job_12093,12093,688,2313,15
36642,job_12094,12094,1589,2688,16
36642,job_12095,12095,1370,1940,36
36644,job_12096,12096,1071,2201,27
36646,job_12097,12097,855,1832,44
36647,job_12098,12098,1121,2195,49
36654,job_12099,12099,430,813,11
36656,job_12100,12100,984,1717,42
36661,job_12101,12101,248,645,11
36661,job_12102,12102,1416,1933,40
36671,job_12103,12103,100,409,13
36673,job_12104,12104,1079,1202,19
36673,job_12105,12105,1354,1776,38
36674,job_12106,12106,1160,1708,37
36676,job_12107,12107,1492,1304,45
36676,job_12108,12108,1362,2106,14
36676,job_12109,12109,1223,1353,20
36677,job_12110,12110,1364,1801,18
36678,job_12111,12111,1404,1550,28
36679,job_12112,12112,1068,2303,43
36683,job_12113,12113,233,347,16
36683,job_12114,12114,1658,2607,36
36683,job_12115,12115,988,2175,16
36683,job_12116,12116,1206,3085,37
36692,job_12117,12117,238,592,14
36692,job_12118,12118,806,2159,10
36699,job_12119,12119,316,624,9
36701,job_12120,12120,1255,2790,29
36703,job_12121,12121,1307,1892,26
36704,job_12122,12122,1205,2475,15
36705,job_12123,12123,1703,2673,41
36705,job_12124,12124,1150,2059,41
36705,job_12125,12125,1792,2848,48
36705,job_12126,12126,1134,2283,15
36707,job_12127,12127,1511,1984,36
36707,job_12128,12128,1335,2624,41
36709,job_12129,12129,935,2893,45
36711,job_12130,12130,266,585,17
36711,job_12131,12131,1432,1330,12
36712,job_12132,12132,1077,2277,44
36714,job_12133,12133,1113,1937,45
36714,job_12134,12134,1366,2059,19
36715,job_12135,12135,1478,1845,28
36716,job_12136,12136,1610,992,10
36717,job_12137,12137,1447,2141,44
36726,job_12138,12138,262,474,5
36727,job_12139,12139,1700,2060,24
36728,job_12140,12140,889,2695,29
36729,job_12141,12141,1068,3684,25
36730,job_12142,12142,1623,1709,13
36731,job_12143,12143,856,2492,33
36732,job_12144,12144,1103,1724,47
36742,job_12145,12145,274,423,10
36742,job_12146,12146,1308,2328,22
36742,job_12147,12147,1170,3363,49
36744,job_12148,12148,1005,1885,14
36750,job_12149,12149,252,691,8
36750,job_12150,12150,1213,3150,14
36750,job_12151,12151,1165,3015,35
36750,job_12152,12152,438,2170,21
36750,job_12153,12153,1251,2760,11
36754,job_12154,12154,360,573,15
36754,job_12155,12155,1301,1324,23
36756,job_12156,12156,1053,1575,43
36765,job_12157,12157,366,646,12
36766,job_12158,12158,636,1986,10
36774,job_12159,12159,446,512,19
36777,job_12160,12160,351,550,13
36779,job_12161,12161,233,559,18
36779,job_12162,12162,1172,1025,37
36781,job_12163,12163,909,2116,48
36783,job_12164,12164,1124,1879,31
36783,job_12165,12165,1132,2198,16
36789,job_12166,12166,249,372,6
36790,job_12167,12167,1165,2465,37
36792,job_12168,12168,1151,2007,28
36793,job_12169,12169,1856,1786,12
36800,job_12170,12170,165,468,11
36802,job_12171,12171,922,2392,34
36803,job_12172,12172,1043,2843,10
36804,job_12173,12173,991,1973,30
36804,job_12174,12174,902,2652,37
36806,job_12175,12175,1367,1622,29
36806,job_12176,12176,1668,2802,34
36808,job_12177,12177,1062,1920,37
36810,job_12178,12178,1846,2346,32
36814,job_12179,12179,143,455,15
36815,job_12180,12180,966,2099,22
36816,job_12181,12181,1383,2279,43
36823,job_12182,12182,357,580,7
36824,job_12183,12183,1610,1903,39
36825,job_12184,12184,780,2397,14
36827,job_12185,12185,1382,1782,42
36837,job_12186,12186,322,602,20
36839,job_12187,12187,1142,1950,43
36839,job_12188,12188,1791,2415,37
36841,job_12189,12189,1357,1526,50
36843,job_12190,12190,394,463,18
36844,job_12191,12191,1379,1810,31
36846,job_12192,12192,1060,2003,33
36848,job_12193,12193,364,472,8
36850,job_12194,12194,1569,2019,25
36850,job_12195,12195,1274,2155,10
36852,job_12196,12196,865,1613,40
36853,job_12197,12197,1297,1302,23
36856,job_12198,12198,315,419,11
36861,job_12199,12199,464,669,20
36864,job_12200,12200,256,509,20
36866,job_12201,12201,986,2920,17
36866,job_12202,12202,1293,1965,35
36866,job_12203,12203,681,1101,13
36868,job_12204,12204,1446,1815,49
36868,job_12205,12205,1190,1926,41
36870,job_12206,12206,1588,2073,25
36872,job_12207,12207,685,2560,46
36874,job_12208,12208,885,2455,28
36884,job_12209,12209,303,555,7
36885,job_12210,12210,1666,2430,23
36886,job_12211,12211,543,2729,37
36894,job_12212,12212,283,490,16
36901,job_12213,12213,517,469,8
36902,job_12214,12214,1177,2039,16
36904,job_12215,12215,878,1412,31
36906,job_12216,12216,1501,1610,24
36906,job_12217,12217,1719,2194,10
36906,job_12218,12218,1124,2047,48
36906,job_12219,12219,1326,1947,34
36906,job_12220,12220,1336,1735,29
36908,job_12221,12221,1247,2183,29
36908,job_12222,12222,1759,2580,44
36908,job_12223,12223,1368,2485,41
36908,job_12224,12224,1270,1314,41
36908,job_12225,12225,612,1531,21
36909,job_12226,12226,737,2133,31
36914,job_12227,12227,330,425,12
36914,job_12228,12228,1022,1210,48
36916,job_12229,12229,229,517,7
36916,job_12230,12230,1456,1373,23
36918,job_12231,12231,1441,2063,14
36918,job_12232,12232,926,3273,14
36920,job_12233,12233,1434,1465,16
36920,job_12234,12234,1442,2797,30
36929,job_12235,12235,256,317,20
36932,job_12236,12236,206,513,13
36932,job_12237,12237,1272,2067,34
36934,job_12238,12238,937,1563,44
36935,job_12239,12239,1202,2079,13
36935,job_12240,12240,965,2162,42
36935,job_12241,12241,1799,2294,50
36936,job_12242,12242,1153,1907,30
36939,job_12243,12243,342,509,18
36941,job_12244,12244,1091,2473,17
36942,job_12245,12245,1348,2294,38
36943,job_12246,12246,946,1366,14
36949,job_12247,12247,219,369,15
36956,job_12248,12248,193,549,11
36958,job_12249,12249,385,490,7
36960,job_12250,12250,1603,2355,31
36970,job_12251,12251,100,557,13
36971,job_12252,12252,1848,2265,37
36977,job_12253,12253,324,345,12
36978,job_12254,12254,1016,1985,12
36980,job_12255,12255,760,2038,26
36982,job_12256,12256,1038,2759,37
36982,job_12257,12257,1123,1909,43
36984,job_12258,12258,1119,2158,13
36992,job_12259,12259,370,691,14
36992,job_12260,12260,1318,2373,15
36992,job_12261,12261,873,2656,43
36993,job_12262,12262,1428,2258,37
36995,job_12263,12263,1225,2015,13
36997,job_12264,12264,345,434,13
37007,job_12265,12265,100,640,13
37015,job_12266,12266,379,468,10
37021,job_12267,12267,134,527,8
37022,job_12268,12268,1618,2221,34
37028,job_12269,12269,366,449,9
37028,job_12270,12270,975,1582,35
37029,job_12271,12271,1072,1653,23
37029,job_12272,12272,996,2866,45
37029,job_12273,12273,1503,2283,25
37030,job_12274,12274,1495,1408,34
37032,job_12275,12275,1454,1582,28
37032,job_12276,12276,1292,1986,13
37037,job_12277,12277,299,365,8
37039,job_12278,12278,956,3026,24
37039,job_12279,12279,1391,2605,47
37039,job_12280,12280,1424,3530,47
37040,job_12281,12281,1329,2295,17
37046,job_12282,12282,312,464,5
37048,job_12283,12283,1593,1777,32
37054,job_12284,12284,248,499,5
37056,job_12285,12285,1357,1584,36
37058,job_12286,12286,1586,2845,24
37060,job_12287,12287,1084,2806,32
37061,job_12288,12288,1127,1738,20
37061,job_12289,12289,692,2043,27
37062,job_12290,12290,961,2298,32
37071,job_12291,12291,187,522,19
37076,job_12292,12292,399,419,17
37076,job_12293,12293,1502,2197,21
37083,job_12294,12294,329,519,8
37085,job_12295,12295,441,523,19
37090,job_12296,12296,250,596,8
37091,job_12297,12297,1724,2904,47
37091,job_12298,12298,1553,1791,15
37101,job_12299,12299,342,546,19
37110,job_12300,12300,245,627,6
37112,job_12301,12301,1061,2522,31
37122,job_12302,12302,347,479,5
37127,job_12303,12303,227,746,19
37128,job_12304,12304,1224,2565,28
37129,job_12305,12305,1408,2435,24
37131,job_12306,12306,1708,1987,14
37132,job_12307,12307,1121,1719,34
37134,job_12308,12308,348,547,12
37136,job_12309,12309,1569,1582,15
37142,job_12310,12310,143,559,15
37144,job_12311,12311,1510,2055,49
37145,job_12312,12312,1077,1233,31
37147,job_12313,12313,1218,2050,24
37148,job_12314,12314,1405,2330,26
37149,job_12315,12315,1107,2741,19
37151,job_12316,12316,1315,2346,36
37153,job_12317,12317,963,1657,29
37154,job_12318,12318,1611,1271,12
37156,job_12319,12319,984,1932,34
37158,job_12320,12320,1047,2156,24
37160,job_12321,12321,1028,1889,37
37169,job_12322,12322,163,456,14
37171,job_12323,12323,335,585,16
37171,job_12324,12324,959,1309,13
37171,job_12325,12325,985,2389,38
37174,job_12326,12326,430,503,12
37174,job_12327,12327,1225,2104,38
37176,job_12328,12328,1340,2118,16
37177,job_12329,12329,1618,1532,43
37178,job_12330,12330,255,2034,14
37180,job_12331,12331,1714,2216,47
37181,job_12332,12332,1526,2687,34
37181,job_12333,12333,1267,2107,40
37187,job_12334,12334,486,498,19
37187,job_12335,12335,1163,2248,35
37187,job_12336,12336,790,3027,36
37193,job_12337,12337,194,607,11
37195,job_12338,12338,1433,2153,28
37197,job_12339,12339,1035,2257,10
37199,job_12340,12340,729,2814,28
37199,job_12341,12341,1506,1622,18
37201,job_12342,12342,1204,1616,15
37203,job_12343,12343,808,2013,23
37205,job_12344,12344,1366,1977,28
37205,job_12345,12345,840,2331,15
37207,job_12346,12346,1689,1627,33
37213,job_12347,12347,248,547,19
37223,job_12348,12348,274,609,15
37224,job_12349,12349,1317,2025,25
37226,job_12350,12350,1004,1795,10
37227,job_12351,12351,1272,1348,18
37233,job_12352,12352,407,411,20
37233,job_12353,12353,1357,2640,43
37242,job_12354,12354,384,548,19
37242,job_12355,12355,1687,1468,18
37242,job_12356,12356,889,2209,10
37251,job_12357,12357,375,622,16
37261,job_12358,12358,364,384,19
37262,job_12359,12359,1275,2472,18
37264,job_12360,12360,1161,2222,44
37266,job_12361,12361,951,1413,35
37269,job_12362,12362,202,560,5
37271,job_12363,12363,294,548,14
37272,job_12364,12364,1732,1584,43
37274,job_12365,12365,1205,2473,38
37280,job_12366,12366,246,546,10
37285,job_12367,12367,326,541,15
37290,job_12368,12368,319,443,14
37294,job_12369,12369,324,556,20
37294,job_12370,12370,1186,2407,10
37295,job_12371,12371,1466,1507,48
37297,job_12372,12372,1014,2052,47
37299,job_12373,12373,720,2440,40
37299,job_12374,12374,700,1517,21
37305,job_12375,12375,317,607,7
37305,job_12376,12376,1148,2168,17
37306,job_12377,12377,518,2977,25
37307,job_12378,12378,1103,2211,32
37308,job_12379,12379,798,1989,14
37308,job_12380,12380,1135,2424,40
37316,job_12381,12381,554,443,19
37318,job_12382,12382,1083,2464,32
37326,job_12383,12383,342,546,8
37327,job_12384,12384,504,2225,18
37328,job_12385,12385,1194,2005,21
37329,job_12386,12386,963,2999,43
37331,job_12387,12387,1287,2541,20
37335,job_12388,12388,232,326,5
37336,job_12389,12389,1202,1548,42
37342,job_12390,12390,266,512,14
37344,job_12391,12391,1828,2099,41
37346,job_12392,12392,1060,2177,18
37351,job_12393,12393,242,598,8
37351,job_12394,12394,1120,2030,13
37355,job_12395,12395,120,749,9
37356,job_12396,12396,908,2541,43
37357,job_12397,12397,1615,1548,31
37359,job_12398,12398,890,1824,36
37359,job_12399,12399,1122,2707,24
37360,job_12400,12400,1044,1286,50
37370,job_12401,12401,290,370,14
37372,job_12402,12402,1157,2135,17
37378,job_12403,12403,245,531,9
37380,job_12404,12404,439,399,6
37382,job_12405,12405,1206,2137,33
37392,job_12406,12406,240,524,12
37393,job_12407,12407,1435,1847,45
37393,job_12408,12408,1395,1763,12
37394,job_12409,12409,517,2543,18
37396,job_12410,12410,1248,2625,50
37404,job_12411,12411,234,464,10
37406,job_12412,12412,1323,2331,13
37406,job_12413,12413,1350,2787,38
37408,job_12414,12414,160,686,18
37409,job_12415,12415,792,2180,44
37414,job_12416,12416,246,472,10
37415,job_12417,12417,977,2224,21
37425,job_12418,12418,250,387,13
37433,job_12419,12419,256,435,6
37441,job_12420,12420,392,539,8
37442,job_12421,12421,1223,1827,18
37449,job_12422,12422,265,531,15
37453,job_12423,12423,434,562,9
37453,job_12424,12424,1487,1959,44
37455,job_12425,12425,784,1810,24
37455,job_12426,12426,1075,1610,12
37457,job_12427,12427,1377,2264,47
37457,job_12428,12428,1374,1794,32
37457,job_12429,12429,1323,2724,24
37458,job_12430,12430,1295,1518,46
37464,job_12431,12431,304,327,17
37464,job_12432,12432,1132,2658,20
37465,job_12433,12433,1146,2088,44
37466,job_12434,12434,1340,2500,41
37470,job_12435,12435,222,394,6
37474,job_12436,12436,179,538,12
37476,job_12437,12437,1303,2306,19
37476,job_12438,12438,951,1700,13
37477,job_12439,12439,1304,1400,40
37477,job_12440,12440,790,1649,22
37485,job_12441,12441,376,516,7
37488,job_12442,12442,399,675,16
37489,job_12443,12443,951,3059,19
37489,job_12444,12444,1239,2706,29
37491,job_12445,12445,321,481,16
37492,job_12446,12446,1377,3220,47
37495,job_12447,12447,305,427,9
37504,job_12448,12448,215,456,19
37505,job_12449,12449,1570,791,32
37505,job_12450,12450,1419,128,34
37512,job_12451,12451,246,328,10
37514,job_12452,12452,757,2689,32
37514,job_12453,12453,1351,2386,18
37516,job_12454,12454,1126,1880,45
37521,job_12455,12455,316,353,18
37528,job_12456,12456,333,585,7
37530,job_12457,12457,1155,2389,16
37531,job_12458,12458,597,1655,23
37533,job_12459,12459,1108,2672,24
37534,job_12460,12460,1045,1780,14
37536,job_12461,12461,1467,2504,20
37536,job_12462,12462,761,2518,29
37536,job_12463,12463,1783,2452,23
37536,job_12464,12464,875,1576,26
37536,job_12465,12465,1082,1829,16
37537,job_12466,12466,1380,2110,41
37537,job_12467,12467,1309,1235,37
37537,job_12468,12468,1592,1789,47
37539,job_12469,12469,1766,1869,23
37540,job_12470,12470,1126,1295,17
37542,job_12471,12471,1329,1719,38
37544,job_12472,12472,1564,2451,44
37544,job_12473,12473,1691,2261,38
37545,job_12474,12474,1825,1648,29
37548,job_12475,12475,318,697,14
37549,job_12476,12476,1126,1925,37
37550,job_12477,12477,1538,2134,20
37552,job_12478,12478,332,612,7
37553,job_12479,12479,848,1780,13
37556,job_12480,12480,256,465,15
37558,job_12481,12481,1405,2069,14
37559,job_12482,12482,1697,1634,30
37560,job_12483,12483,1302,1119,50
37561,job_12484,12484,1464,2076,48
37561,job_12485,12485,1057,3116,10
37561,job_12486,12486,1112,2699,29
37561,job_12487,12487,1099,2250,34
37561,job_12488,12488,1016,1871,47
37562,job_12489,12489,1054,1827,20
37564,job_12490,12490,1213,2831,28
37569,job_12491,12491,372,366,7
37577,job_12492,12492,147,426,19
37579,job_12493,12493,1166,1940,28
37579,job_12494,12494,1436,1652,36
37585,job_12495,12495,376,426,8
37585,job_12496,12496,1369,2226,39
37593,job_12497,12497,484,395,11
37593,job_12498,12498,947,2306,36
37593,job_12499,12499,1370,1391,15
37594,job_12500,12500,938,2070,10
37604,job_12501,12501,537,512,18
37606,job_12502,12502,311,417,14
37616,job_12503,12503,272,469,10
37618,job_12504,12504,973,1827,32
37623,job_12505,12505,331,389,5
37625,job_12506,12506,1317,2779,36
37634,job_12507,12507,430,565,12
37634,job_12508,12508,1219,2516,24
37635,job_12509,12509,1337,1272,16
37635,job_12510,12510,616,1595,38
37637,job_12511,12511,1300,2002,12
37647,job_12512,12512,197,545,6
37649,job_12513,12513,1209,3022,20
37649,job_12514,12514,992,1728,33
37650,job_12515,12515,931,790,31
37652,job_12516,12516,1084,2212,15
37654,job_12517,12517,1599,796,30
37661,job_12518,12518,362,569,14
37661,job_12519,12519,525,2184,35
37661,job_12520,12520,1278,2360,32
37663,job_12521,12521,1271,2298,38
37670,job_12522,12522,380,650,13
37672,job_12523,12523,1269,2582,45
37678,job_12524,12524,536,451,7
37679,job_12525,12525,1253,1332,25
37681,job_12526,12526,1508,2098,46
37691,job_12527,12527,235,436,11
37691,job_12528,12528,1313,1916,17
37694,job_12529,12529,380,466,11
37694,job_12530,12530,1229,2724,22
37695,job_12531,12531,895,1939,41
37695,job_12532,12532,1335,2547,36
37695,job_12533,12533,895,2535,47
37696,job_12534,12534,1055,2349,22
37703,job_12535,12535,197,494,17
37705,job_12536,12536,938,1589,16
37708,job_12537,12537,374,419,15
37710,job_12538,12538,338,594,8
37712,job_12539,12539,1900,2078,20
37714,job_12540,12540,1123,2050,10
37720,job_12541,12541,250,300,14
37720,job_12542,12542,1316,1916,44
37722,job_12543,12543,1246,1866,21
37732,job_12544,12544,349,503,6
37734,job_12545,12545,1339,3297,30
37736,job_12546,12546,1088,1612,14
37737,job_12547,12547,1316,1324,26
37738,job_12548,12548,1184,2149,18
37740,job_12549,12549,1300,1462,13
37741,job_12550,12550,1403,2589,47
37742,job_12551,12551,909,2260,45
37742,job_12552,12552,1286,1903,47
37744,job_12553,12553,251,368,13
37751,job_12554,12554,371,530,5
37751,job_12555,12555,1177,2316,20
37753,job_12556,12556,1127,1832,41
37755,job_12557,12557,1170,2442,10
37757,job_12558,12558,588,2879,16
37757,job_12559,12559,1357,1878,46
37759,job_12560,12560,988,1308,46
37762,job_12561,12561,119,688,16
37762,job_12562,12562,987,2089,17
37762,job_12563,12563,1890,2693,33
37763,job_12564,12564,1457,2327,31
37765,job_12565,12565,486,464,18
37765,job_12566,12566,1615,3183,29
37769,job_12567,12567,446,467,20
37776,job_12568,12568,345,488,14
37778,job_12569,12569,1435,2369,16
37783,job_12570,12570,259,371,19
37786,job_12571,12571,261,336,8
37788,job_12572,12572,1352,1412,22
37789,job_12573,12573,1317,2224,50
37791,job_12574,12574,825,2154,36
37796,job_12575,12575,470,461,11
37796,job_12576,12576,832,2825,18
37796,job_12577,12577,1272,1880,18
37805,job_12578,12578,243,464,18
37813,job_12579,12579,281,674,10
37817,job_12580,12580,244,496,5
37820,job_12581,12581,119,355,7
37825,job_12582,12582,261,536,19
37825,job_12583,12583,1137,1503,16
37833,job_12584,12584,276,464,17
37834,job_12585,12585,627,1972,43
37834,job_12586,12586,1137,1550,14
37842,job_12587,12587,323,545,19
37844,job_12588,12588,1172,2742,41
37853,job_12589,12589,283,602,17
37863,job_12590,12590,206,594,14
37865,job_12591,12591,986,1980,50
37867,job_12592,12592,1011,1402,20
37877,job_12593,12593,468,402,15
37877,job_12594,12594,1067,2881,29
37884,job_12595,12595,258,493,8
37894,job_12596,12596,332,680,15
37896,job_12597,12597,1264,1903,18
37903,job_12598,12598,241,558,19
37904,job_12599,12599,1141,2273,20
37910,job_12600,12600,433,437,14
37919,job_12601,12601,414,626,20
37919,job_12602,12602,1424,1204,32
37920,job_12603,12603,1432,1739,28
37926,job_12604,12604,323,555,7
37928,job_12605,12605,1120,1218,20
37930,job_12606,12606,664,2682,11
37937,job_12607,12607,321,438,10
37944,job_12608,12608,372,614,14
37945,job_12609,12609,763,2364,20
37951,job_12610,12610,527,672,17
37960,job_12611,12611,267,598,17
37967,job_12612,12612,312,629,5
37968,job_12613,12613,1024,2243,17
37969,job_12614,12614,1244,2090,17
37978,job_12615,12615,311,422,11
37980,job_12616,12616,408,241,17
37981,job_12617,12617,802,1368,30
37989,job_12618,12618,437,337,8
37993,job_12619,12619,172,352,16
38000,job_12620,12620,189,511,6
38007,job_12621,12621,252,413,6
38012,job_12622,12622,253,534,13
38017,job_12623,12623,391,531,8
38017,job_12624,12624,1021,1739,49
38020,job_12625,12625,315,477,17
38022,job_12626,12626,263,533,15
38023,job_12627,12627,612,1963,31
38025,job_12628,12628,1339,1385,38
38033,job_12629,12629,263,579,17
38034,job_12630,12630,1067,2053,17
38036,job_12631,12631,1174,2743,22
38040,job_12632,12632,463,569,6
38042,job_12633,12633,1247,1368,10
38042,job_12634,12634,1105,2554,47
38043,job_12635,12635,1076,2068,34
38043,job_12636,12636,1337,1880,26
38046,job_12637,12637,340,505,9
38051,job_12638,12638,245,571,19
38059,job_12639,12639,299,554,19
38060,job_12640,12640,1151,2154,50
38060,job_12641,12641,1085,1309,23
38061,job_12642,12642,1009,2496,29
38071,job_12643,12643,100,528,5
38072,job_12644,12644,1582,2312,24
38078,job_12645,12645,235,581,10
38080,job_12646,12646,1520,1593,46
38086,job_12647,12647,346,484,6
38087,job_12648,12648,914,951,34
38093,job_12649,12649,319,446,5
38097,job_12650,12650,268,509,7
38097,job_12651,12651,880,2039,26
38101,job_12652,12652,231,602,10
38106,job_12653,12653,229,601,11
38106,job_12654,12654,1375,2395,25
38106,job_12655,12655,1747,1310,42
38108,job_12656,12656,1366,1423,23
38110,job_12657,12657,1075,2410,31
38118,job_12658,12658,290,365,19
38127,job_12659,12659,253,485,14
38133,job_12660,12660,381,403,17
38139,job_12661,12661,414,445,15
38139,job_12662,12662,1397,754,37
38149,job_12663,12663,306,576,19
38150,job_12664,12664,1150,1658,16
38153,job_12665,12665,323,585,17
38157,job_12666,12666,425,584,14
38162,job_12667,12667,231,488,16
38164,job_12668,12668,904,2607,26
38168,job_12669,12669,419,407,8
38171,job_12670,12670,290,391,11
38171,job_12671,12671,854,2596,25
38173,job_12672,12672,1073,2644,15
38183,job_12673,12673,300,608,15
38184,job_12674,12674,1086,1439,45
38191,job_12675,12675,192,499,11
38191,job_12676,12676,512,2000,34
38196,job_12677,12677,331,460,16
38196,job_12678,12678,1562,1490,27
38196,job_12679,12679,703,1395,26
38198,job_12680,12680,1124,1720,21
38202,job_12681,12681,304,714,12
38204,job_12682,12682,364,453,15
38205,job_12683,12683,1656,2163,10
38210,job_12684,12684,284,593,7
38212,job_12685,12685,1295,2146,47
38214,job_12686,12686,1363,1501,30
38216,job_12687,12687,362,636,6
38222,job_12688,12688,218,537,19
38231,job_12689,12689,348,347,16
38235,job_12690,12690,331,451,11
38244,job_12691,12691,354,379,17
38244,job_12692,12692,904,1942,45
38244,job_12693,12693,1448,2214,37
38246,job_12694,12694,144,516,18
38250,job_12695,12695,311,603,12
38252,job_12696,12696,357,525,10
38257,job_12697,12697,260,456,14
38258,job_12698,12698,1333,2581,37
38268,job_12699,12699,336,531,16
38273,job_12700,12700,240,711,14
38275,job_12701,12701,1486,1693,12
38275,job_12702,12702,796,1706,13
38281,job_12703,12703,290,585,15
38283,job_12704,12704,1266,2160,44
38285,job_12705,12705,1695,1410,42
38288,job_12706,12706,272,522,14
38290,job_12707,12707,940,1411,17
38292,job_12708,12708,1233,2328,42
38293,job_12709,12709,1224,2189,43
38295,job_12710,12710,1434,1535,17
38297,job_12711,12711,1411,2211,27
38303,job_12712,12712,260,582,5
38303,job_12713,12713,1168,2570,41
38303,job_12714,12714,1268,1742,13
38310,job_12715,12715,100,607,19
38312,job_12716,12716,1011,1501,49
38312,job_12717,12717,1342,2101,18
38314,job_12718,12718,1539,2223,32
38314,job_12719,12719,707,1495,42
38323,job_12720,12720,276,517,16
38330,job_12721,12721,361,426,19
38335,job_12722,12722,392,563,18
38336,job_12723,12723,1182,2456,33
38336,job_12724,12724,1506,2068,40
38336,job_12725,12725,1383,2067,24
38336,job_12726,12726,1206,2180,35
38337,job_12727,12727,1229,2215,16
38339,job_12728,12728,1421,2518,28
38341,job_12729,12729,239,334,17
38343,job_12730,12730,1195,1001,43
38351,job_12731,12731,172,533,16
38359,job_12732,12732,331,625,7
38367,job_12733,12733,395,609,20
38371,job_12734,12734,301,474,5
38372,job_12735,12735,1272,912,30
38372,job_12736,12736,1052,1520,30
38372,job_12737,12737,1150,1633,34
38379,job_12738,12738,358,441,14
38381,job_12739,12739,210,468,17
38390,job_12740,12740,142,507,20
38393,job_12741,12741,191,457,19
38395,job_12742,12742,1460,2823,20
38405,job_12743,12743,269,560,19
38407,job_12744,12744,248,534,17
38415,job_12745,12745,391,582,9
38425,job_12746,12746,325,567,8
38425,job_12747,12747,1258,2111,15
38426,job_12748,12748,1564,1650,36
38429,job_12749,12749,288,553,20
38430,job_12750,12750,731,1828,13
38436,job_12751,12751,224,698,19
38440,job_12752,12752,324,433,13
38441,job_12753,12753,1447,2672,35
38443,job_12754,12754,355,425,12
38453,job_12755,12755,520,592,9
38458,job_12756,12756,171,404,16
38465,job_12757,12757,347,459,12
38468,job_12758,12758,265,448,11
38475,job_12759,12759,407,545,16
38479,job_12760,12760,322,469,9
38487,job_12761,12761,238,540,17
38487,job_12762,12762,1132,1861,10
38490,job_12763,12763,232,547,15
38496,job_12764,12764,467,484,7
38496,job_12765,12765,1439,1659,27
38498,job_12766,12766,261,1459,40
38502,job_12767,12767,194,602,15
38506,job_12768,12768,333,477,17
38510,job_12769,12769,429,433,16
38512,job_12770,12770,1667,1788,34
38520,job_12771,12771,369,498,9
38520,job_12772,12772,1105,2282,28
38529,job_12773,12773,408,522,19
38530,job_12774,12774,1222,2212,35
38531,job_12775,12775,1113,1337,33
38540,job_12776,12776,546,363,17
38541,job_12777,12777,1289,2538,47
38542,job_12778,12778,1025,1187,18
38547,job_12779,12779,440,494,12
38550,job_12780,12780,328,379,17
38554,job_12781,12781,135,579,9
38563,job_12782,12782,180,361,7
38570,job_12783,12783,198,506,12
38577,job_12784,12784,265,505,15
38578,job_12785,12785,648,1941,20
38582,job_12786,12786,288,360,6
38582,job_12787,12787,929,1330,14
38591,job_12788,12788,268,693,9
38592,job_12789,12789,1196,1756,50
38601,job_12790,12790,346,519,6
38601,job_12791,12791,1584,3042,47
38610,job_12792,12792,281,626,15
38618,job_12793,12793,519,424,12
38618,job_12794,12794,1402,1622,31
38619,job_12795,12795,911,1907,15
38622,job_12796,12796,442,519,13
38628,job_12797,12797,380,519,6
38628,job_12798,12798,907,1837,20
38635,job_12799,12799,427,708,5
38635,job_12800,12800,1946,1709,20
38637,job_12801,12801,100,437,11
38639,job_12802,12802,1118,2767,11
38649,job_12803,12803,179,624,13
38656,job_12804,12804,221,524,6
38658,job_12805,12805,1684,2924,25
38658,job_12806,12806,1942,2919,17
38659,job_12807,12807,1172,1854,36
38669,job_12808,12808,286,339,10
38669,job_12809,12809,1415,1832,29
38669,job_12810,12810,1157,1244,33
38669,job_12811,12811,865,2100,27
38673,job_12812,12812,282,607,12
38673,job_12813,12813,993,1956,22
38680,job_12814,12814,338,384,19
38686,job_12815,12815,440,511,13
38686,job_12816,12816,1198,1679,50
38696,job_12817,12817,477,618,7
38698,job_12818,12818,1695,2214,50
38706,job_12819,12819,241,494,5
38707,job_12820,12820,1574,1332,31
38708,job_12821,12821,624,2497,48
38718,job_12822,12822,183,439,16
38723,job_12823,12823,343,543,7
38728,job_12824,12824,100,673,16
38738,job_12825,12825,432,417,13
38740,job_12826,12826,1156,1890,36
38742,job_12827,12827,275,733,5
38744,job_12828,12828,205,404,11
38754,job_12829,12829,260,652,10
38761,job_12830,12830,441,504,6
38762,job_12831,12831,1450,1963,36
38764,job_12832,12832,1121,1558,20
38766,job_12833,12833,931,2177,48
38775,job_12834,12834,250,506,9
38785,job_12835,12835,219,579,17
38787,job_12836,12836,1117,1604,30
38789,job_12837,12837,884,2457,50
38789,job_12838,12838,1402,1422,20
38791,job_12839,12839,276,576,17
38793,job_12840,12840,843,2448,11
38793,job_12841,12841,1575,2290,37
38795,job_12842,12842,297,627,17
38799,job_12843,12843,378,325,15
38804,job_12844,12844,347,673,13
38810,job_12845,12845,459,547,12
38815,job_12846,12846,343,363,7
38815,job_12847,12847,1248,1462,39
38817,job_12848,12848,1304,2305,10
38823,job_12849,12849,237,320,20
38823,job_12850,12850,1701,2281,11
38832,job_12851,12851,292,296,6
38841,job_12852,12852,281,464,5
38841,job_12853,12853,1250,2177,47
38849,job_12854,12854,377,471,15
38851,job_12855,12855,241,449,8
38854,job_12856,12856,264,513,12
38854,job_12857,12857,903,2180,46
38854,job_12858,12858,1590,2602,32
38863,job_12859,12859,343,555,16
38867,job_12860,12860,386,750,14
38872,job_12861,12861,411,423,15
38878,job_12862,12862,339,607,8
38879,job_12863,12863,1342,2406,48
38881,job_12864,12864,1505,2273,39
38883,job_12865,12865,1365,1844,19
38883,job_12866,12866,1090,1949,27
38888,job_12867,12867,293,706,13
38895,job_12868,12868,396,554,11
38895,job_12869,12869,1374,2280,40
38897,job_12870,12870,1580,1996,41
38899,job_12871,12871,945,2394,44
38902,job_12872,12872,357,542,9
38902,job_12873,12873,1255,2138,42
38903,job_12874,12874,861,1702,29
38909,job_12875,12875,277,412,15
38918,job_12876,12876,556,668,11
38923,job_12877,12877,350,488,17
38925,job_12878,12878,293,612,11
38926,job_12879,12879,1010,3106,48
38933,job_12880,12880,182,486,17
38939,job_12881,12881,407,481,7
38943,job_12882,12882,282,560,5
38946,job_12883,12883,218,488,16
38955,job_12884,12884,261,651,17
38957,job_12885,12885,1546,2141,33
38957,job_12886,12886,1804,274,17
38962,job_12887,12887,429,448,12
38968,job_12888,12888,349,446,6
38970,job_12889,12889,932,990,50
38977,job_12890,12890,295,433,10
38987,job_12891,12891,228,430,13
38987,job_12892,12892,1655,1652,24
38987,job_12893,12893,1595,2012,25
38988,job_12894,12894,815,1683,19
38996,job_12895,12895,100,455,20
38999,job_12896,12896,206,711,11
39006,job_12897,12897,222,448,5
39007,job_12898,12898,1177,2034,25
39011,job_12899,12899,332,633,18
39013,job_12900,12900,783,1965,38
39021,job_12901,12901,280,533,10
39025,job_12902,12902,174,342,12
39035,job_12903,12903,336,509,12
39037,job_12904,12904,234,586,11
39045,job_12905,12905,199,609,11
39050,job_12906,12906,125,387,7
39051,job_12907,12907,1178,1357,14
39052,job_12908,12908,1580,2231,42
39054,job_12909,12909,875,2050,27
39057,job_12910,12910,511,466,17
39057,job_12911,12911,1300,2615,27
39058,job_12912,12912,1240,1987,22
39066,job_12913,12913,308,664,14
39073,job_12914,12914,392,679,10
39081,job_12915,12915,174,572,14
39088,job_12916,12916,239,449,19
39093,job_12917,12917,106,432,9
39097,job_12918,12918,426,355,17
39097,job_12919,12919,1382,2602,33
39103,job_12920,12920,352,568,19
39105,job_12921,12921,1170,1825,43
39105,job_12922,12922,1492,1413,25
39107,job_12923,12923,344,606,20
39116,job_12924,12924,180,517,12
39117,job_12925,12925,1464,1381,36
39118,job_12926,12926,1151,2685,33
39127,job_12927,12927,187,464,7
39127,job_12928,12928,1098,1491,31
39136,job_12929,12929,277,523,6
39145,job_12930,12930,387,556,19
39148,job_12931,12931,316,640,17
39150,job_12932,12932,159,511,12
39158,job_12933,12933,295,421,8
39158,job_12934,12934,1309,2120,25
39163,job_12935,12935,374,529,11
39164,job_12936,12936,1047,1681,32
39170,job_12937,12937,201,567,18
39179,job_12938,12938,392,624,10
39188,job_12939,12939,286,399,14
39191,job_12940,12940,185,719,11
39197,job_12941,12941,288,256,9
39199,job_12942,12942,370,405,17
39204,job_12943,12943,350,530,7
39207,job_12944,12944,189,608,18
39213,job_12945,12945,252,486,9
39221,job_12946,12946,337,466,6
39223,job_12947,12947,1050,1934,13
39230,job_12948,12948,228,624,20
39230,job_12949,12949,1209,2084,41
39230,job_12950,12950,1316,2441,15
39231,job_12951,12951,1349,1813,13
39233,job_12952,12952,1068,1936,32
39240,job_12953,12953,214,679,11
39242,job_12954,12954,797,2566,20
39246,job_12955,12955,422,602,14
39248,job_12956,12956,310,405,5
39248,job_12957,12957,1395,2374,50
39257,job_12958,12958,236,559,14
39258,job_12959,12959,991,1864,10
39264,job_12960,12960,457,566,15
39272,job_12961,12961,525,407,11
39276,job_12962,12962,218,518,18
39278,job_12963,12963,1017,2080,39
39281,job_12964,12964,211,448,5
39283,job_12965,12965,133,650,17
39283,job_12966,12966,1230,2932,17
39284,job_12967,12967,1774,1765,41
39293,job_12968,12968,320,567,13
39297,job_12969,12969,237,595,9
39297,job_12970,12970,1872,2565,26
39307,job_12971,12971,357,619,15
39313,job_12972,12972,327,464,19
39315,job_12973,12973,944,2457,46
39319,job_12974,12974,247,306,5
39321,job_12975,12975,240,373,11
39327,job_12976,12976,375,610,20
39328,job_12977,12977,1447,2004,23
39330,job_12978,12978,1315,1787,42
39337,job_12979,12979,251,640,8
39343,job_12980,12980,478,523,9
39351,job_12981,12981,251,489,8
39357,job_12982,12982,320,570,8
39357,job_12983,12983,1316,1461,13
39361,job_12984,12984,347,635,20
39371,job_12985,12985,345,480,13
39379,job_12986,12986,279,569,12
39385,job_12987,12987,197,505,6
39391,job_12988,12988,179,590,18
39397,job_12989,12989,100,340,16
39402,job_12990,12990,111,339,6
39403,job_12991,12991,1091,2354,13
39404,job_12992,12992,1117,2398,43
39406,job_12993,12993,467,2903,24
39410,job_12994,12994,430,582,15
39410,job_12995,12995,1524,1628,42
39417,job_12996,12996,326,535,8
39425,job_12997,12997,304,558,16
39427,job_12998,12998,896,2262,47
39434,job_12999,12999,263,365,18
39434,job_13000,13000,911,2358,48
39439,job_13001,13001,331,569,8
39439,job_13002,13002,912,2293,15
39449,job_13003,13003,264,571,6
39450,job_13004,13004,1390,2178,31
39460,job_13005,13005,205,497,5
39468,job_13006,13006,139,479,8
39471,job_13007,13007,202,658,19
39475,job_13008,13008,275,349,16
39481,job_13009,13009,469,497,11
39481,job_13010,13010,738,2044,44
39486,job_13011,13011,155,513,9
39488,job_13012,13012,305,636,19
39493,job_13013,13013,368,450,12
39503,job_13014,13014,455,593,18
39508,job_13015,13015,276,640,6
39512,job_13016,13016,286,635,8
39518,job_13017,13017,313,696,7
39527,job_13018,13018,100,634,17
39529,job_13019,13019,333,431,20
39536,job_13020,13020,334,729,7
39536,job_13021,13021,1618,2080,28
39544,job_13022,13022,243,487,18
39554,job_13023,13023,357,366,12
39555,job_13024,13024,1197,2198,43
39565,job_13025,13025,282,479,13
39567,job_13026,13026,288,515,20
39575,job_13027,13027,387,571,20
39584,job_13028,13028,286,505,11
39587,job_13029,13029,344,448,6
39587,job_13030,13030,1671,1666,29
39591,job_13031,13031,364,428,18
39592,job_13032,13032,1436,1926,37
39597,job_13033,13033,402,663,6
39607,job_13034,13034,404,443,20
39609,job_13035,13035,519,1318,34
39609,job_13036,13036,1002,1384,50
39615,job_13037,13037,185,490,10
39620,job_13038,13038,447,616,9
39622,job_13039,13039,692,1877,35
39631,job_13040,13040,303,689,17
39637,job_13041,13041,327,437,15
39643,job_13042,13042,314,489,7
39650,job_13043,13043,388,439,17
39650,job_13044,13044,1815,2305,49
39651,job_13045,13045,920,2414,49
39657,job_13046,13046,282,490,16
39660,job_13047,13047,228,620,14
39667,job_13048,13048,497,473,17
39674,job_13049,13049,296,491,11
39678,job_13050,13050,213,398,15
39679,job_13051,13051,1753,1530,22
39683,job_13052,13052,240,486,13
39683,job_13053,13053,1058,1368,12
39689,job_13054,13054,370,301,7
39690,job_13055,13055,1328,2023,21
39694,job_13056,13056,258,287,16
39701,job_13057,13057,338,465,13
39707,job_13058,13058,333,522,13
39708,job_13059,13059,1011,1898,48
39714,job_13060,13060,233,540,7
39716,job_13061,13061,736,1314,41
39718,job_13062,13062,1337,1272,27
39718,job_13063,13063,1239,1456,24
39727,job_13064,13064,159,377,14
39729,job_13065,13065,1335,2276,43
39734,job_13066,13066,100,412,16
39743,job_13067,13067,290,554,20
39746,job_13068,13068,252,363,20
39751,job_13069,13069,175,709,19
39758,job_13070,13070,275,607,17
39760,job_13071,13071,1750,1207,21
39768,job_13072,13072,175,607,7
39771,job_13073,13073,360,601,17
39771,job_13074,13074,1117,2501,38
39771,job_13075,13075,1178,2639,39
39775,job_13076,13076,521,587,7
39775,job_13077,13077,1335,2102,34
39784,job_13078,13078,135,507,11
39789,job_13079,13079,415,525,18
39793,job_13080,13080,399,590,12
39802,job_13081,13081,435,474,5
39807,job_13082,13082,308,471,15
39810,job_13083,13083,419,359,5
39812,job_13084,13084,296,513,10
39817,job_13085,13085,521,565,19
39822,job_13086,13086,326,535,12
39829,job_13087,13087,488,419,8
39839,job_13088,13088,449,579,6
39847,job_13089,13089,166,588,9
39850,job_13090,13090,264,478,13
39850,job_13091,13091,1508,2095,38
39858,job_13092,13092,218,602,8
39859,job_13093,13093,1358,2640,43
39868,job_13094,13094,314,346,14
39877,job_13095,13095,336,482,5
39879,job_13096,13096,392,630,18
39880,job_13097,13097,1218,2115,47
39884,job_13098,13098,337,509,13
39885,job_13099,13099,1353,2444,38
39893,job_13100,13100,255,455,10
39898,job_13101,13101,473,563,19
39902,job_13102,13102,247,401,5
39906,job_13103,13103,386,612,6
39907,job_13104,13104,1096,2649,12
39910,job_13105,13105,251,495,7
39910,job_13106,13106,1223,1933,23
39910,job_13107,13107,1250,2160,46
39914,job_13108,13108,347,471,7
39916,job_13109,13109,1006,1978,39
39924,job_13110,13110,312,380,17
39924,job_13111,13111,1157,1720,34
39931,job_13112,13112,350,748,17
39935,job_13113,13113,417,594,18
39938,job_13114,13114,206,623,10
39938,job_13115,13115,1947,2326,20
39939,job_13116,13116,810,1841,43
39945,job_13117,13117,219,567,13
39955,job_13118,13118,263,479,19
39955,job_13119,13119,1420,2118,38
39958,job_13120,13120,283,585,17
39962,job_13121,13121,384,460,10
39963,job_13122,13122,1131,2836,29
39971,job_13123,13123,127,464,5
39980,job_13124,13124,120,561,16
39985,job_13125,13125,438,592,9
39994,job_13126,13126,447,605,7
40003,job_13127,13127,186,444,13
40012,job_13128,13128,241,448,16
40019,job_13129,13129,270,524,17
40023,job_13130,13130,399,550,18
40027,job_13131,13131,292,508,8
40033,job_13132,13132,175,489,14
40041,job_13133,13133,170,562,12
40049,job_13134,13134,359,579,17
40049,job_13135,13135,493,2175,15
40059,job_13136,13136,288,560,19
40065,job_13137,13137,319,540,15
40065,job_13138,13138,1185,2163,39
40074,job_13139,13139,367,464,6
40074,job_13140,13140,1851,1781,17
40074,job_13141,13141,674,2268,39
40076,job_13142,13142,279,561,8
40086,job_13143,13143,361,375,12
40091,job_13144,13144,297,445,12
40096,job_13145,13145,343,619,10
40104,job_13146,13146,214,480,11
40108,job_13147,13147,399,654,16
40115,job_13148,13148,268,532,11
40124,job_13149,13149,261,572,19
40132,job_13150,13150,466,511,7
40141,job_13151,13151,303,651,13
40149,job_13152,13152,364,616,17
40154,job_13153,13153,286,589,5
40155,job_13154,13154,1424,2060,21
40156,job_13155,13155,1415,2480,27
40157,job_13156,13156,1210,1788,50
40159,job_13157,13157,392,425,7
40165,job_13158,13158,466,474,10
40175,job_13159,13159,317,457,15
40182,job_13160,13160,271,587,6
40187,job_13161,13161,296,396,6
40189,job_13162,13162,274,612,14
40189,job_13163,13163,758,1597,29
40191,job_13164,13164,831,2262,49
40201,job_13165,13165,119,685,10
40211,job_13166,13166,320,476,19
40213,job_13167,13167,290,636,10
40216,job_13168,13168,267,421,16
40218,job_13169,13169,208,353,17
40222,job_13170,13170,351,470,8
40222,job_13171,13171,960,2213,29
40231,job_13172,13172,331,485,13
40241,job_13173,13173,214,439,7
40250,job_13174,13174,383,575,17
40252,job_13175,13175,1457,2487,33
40252,job_13176,13176,1311,1604,36
40253,job_13177,13177,1479,2666,24
40260,job_13178,13178,219,372,17
40261,job_13179,13179,784,1702,27
40270,job_13180,13180,128,475,5
40270,job_13181,13181,1024,2322,32
40273,job_13182,13182,204,519,18
40282,job_13183,13183,300,403,9
40284,job_13184,13184,955,2451,35
40290,job_13185,13185,314,667,11
40300,job_13186,13186,275,503,13
40310,job_13187,13187,385,412,19
40316,job_13188,13188,332,656,20
40324,job_13189,13189,143,513,10
40324,job_13190,13190,921,2612,16
40333,job_13191,13191,239,728,7
40341,job_13192,13192,334,341,10
40350,job_13193,13193,391,602,8
40358,job_13194,13194,100,557,8
40361,job_13195,13195,290,556,12
40361,job_13196,13196,587,2182,23
40364,job_13197,13197,298,491,8
40371,job_13198,13198,444,464,7
40375,job_13199,13199,148,498,11
40377,job_13200,13200,932,2150,40
40377,job_13201,13201,821,2005,18
40387,job_13202,13202,401,432,13
40397,job_13203,13203,344,480,17
40402,job_13204,13204,293,628,9
40412,job_13205,13205,402,634,17
40420,job_13206,13206,397,500,15
40426,job_13207,13207,430,593,20
40432,job_13208,13208,322,451,7
40440,job_13209,13209,219,643,15
40441,job_13210,13210,1249,2076,22
40441,job_13211,13211,1678,3308,50
40443,job_13212,13212,100,349,9
40450,job_13213,13213,412,322,12
40460,job_13214,13214,361,490,6
40467,job_13215,13215,274,600,17
40475,job_13216,13216,202,570,13
40485,job_13217,13217,327,583,15
40495,job_13218,13218,128,554,9
40505,job_13219,13219,282,458,7
40508,job_13220,13220,111,611,17
40512,job_13221,13221,361,407,6
40522,job_13222,13222,186,650,20
40523,job_13223,13223,994,1721,13
40525,job_13224,13224,276,380,18
40528,job_13225,13225,381,532,7
40538,job_13226,13226,420,370,5
40546,job_13227,13227,324,313,13
40547,job_13228,13228,1267,2441,14
40555,job_13229,13229,344,480,20
40558,job_13230,13230,339,468,13
40567,job_13231,13231,424,459,8
40572,job_13232,13232,264,399,11
40582,job_13233,13233,335,436,18
40592,job_13234,13234,321,308,18
40599,job_13235,13235,270,564,19
40605,job_13236,13236,160,413,20
40610,job_13237,13237,361,428,19
40617,job_13238,13238,192,541,8
40617,job_13239,13239,887,2132,28
40623,job_13240,13240,246,707,9
40625,job_13241,13241,159,536,10
40628,job_13242,13242,325,592,17
40633,job_13243,13243,266,694,17
40633,job_13244,13244,1099,1285,45
40633,job_13245,13245,1624,2232,36
40641,job_13246,13246,316,677,14
40651,job_13247,13247,542,644,14
40659,job_13248,13248,393,337,7
40668,job_13249,13249,351,459,17
40671,job_13250,13250,379,349,14
40673,job_13251,13251,230,537,15
40676,job_13252,13252,346,638,12
40683,job_13253,13253,352,640,5
40691,job_13254,13254,475,626,17
40697,job_13255,13255,337,628,9
40707,job_13256,13256,234,532,7
40717,job_13257,13257,353,406,14
40719,job_13258,13258,426,519,10
40727,job_13259,13259,286,513,17
40732,job_13260,13260,239,680,11
40734,job_13261,13261,419,605,10
40742,job_13262,13262,363,387,17
40747,job_13263,13263,237,421,14
40748,job_13264,13264,1055,1817,17
40748,job_13265,13265,1301,1617,34
40748,job_13266,13266,1524,2161,15
40756,job_13267,13267,376,440,16
40758,job_13268,13268,354,530,8
40766,job_13269,13269,276,515,15
40773,job_13270,13270,100,596,9
40776,job_13271,13271,392,462,6
40778,job_13272,13272,1910,2201,41
40782,job_13273,13273,390,608,6
40786,job_13274,13274,254,433,10
40788,job_13275,13275,567,330,10
40794,job_13276,13276,298,584,12
40803,job_13277,13277,210,627,13
40810,job_13278,13278,331,549,15
40815,job_13279,13279,302,519,20
40819,job_13280,13280,329,634,6
40827,job_13281,13281,201,591,20
40830,job_13282,13282,205,595,20
40833,job_13283,13283,340,522,15
40835,job_13284,13284,1309,2601,35
40843,job_13285,13285,206,602,16
40845,job_13286,13286,1458,1365,39
40847,job_13287,13287,210,386,16
40854,job_13288,13288,377,512,12
40856,job_13289,13289,283,418,16
40866,job_13290,13290,113,419,9
40875,job_13291,13291,336,450,19
40881,job_13292,13292,503,327,19
40885,job_13293,13293,432,576,20
40887,job_13294,13294,1814,2370,44
40893,job_13295,13295,308,799,18
40903,job_13296,13296,259,522,17
40908,job_13297,13297,444,763,5
40912,job_13298,13298,329,570,5
40916,job_13299,13299,392,588,5
40919,job_13300,13300,183,527,18
40925,job_13301,13301,443,533,17
40931,job_13302,13302,259,645,19
40933,job_13303,13303,331,513,15
40937,job_13304,13304,184,455,16
40944,job_13305,13305,385,488,20
40951,job_13306,13306,435,590,20
40961,job_13307,13307,301,618,14
40968,job_13308,13308,371,528,6
40970,job_13309,13309,178,503,15
40979,job_13310,13310,327,495,8
40981,job_13311,13311,610,2004,43
40985,job_13312,13312,421,316,14
40993,job_13313,13313,267,461,6
40997,job_13314,13314,483,639,19
41006,job_13315,13315,357,604,19
41012,job_13316,13316,171,485,11
41015,job_13317,13317,131,512,9
41015,job_13318,13318,1190,1524,49
41020,job_13319,13319,334,488,17
41026,job_13320,13320,295,415,18
41027,job_13321,13321,1037,2004,17
41032,job_13322,13322,375,640,13
41039,job_13323,13323,195,283,10
41049,job_13324,13324,249,491,18
41051,job_13325,13325,1099,2321,33
41057,job_13326,13326,482,547,17
41062,job_13327,13327,270,668,20
41064,job_13328,13328,284,401,19
41071,job_13329,13329,232,541,20
41081,job_13330,13330,275,651,20
41087,job_13331,13331,275,510,14
41096,job_13332,13332,123,547,5
41104,job_13333,13333,268,473,14
41114,job_13334,13334,297,510,19
41117,job_13335,13335,163,554,15
41117,job_13336,13336,1105,3355,30
41117,job_13337,13337,641,2007,49
41119,job_13338,13338,1059,2413,40
41122,job_13339,13339,204,582,11
41128,job_13340,13340,253,457,15
41134,job_13341,13341,405,543,7
41140,job_13342,13342,283,347,18
41142,job_13343,13343,295,576,8
41151,job_13344,13344,295,483,19
41156,job_13345,13345,388,664,13
41163,job_13346,13346,221,525,16
41164,job_13347,13347,560,1993,27
41167,job_13348,13348,385,612,5
41169,job_13349,13349,393,557,8
41177,job_13350,13350,100,621,6
41180,job_13351,13351,397,537,18
41180,job_13352,13352,1258,1482,43
41188,job_13353,13353,257,331,18
41190,job_13354,13354,335,449,10
41190,job_13355,13355,1272,2040,34
41194,job_13356,13356,339,504,14
41195,job_13357,13357,1896,2403,41
41205,job_13358,13358,239,383,14
41208,job_13359,13359,309,464,12
41208,job_13360,13360,568,2515,23
41218,job_13361,13361,374,616,20
41220,job_13362,13362,197,493,15
41224,job_13363,13363,282,269,16
41230,job_13364,13364,328,593,18
41230,job_13365,13365,1637,2225,38
41236,job_13366,13366,186,529,10
41245,job_13367,13367,442,644,7
41246,job_13368,13368,1274,2518,39
41249,job_13369,13369,216,607,15
41254,job_13370,13370,275,602,17
41258,job_13371,13371,236,467,11
41259,job_13372,13372,1375,1907,48
41263,job_13373,13373,226,600,10
41273,job_13374,13374,238,519,12
41275,job_13375,13375,158,426,6
41277,job_13376,13376,1024,2759,20
41277,job_13377,13377,1478,1682,12
41283,job_13378,13378,156,391,16
41285,job_13379,13379,277,537,7
41295,job_13380,13380,319,443,14
41303,job_13381,13381,340,578,8
41303,job_13382,13382,1079,2522,31
41313,job_13383,13383,330,538,14
41318,job_13384,13384,359,265,13
41320,job_13385,13385,288,474,17
41322,job_13386,13386,740,2157,16
41332,job_13387,13387,150,490,18
41334,job_13388,13388,365,475,9
41336,job_13389,13389,314,458,18
41345,job_13390,13390,253,666,15
41347,job_13391,13391,289,498,7
41350,job_13392,13392,162,744,7
41358,job_13393,13393,283,462,5
41362,job_13394,13394,391,609,8
41366,job_13395,13395,191,415,19
41366,job_13396,13396,1431,1372,14
41368,job_13397,13397,1247,1919,17
41377,job_13398,13398,286,352,9
41380,job_13399,13399,401,532,20
41386,job_13400,13400,243,433,7
41390,job_13401,13401,502,569,19
41398,job_13402,13402,308,511,9
41402,job_13403,13403,309,526,17
41407,job_13404,13404,297,445,17
41407,job_13405,13405,2050,1325,27
41417,job_13406,13406,273,420,14
41426,job_13407,13407,190,408,20
41429,job_13408,13408,504,318,10
41438,job_13409,13409,203,514,6
41438,job_13410,13410,947,1829,20
41440,job_13411,13411,1579,1995,45
41447,job_13412,13412,151,480,5
41451,job_13413,13413,315,469,7
41459,job_13414,13414,455,459,13
41468,job_13415,13415,188,507,18
41476,job_13416,13416,312,584,8
41483,job_13417,13417,297,604,20
41484,job_13418,13418,1058,1695,26
41487,job_13419,13419,245,648,13
41491,job_13420,13420,254,468,9
41495,job_13421,13421,285,484,12
41497,job_13422,13422,225,377,14
41501,job_13423,13423,241,397,20
41509,job_13424,13424,286,562,14
41510,job_13425,13425,882,2654,24
41516,job_13426,13426,196,379,16
41516,job_13427,13427,704,2381,18
41519,job_13428,13428,257,511,8
41521,job_13429,13429,260,675,13
41524,job_13430,13430,259,644,5
41528,job_13431,13431,392,581,11
41530,job_13432,13432,351,353,18
41539,job_13433,13433,317,536,6
41546,job_13434,13434,223,495,10
41548,job_13435,13435,245,569,12
41551,job_13436,13436,182,354,19
41560,job_13437,13437,162,531,19
41565,job_13438,13438,231,545,19
41567,job_13439,13439,282,507,20
41570,job_13440,13440,317,463,7
41575,job_13441,13441,313,510,17
41583,job_13442,13442,371,604,6
41590,job_13443,13443,364,469,20
41594,job_13444,13444,383,339,17
41598,job_13445,13445,147,463,14
41604,job_13446,13446,105,529,11
41609,job_13447,13447,473,493,17
41613,job_13448,13448,312,542,17
41620,job_13449,13449,450,515,11
41627,job_13450,13450,273,451,16
41628,job_13451,13451,821,3395,10
41636,job_13452,13452,344,546,9
41641,job_13453,13453,380,560,17
41643,job_13454,13454,339,475,18
41645,job_13455,13455,353,619,7
41653,job_13456,13456,561,525,6
41658,job_13457,13457,336,470,6
41658,job_13458,13458,1282,2259,35
41664,job_13459,13459,444,361,20
41674,job_13460,13460,348,424,10
41681,job_13461,13461,434,432,9
41686,job_13462,13462,290,369,13
41692,job_13463,13463,200,560,6
41702,job_13464,13464,415,494,16
41709,job_13465,13465,209,572,16
41717,job_13466,13466,210,582,12
41725,job_13467,13467,132,475,7
41728,job_13468,13468,440,630,8
41729,job_13469,13469,1020,2322,46
41735,job_13470,13470,251,629,17
41744,job_13471,13471,279,488,14
41746,job_13472,13472,282,539,7
41751,job_13473,13473,100,514,11
41755,job_13474,13474,408,671,7
41757,job_13475,13475,293,521,10
41762,job_13476,13476,356,482,8
41762,job_13477,13477,1134,2417,26
41765,job_13478,13478,346,527,15
41770,job_13479,13479,233,346,12
41774,job_13480,13480,181,452,9
41776,job_13481,13481,1048,1715,30
41786,job_13482,13482,283,485,9
41793,job_13483,13483,275,492,16
41796,job_13484,13484,197,595,16
41801,job_13485,13485,298,499,19
41808,job_13486,13486,221,384,16
41817,job_13487,13487,244,487,20
41817,job_13488,13488,1176,2353,10
41817,job_13489,13489,1367,2205,32
41827,job_13490,13490,343,527,5
41836,job_13491,13491,159,250,12
41839,job_13492,13492,366,485,17
41842,job_13493,13493,115,641,10
41844,job_13494,13494,100,688,18
41846,job_13495,13495,242,491,15
41847,job_13496,13496,1357,2905,43
41855,job_13497,13497,298,582,9
41856,job_13498,13498,1194,1770,41
41866,job_13499,13499,117,652,18
41876,job_13500,13500,214,445,7
41885,job_13501,13501,292,690,20
41887,job_13502,13502,883,2287,18
41891,job_13503,13503,355,602,18
41893,job_13504,13504,328,303,9
41902,job_13505,13505,364,535,14
41906,job_13506,13506,284,558,19
41911,job_13507,13507,364,497,13
41913,job_13508,13508,327,503,10
41917,job_13509,13509,295,574,10
41923,job_13510,13510,228,458,19
41932,job_13511,13511,423,369,14
41935,job_13512,13512,306,543,18
41937,job_13513,13513,312,663,14
41941,job_13514,13514,349,563,7
41947,job_13515,13515,470,752,19
41952,job_13516,13516,245,581,18
41958,job_13517,13517,332,700,14
41960,job_13518,13518,100,500,19
41961,job_13519,13519,1089,2392,48
41969,job_13520,13520,275,487,11
41975,job_13521,13521,325,408,5
41977,job_13522,13522,393,439,16
41983,job_13523,13523,314,709,17
41990,job_13524,13524,251,470,10
41992,job_13525,13525,1445,1493,37
41994,job_13526,13526,283,519,15
41998,job_13527,13527,100,561,13
42003,job_13528,13528,453,404,11
42009,job_13529,13529,385,494,19
42011,job_13530,13530,666,1681,47
42020,job_13531,13531,338,600,11
42026,job_13532,13532,392,455,5
42031,job_13533,13533,351,601,7
42032,job_13534,13534,1746,2396,44
42036,job_13535,13535,213,436,17
42040,job_13536,13536,182,498,17
42042,job_13537,13537,1026,1595,27
42048,job_13538,13538,311,591,5
42051,job_13539,13539,100,363,10
42055,job_13540,13540,419,535,11
42063,job_13541,13541,230,570,6
42070,job_13542,13542,408,347,12
42078,job_13543,13543,514,556,16
42080,job_13544,13544,184,370,6
42090,job_13545,13545,137,565,19
42094,job_13546,13546,364,420,14
42099,job_13547,13547,224,204,17
42104,job_13548,13548,126,522,14
42104,job_13549,13549,1750,2061,15
42112,job_13550,13550,214,775,6
42117,job_13551,13551,265,651,15
42125,job_13552,13552,287,646,19
42133,job_13553,13553,373,448,6
42138,job_13554,13554,395,446,19
42139,job_13555,13555,1599,2296,26
42146,job_13556,13556,257,475,9
42155,job_13557,13557,321,649,16
42159,job_13558,13558,327,561,9
42165,job_13559,13559,182,625,14
42166,job_13560,13560,1117,1688,21
42172,job_13561,13561,205,652,12
42179,job_13562,13562,429,555,5
42180,job_13563,13563,1015,1320,28
42189,job_13564,13564,180,527,13
42196,job_13565,13565,308,461,5
42205,job_13566,13566,205,393,18
42214,job_13567,13567,308,541,13
42220,job_13568,13568,368,462,13
42229,job_13569,13569,265,433,10
42232,job_13570,13570,307,444,19
42238,job_13571,13571,100,547,8
42245,job_13572,13572,352,362,9
42249,job_13573,13573,356,566,9
42251,job_13574,13574,274,659,15
42256,job_13575,13575,311,537,5
42258,job_13576,13576,1411,2053,38
42268,job_13577,13577,439,344,9
42274,job_13578,13578,210,664,6
42284,job_13579,13579,282,688,8
42286,job_13580,13580,1095,2979,33
42288,job_13581,13581,330,407,15
42296,job_13582,13582,171,363,20
42306,job_13583,13583,452,346,14
42306,job_13584,13584,960,1985,23
42307,job_13585,13585,1284,986,11
42316,job_13586,13586,338,640,13
42318,job_13587,13587,276,487,17
42319,job_13588,13588,1029,1481,39
42320,job_13589,13589,1642,2811,43
42329,job_13590,13590,327,406,11
42332,job_13591,13591,406,497,8
42342,job_13592,13592,418,608,13
42347,job_13593,13593,211,497,15
42350,job_13594,13594,487,610,6
42358,job_13595,13595,397,456,6
42361,job_13596,13596,246,351,20
42362,job_13597,13597,1559,2600,33
42368,job_13598,13598,278,773,7
42377,job_13599,13599,436,388,20
42380,job_13600,13600,312,437,13
42388,job_13601,13601,228,541,16
42388,job_13602,13602,1148,2194,31
42398,job_13603,13603,354,440,19
42402,job_13604,13604,305,576,12
42405,job_13605,13605,490,384,18
42414,job_13606,13606,171,343,9
42422,job_13607,13607,187,272,17
42424,job_13608,13608,227,420,9
42427,job_13609,13609,140,458,19
42430,job_13610,13610,352,595,17
42440,job_13611,13611,310,411,7
42445,job_13612,13612,365,545,18
42454,job_13613,13613,486,367,8
42457,job_13614,13614,375,547,8
42459,job_13615,13615,187,543,13
42463,job_13616,13616,266,522,13
42471,job_13617,13617,247,360,20
42481,job_13618,13618,204,490,14
42487,job_13619,13619,218,479,15
42492,job_13620,13620,113,541,7
42494,job_13621,13621,419,448,6
42500,job_13622,13622,403,541,8
42507,job_13623,13623,251,665,15
42512,job_13624,13624,200,617,12
42512,job_13625,13625,977,1508,33
42518,job_13626,13626,225,480,17
42527,job_13627,13627,210,569,12
42531,job_13628,13628,278,403,7
42541,job_13629,13629,353,441,11
42546,job_13630,13630,317,402,5
42548,job_13631,13631,181,601,9
42551,job_13632,13632,325,419,5
42561,job_13633,13633,284,540,16
42565,job_13634,13634,118,539,15
42569,job_13635,13635,318,471,16
42571,job_13636,13636,213,424,17
42573,job_13637,13637,1412,1362,43
42573,job_13638,13638,1371,3107,32
42582,job_13639,13639,231,717,10
42591,job_13640,13640,365,480,13
42600,job_13641,13641,100,499,16
42605,job_13642,13642,392,380,9
42614,job_13643,13643,342,519,18
42620,job_13644,13644,238,620,20
42630,job_13645,13645,340,643,12
42634,job_13646,13646,288,495,20
42641,job_13647,13647,100,514,9
42645,job_13648,13648,315,297,17
42645,job_13649,13649,1841,2405,28
42654,job_13650,13650,249,509,14
42656,job_13651,13651,362,572,7
42665,job_13652,13652,147,543,11
42669,job_13653,13653,202,534,19
42676,job_13654,13654,397,392,6
42680,job_13655,13655,403,544,19
42685,job_13656,13656,219,455,20
42693,job_13657,13657,345,466,19
42700,job_13658,13658,304,556,18
42706,job_13659,13659,238,501,12
42713,job_13660,13660,303,547,13
42721,job_13661,13661,396,518,19
42730,job_13662,13662,269,563,19
42732,job_13663,13663,170,494,17
42732,job_13664,13664,1873,2360,19
42740,job_13665,13665,206,569,13
42746,job_13666,13666,356,573,11
42749,job_13667,13667,338,450,17
42757,job_13668,13668,232,297,15
42757,job_13669,13669,1156,1869,25
42762,job_13670,13670,441,448,6
42768,job_13671,13671,159,563,6
42768,job_13672,13672,945,2461,12
42777,job_13673,13673,294,446,14
42785,job_13674,13674,420,545,10
42793,job_13675,13675,100,479,15
42803,job_13676,13676,197,464,5
42813,job_13677,13677,302,645,12
42816,job_13678,13678,245,668,15
42822,job_13679,13679,267,461,10
42829,job_13680,13680,392,384,18
42834,job_13681,13681,370,607,13
42839,job_13682,13682,277,626,7
42840,job_13683,13683,1259,1371,49
42842,job_13684,13684,440,363,15
42849,job_13685,13685,471,426,10
42853,job_13686,13686,177,427,15
42861,job_13687,13687,372,558,19
42871,job_13688,13688,174,580,11
42871,job_13689,13689,967,2426,13
42873,job_13690,13690,209,509,18
42882,job_13691,13691,313,364,17
42892,job_13692,13692,392,732,18
42898,job_13693,13693,319,529,15
42905,job_13694,13694,439,406,16
42908,job_13695,13695,358,517,16
42913,job_13696,13696,335,522,17
42922,job_13697,13697,209,495,5
42922,job_13698,13698,1698,1208,49
42930,job_13699,13699,205,488,15
42935,job_13700,13700,290,420,18
42944,job_13701,13701,310,571,15
42948,job_13702,13702,194,315,20
42958,job_13703,13703,206,399,17
42959,job_13704,13704,1333,1375,10
42959,job_13705,13705,1129,2343,46
42962,job_13706,13706,399,417,13
42963,job_13707,13707,1896,1487,24
42970,job_13708,13708,215,321,17
42979,job_13709,13709,338,650,17
42988,job_13710,13710,127,472,6
42990,job_13711,13711,468,519,8
42994,job_13712,13712,370,523,16
42999,job_13713,13713,190,630,10
43004,job_13714,13714,144,585,6
43010,job_13715,13715,304,566,7
43014,job_13716,13716,252,456,10
43024,job_13717,13717,375,747,12
43034,job_13718,13718,422,648,13
43036,job_13719,13719,668,2285,17
43043,job_13720,13720,221,640,14
43046,job_13721,13721,352,506,11
43051,job_13722,13722,366,481,9
43053,job_13723,13723,249,470,11
43056,job_13724,13724,166,527,9
43061,job_13725,13725,313,550,5
43067,job_13726,13726,459,557,17
43069,job_13727,13727,406,548,14
43074,job_13728,13728,435,525,6
43081,job_13729,13729,266,400,12
43085,job_13730,13730,183,372,6
43092,job_13731,13731,327,551,18
43095,job_13732,13732,273,657,7
43099,job_13733,13733,266,617,11
43106,job_13734,13734,214,515,13
43113,job_13735,13735,233,406,17
43121,job_13736,13736,147,259,13
43126,job_13737,13737,212,598,16
43131,job_13738,13738,327,596,6
43134,job_13739,13739,341,527,8
43136,job_13740,13740,430,616,14
43138,job_13741,13741,279,467,5
43148,job_13742,13742,247,378,19
43157,job_13743,13743,315,379,15
43160,job_13744,13744,417,540,7
43168,job_13745,13745,211,577,11
43174,job_13746,13746,191,221,19
43184,job_13747,13747,111,575,12
43185,job_13748,13748,1710,2239,39
43189,job_13749,13749,309,484,15
43195,job_13750,13750,394,677,14
43201,job_13751,13751,324,628,20
43210,job_13752,13752,349,465,10
43213,job_13753,13753,345,571,5
43222,job_13754,13754,326,613,15
43227,job_13755,13755,263,531,16
43227,job_13756,13756,1150,2443,13
43233,job_13757,13757,318,505,11
43238,job_13758,13758,237,529,13
43243,job_13759,13759,387,471,9
43245,job_13760,13760,389,474,6
43250,job_13761,13761,215,615,17
43255,job_13762,13762,231,357,11
43260,job_13763,13763,318,597,20
43267,job_13764,13764,417,486,14
43269,job_13765,13765,358,368,19
43271,job_13766,13766,956,3091,14
43279,job_13767,13767,377,511,5
43289,job_13768,13768,278,457,12
43297,job_13769,13769,373,507,14
43307,job_13770,13770,283,600,18
43315,job_13771,13771,100,490,20
43321,job_13772,13772,263,397,10
43324,job_13773,13773,361,460,13
43328,job_13774,13774,243,401,13
43332,job_13775,13775,154,540,11
43342,job_13776,13776,398,666,19
43345,job_13777,13777,240,739,17
43355,job_13778,13778,416,439,13
43365,job_13779,13779,162,392,19
43374,job_13780,13780,390,640,7
43381,job_13781,13781,322,689,17
43391,job_13782,13782,397,445,13
43395,job_13783,13783,269,482,17
43402,job_13784,13784,516,522,19
43412,job_13785,13785,399,605,7
43420,job_13786,13786,399,456,11
43421,job_13787,13787,828,1277,38
43431,job_13788,13788,335,561,9
43439,job_13789,13789,208,494,9
43442,job_13790,13790,432,402,12
43447,job_13791,13791,269,539,17
43451,job_13792,13792,239,478,15
43453,job_13793,13793,373,573,15
43455,job_13794,13794,240,528,13
43464,job_13795,13795,100,452,9
43474,job_13796,13796,332,417,17
43480,job_13797,13797,258,363,6
43482,job_13798,13798,1438,3108,48
43490,job_13799,13799,301,508,7
43498,job_13800,13800,352,444,20
43499,job_13801,13801,665,1828,31
43502,job_13802,13802,280,425,20
43507,job_13803,13803,442,662,19
43509,job_13804,13804,286,617,8
43518,job_13805,13805,210,437,18
43524,job_13806,13806,264,549,20
43531,job_13807,13807,361,480,5
43537,job_13808,13808,225,438,16
43543,job_13809,13809,434,373,16
43548,job_13810,13810,422,469,20
43556,job_13811,13811,531,369,20
43565,job_13812,13812,199,420,16
43571,job_13813,13813,372,496,5
43575,job_13814,13814,224,581,18
43585,job_13815,13815,389,448,8
43595,job_13816,13816,355,558,8
43601,job_13817,13817,255,506,12
43607,job_13818,13818,361,485,17
43609,job_13819,13819,783,1743,15
43613,job_13820,13820,351,439,6
43616,job_13821,13821,194,320,8
43625,job_13822,13822,129,348,13
43633,job_13823,13823,196,480,19
43637,job_13824,13824,543,437,10
43644,job_13825,13825,406,509,12
43652,job_13826,13826,355,369,16
43652,job_13827,13827,1373,1857,28
43654,job_13828,13828,1643,1974,26
43656,job_13829,13829,140,710,5
43664,job_13830,13830,369,476,5
43671,job_13831,13831,379,415,17
43674,job_13832,13832,297,493,10
43674,job_13833,13833,1328,1798,41
43680,job_13834,13834,211,625,7
43683,job_13835,13835,357,535,14
43692,job_13836,13836,347,578,20
43699,job_13837,13837,143,568,17
43700,job_13838,13838,1482,1702,21
43710,job_13839,13839,390,541,12
43720,job_13840,13840,100,558,13
43730,job_13841,13841,391,519,18
43737,job_13842,13842,403,364,15
43740,job_13843,13843,315,512,10
43746,job_13844,13844,343,497,9
43754,job_13845,13845,401,623,11
43759,job_13846,13846,343,488,7
43761,job_13847,13847,1272,2213,48
43769,job_13848,13848,351,626,19
43774,job_13849,13849,370,596,7
43783,job_13850,13850,393,672,14
43786,job_13851,13851,380,479,14
43792,job_13852,13852,360,522,8
43799,job_13853,13853,324,461,9
43807,job_13854,13854,372,607,13
43809,job_13855,13855,389,522,14
43814,job_13856,13856,267,493,14
43820,job_13857,13857,309,511,17
43826,job_13858,13858,256,520,15
43828,job_13859,13859,955,1319,44
43835,job_13860,13860,290,443,5
43835,job_13861,13861,816,2214,27
43838,job_13862,13862,286,533,12
43842,job_13863,13863,395,465,6
43849,job_13864,13864,387,371,20
43858,job_13865,13865,297,595,17
43860,job_13866,13866,1747,1064,23
43869,job_13867,13867,374,648,13
43877,job_13868,13868,351,419,10
43878,job_13869,13869,682,2740,49
43879,job_13870,13870,1164,2018,21
43884,job_13871,13871,406,706,7
43893,job_13872,13872,291,482,9
43894,job_13873,13873,907,1419,21
43900,job_13874,13874,231,485,13
43900,job_13875,13875,1342,1623,27
43909,job_13876,13876,191,509,5
43916,job_13877,13877,392,485,10
43925,job_13878,13878,431,367,5
43932,job_13879,13879,346,464,9
43940,job_13880,13880,334,322,12
43946,job_13881,13881,308,605,5
43952,job_13882,13882,318,545,12
43959,job_13883,13883,511,404,13
43963,job_13884,13884,388,553,18
43970,job_13885,13885,205,524,11
43970,job_13886,13886,1586,1865,14
43974,job_13887,13887,440,625,16
43977,job_13888,13888,147,557,14
43980,job_13889,13889,470,460,18
43983,job_13890,13890,370,315,11
43985,job_13891,13891,738,1667,18
43994,job_13892,13892,203,702,12
43996,job_13893,13893,388,480,19
44003,job_13894,13894,316,442,9
44013,job_13895,13895,457,582,5
44020,job_13896,13896,562,529,8
44030,job_13897,13897,321,370,15
44035,job_13898,13898,222,383,11
44043,job_13899,13899,382,591,19
44047,job_13900,13900,322,532,11
44057,job_13901,13901,320,549,19
44065,job_13902,13902,177,516,17
44069,job_13903,13903,318,622,13
44072,job_13904,13904,282,466,7
44081,job_13905,13905,349,565,10
44083,job_13906,13906,1798,3048,29
44085,job_13907,13907,1544,2126,22
44093,job_13908,13908,366,355,16
44099,job_13909,13909,286,533,7
44108,job_13910,13910,353,492,19
44118,job_13911,13911,255,660,20
44128,job_13912,13912,100,454,10
44134,job_13913,13913,312,558,18
44138,job_13914,13914,446,578,18
44140,job_13915,13915,218,557,6
44142,job_13916,13916,1295,1349,12
44144,job_13917,13917,246,645,18
44148,job_13918,13918,316,201,18
44152,job_13919,13919,132,655,10
44154,job_13920,13920,296,413,14
44163,job_13921,13921,257,549,19
44166,job_13922,13922,318,607,11
44174,job_13923,13923,351,513,6
44177,job_13924,13924,159,622,12
44181,job_13925,13925,195,394,20
44185,job_13926,13926,247,550,9
44189,job_13927,13927,205,648,17
44189,job_13928,13928,1444,1452,14
44192,job_13929,13929,279,687,9
44201,job_13930,13930,252,620,18
44211,job_13931,13931,311,501,5
44213,job_13932,13932,221,523,7
44223,job_13933,13933,401,338,16
44227,job_13934,13934,420,387,11
44233,job_13935,13935,346,597,16
44241,job_13936,13936,221,390,12
44245,job_13937,13937,294,481,12
44247,job_13938,13938,388,510,14
44255,job_13939,13939,193,468,8
44264,job_13940,13940,330,497,9
44270,job_13941,13941,189,524,6
44278,job_13942,13942,203,675,19
44285,job_13943,13943,290,514,16
44289,job_13944,13944,301,607,13
44295,job_13945,13945,334,547,18
44305,job_13946,13946,209,559,8
44307,job_13947,13947,311,498,9
44316,job_13948,13948,256,595,9
44325,job_13949,13949,408,628,11
44333,job_13950,13950,271,391,13
44338,job_13951,13951,352,734,6
44345,job_13952,13952,309,422,9
44348,job_13953,13953,352,485,13
44356,job_13954,13954,158,544,6
44362,job_13955,13955,343,391,14
44367,job_13956,13956,301,573,16
44371,job_13957,13957,300,427,12
44380,job_13958,13958,255,504,10
44380,job_13959,13959,711,1553,21
44390,job_13960,13960,199,566,5
44397,job_13961,13961,449,515,18
44399,job_13962,13962,412,585,7
44405,job_13963,13963,328,449,16
44408,job_13964,13964,315,458,15
44413,job_13965,13965,374,431,16
44418,job_13966,13966,193,624,8
44428,job_13967,13967,226,522,9
44432,job_13968,13968,249,562,5
44434,job_13969,13969,1414,2142,34
44436,job_13970,13970,406,546,14
44446,job_13971,13971,426,710,8
44455,job_13972,13972,346,448,9
44465,job_13973,13973,199,527,12
44467,job_13974,13974,368,652,17
44474,job_13975,13975,139,557,7
44475,job_13976,13976,445,1727,47
44479,job_13977,13977,243,583,5
44482,job_13978,13978,407,513,13
44491,job_13979,13979,339,653,11
44499,job_13980,13980,167,497,11
44501,job_13981,13981,343,426,18
44503,job_13982,13982,735,2144,40
44509,job_13983,13983,193,557,10
44516,job_13984,13984,390,423,8
44519,job_13985,13985,281,541,17
44529,job_13986,13986,275,503,16
44538,job_13987,13987,409,572,13
44543,job_13988,13988,346,536,6
44545,job_13989,13989,249,538,16
44553,job_13990,13990,374,555,15
44556,job_13991,13991,299,650,18
44559,job_13992,13992,224,417,7
44566,job_13993,13993,177,711,20
44574,job_13994,13994,396,436,6
44574,job_13995,13995,1262,1338,30
44576,job_13996,13996,1539,1604,34
44583,job_13997,13997,326,534,11
44590,job_13998,13998,484,459,10
44599,job_13999,13999,200,498,6
44606,job_14000,14000,405,560,13
44609,job_14001,14001,276,549,13
44611,job_14002,14002,403,428,6
44617,job_14003,14003,404,581,14
44621,job_14004,14004,293,542,17
44625,job_14005,14005,272,356,18
44630,job_14006,14006,582,447,17
44632,job_14007,14007,249,401,6
44641,job_14008,14008,100,607,10
44649,job_14009,14009,310,578,16
44655,job_14010,14010,320,633,6
44657,job_14011,14011,100,565,19
44667,job_14012,14012,227,555,10
44668,job_14013,14013,1291,666,26
44675,job_14014,14014,112,520,10
44682,job_14015,14015,305,349,14
44691,job_14016,14016,237,501,19
44694,job_14017,14017,338,548,16
44704,job_14018,14018,179,478,15
44710,job_14019,14019,501,565,8
44713,job_14020,14020,395,513,5
44721,job_14021,14021,256,554,17
44731,job_14022,14022,312,505,15
44739,job_14023,14023,324,380,12
44747,job_14024,14024,300,349,6
44751,job_14025,14025,356,599,19
44758,job_14026,14026,370,675,18
44767,job_14027,14027,495,485,9
44774,job_14028,14028,141,672,20
44784,job_14029,14029,177,614,7
44787,job_14030,14030,179,369,12
44796,job_14031,14031,325,525,7
44802,job_14032,14032,175,521,6
44809,job_14033,14033,237,605,12
44817,job_14034,14034,396,486,5
44820,job_14035,14035,496,558,10
44830,job_14036,14036,252,490,16
44838,job_14037,14037,190,638,6
44848,job_14038,14038,196,429,10
44857,job_14039,14039,192,393,7
44861,job_14040,14040,388,537,20
44867,job_14041,14041,359,538,5
44868,job_14042,14042,1694,2426,35
44877,job_14043,14043,225,368,16
44879,job_14044,14044,1416,1333,13
44879,job_14045,14045,1070,2569,44
44885,job_14046,14046,301,380,8
44887,job_14047,14047,1640,1879,17
44894,job_14048,14048,258,525,17
44895,job_14049,14049,1493,1904,19
44899,job_14050,14050,423,288,17
44903,job_14051,14051,326,486,17
44906,job_14052,14052,270,481,10
44916,job_14053,14053,335,437,20
44919,job_14054,14054,214,627,18
44926,job_14055,14055,294,534,12
44931,job_14056,14056,208,410,10
44937,job_14057,14057,176,506,9
44947,job_14058,14058,206,500,5
44951,job_14059,14059,243,568,13
44958,job_14060,14060,229,647,15
44958,job_14061,14061,1190,2334,33
44960,job_14062,14062,251,496,19
44970,job_14063,14063,404,415,13
44976,job_14064,14064,136,560,20
44980,job_14065,14065,377,452,11
44984,job_14066,14066,468,536,14
44994,job_14067,14067,181,334,12
44996,job_14068,14068,254,545,18
44997,job_14069,14069,348,2775,15
45007,job_14070,14070,185,583,19
45011,job_14071,14071,247,373,20
45015,job_14072,14072,288,476,12
45022,job_14073,14073,323,427,16
45024,job_14074,14074,168,316,10
45028,job_14075,14075,382,593,17
45033,job_14076,14076,229,468,12
45041,job_14077,14077,444,468,20
45051,job_14078,14078,376,560,15
45053,job_14079,14079,322,483,8
45058,job_14080,14080,325,408,13
45065,job_14081,14081,440,500,6
45070,job_14082,14082,351,512,12
45074,job_14083,14083,357,516,20
45078,job_14084,14084,235,338,16
45080,job_14085,14085,309,696,15
45082,job_14086,14086,232,519,12
45089,job_14087,14087,100,619,11
45093,job_14088,14088,327,563,20
45102,job_14089,14089,171,477,5
45110,job_14090,14090,296,548,11
45115,job_14091,14091,211,585,8
45118,job_14092,14092,410,128,7
45128,job_14093,14093,301,491,9
45138,job_14094,14094,402,605,8
45146,job_14095,14095,343,716,15
45149,job_14096,14096,276,527,18
45157,job_14097,14097,124,543,9
45159,job_14098,14098,179,536,8
45167,job_14099,14099,264,589,8
45175,job_14100,14100,360,344,9
45185,job_14101,14101,195,389,6
45185,job_14102,14102,1325,2210,28
45190,job_14103,14103,311,435,14
45198,job_14104,14104,295,467,10
45200,job_14105,14105,502,659,10
45208,job_14106,14106,366,565,8
45218,job_14107,14107,562,515,19
45220,job_14108,14108,339,407,19
45228,job_14109,14109,466,326,6
45235,job_14110,14110,368,489,6
45245,job_14111,14111,263,564,19
45255,job_14112,14112,480,478,7
45264,job_14113,14113,177,530,12
45272,job_14114,14114,123,488,13
45281,job_14115,14115,362,406,16
45284,job_14116,14116,396,435,16
45294,job_14117,14117,232,508,17
45296,job_14118,14118,370,613,20
45302,job_14119,14119,287,521,7
45309,job_14120,14120,340,441,13
45317,job_14121,14121,283,540,18
45326,job_14122,14122,241,450,20
45329,job_14123,14123,241,605,10
45337,job_14124,14124,314,421,14
45339,job_14125,14125,1127,1580,18
45346,job_14126,14126,248,477,5
45349,job_14127,14127,344,628,10
45350,job_14128,14128,1515,1641,25
45352,job_14129,14129,456,435,6
45355,job_14130,14130,329,387,9
45358,job_14131,14131,158,496,16
45361,job_14132,14132,376,578,8
45367,job_14133,14133,114,450,16
45369,job_14134,14134,183,523,9
45374,job_14135,14135,195,473,12
45383,job_14136,14136,236,461,20
45385,job_14137,14137,1171,2465,18
45395,job_14138,14138,526,456,14
45400,job_14139,14139,448,672,11
45409,job_14140,14140,402,281,16
45409,job_14141,14141,850,1601,33
45414,job_14142,14142,421,743,17
45414,job_14143,14143,1503,1824,48
45414,job_14144,14144,920,2407,31
45421,job_14145,14145,358,471,7
45424,job_14146,14146,179,558,13
45432,job_14147,14147,217,589,16
45442,job_14148,14148,283,542,12
45447,job_14149,14149,216,439,11
45452,job_14150,14150,297,573,10
45455,job_14151,14151,399,414,7
45465,job_14152,14152,324,613,19
45471,job_14153,14153,393,375,6
45475,job_14154,14154,395,546,11
45479,job_14155,14155,348,550,17
45489,job_14156,14156,150,443,11
45492,job_14157,14157,450,485,18
45498,job_14158,14158,119,466,18
45498,job_14159,14159,1242,1724,41
45503,job_14160,14160,100,404,16
45505,job_14161,14161,270,606,19
45515,job_14162,14162,316,516,20
45517,job_14163,14163,367,474,16
45526,job_14164,14164,380,391,11
45531,job_14165,14165,378,626,5
45531,job_14166,14166,1312,2370,24
45531,job_14167,14167,1449,1402,24
45538,job_14168,14168,238,478,8
45544,job_14169,14169,182,486,15
45546,job_14170,14170,416,613,13
45553,job_14171,14171,249,530,6
45558,job_14172,14172,343,623,5
45568,job_14173,14173,240,605,10
45570,job_14174,14174,410,441,13
45579,job_14175,14175,331,408,9
45584,job_14176,14176,369,476,12
45592,job_14177,14177,360,549,17
45594,job_14178,14178,1284,2466,37
45604,job_14179,14179,111,395,7
45613,job_14180,14180,405,421,8
45615,job_14181,14181,318,549,20
45620,job_14182,14182,133,514,7
45622,job_14183,14183,1288,2058,49
45626,job_14184,14184,362,687,5
45631,job_14185,14185,362,610,17
45634,job_14186,14186,298,468,17
45634,job_14187,14187,1079,2345,49
45644,job_14188,14188,219,492,11
45654,job_14189,14189,433,535,8
45662,job_14190,14190,339,402,6
45668,job_14191,14191,172,597,10
45674,job_14192,14192,240,541,12
45681,job_14193,14193,405,553,18
45686,job_14194,14194,211,664,13
45690,job_14195,14195,387,520,9
45692,job_14196,14196,302,687,10
45701,job_14197,14197,463,461,7
45702,job_14198,14198,1585,1784,18
45709,job_14199,14199,344,429,5
45719,job_14200,14200,268,634,19
45723,job_14201,14201,479,554,18
45729,job_14202,14202,118,640,20
45735,job_14203,14203,442,617,10
45745,job_14204,14204,111,381,11
45749,job_14205,14205,201,548,13
45755,job_14206,14206,309,570,6
45763,job_14207,14207,276,526,9
45771,job_14208,14208,146,634,8
45777,job_14209,14209,256,618,6
45780,job_14210,14210,372,498,12
45782,job_14211,14211,315,379,7
45784,job_14212,14212,287,415,7
45786,job_14213,14213,189,669,8
45792,job_14214,14214,444,391,17
45794,job_14215,14215,1249,1782,50
45797,job_14216,14216,373,470,19
45803,job_14217,14217,269,489,12
45807,job_14218,14218,132,517,13
45809,job_14219,14219,229,527,16
45811,job_14220,14220,1425,1854,48
45812,job_14221,14221,1476,2646,46
45819,job_14222,14222,243,751,5
45825,job_14223,14223,303,339,20
45827,job_14224,14224,381,352,17
45837,job_14225,14225,309,514,12
45839,job_14226,14226,359,575,19
45845,job_14227,14227,442,443,15
45852,job_14228,14228,339,447,16
45854,job_14229,14229,1024,1597,34
45862,job_14230,14230,289,463,20
45865,job_14231,14231,200,572,10
45875,job_14232,14232,150,587,6
45885,job_14233,14233,124,420,6
45890,job_14234,14234,462,596,7
45898,job_14235,14235,182,434,5
45902,job_14236,14236,381,597,5
45909,job_14237,14237,146,554,17
45909,job_14238,14238,955,3262,13
45919,job_14239,14239,354,598,8
45925,job_14240,14240,266,631,12
45933,job_14241,14241,224,547,16
45936,job_14242,14242,299,348,14
45946,job_14243,14243,100,358,6
45949,job_14244,14244,479,469,15
45959,job_14245,14245,359,428,12
45960,job_14246,14246,739,1172,22
45969,job_14247,14247,367,453,5
45976,job_14248,14248,386,636,9
45980,job_14249,14249,260,483,5
45986,job_14250,14250,440,341,20
45989,job_14251,14251,427,568,14
45991,job_14252,14252,191,480,19
45993,job_14253,14253,1257,1268,13
45993,job_14254,14254,1363,2511,42
45997,job_14255,14255,237,333,14
46003,job_14256,14256,365,556,11
46013,job_14257,14257,161,607,15
46019,job_14258,14258,256,624,14
46024,job_14259,14259,310,476,12
46030,job_14260,14260,208,495,6
46035,job_14261,14261,357,507,18
46040,job_14262,14262,352,482,19
46049,job_14263,14263,448,520,5
46056,job_14264,14264,341,681,9
46063,job_14265,14265,157,380,8
46073,job_14266,14266,238,477,7
46076,job_14267,14267,513,463,18
46080,job_14268,14268,473,315,12
46090,job_14269,14269,255,461,20
46098,job_14270,14270,309,493,13
46106,job_14271,14271,260,405,5
46109,job_14272,14272,358,574,19
46111,job_14273,14273,1289,1400,17
46115,job_14274,14274,215,395,12
46125,job_14275,14275,213,560,5
46129,job_14276,14276,218,507,11
46139,job_14277,14277,216,343,9
46147,job_14278,14278,335,531,19
46149,job_14279,14279,389,643,17
46155,job_14280,14280,209,567,9
46157,job_14281,14281,228,377,20
46167,job_14282,14282,359,436,6
46168,job_14283,14283,1398,2471,49
46170,job_14284,14284,221,602,18
46178,job_14285,14285,272,517,7
46188,job_14286,14286,306,487,17
46194,job_14287,14287,278,574,8
46196,job_14288,14288,305,616,19
46199,job_14289,14289,218,630,9
46201,job_14290,14290,257,485,8
46202,job_14291,14291,795,1574,36
46210,job_14292,14292,341,567,13
46214,job_14293,14293,315,581,5
46223,job_14294,14294,438,519,12
46233,job_14295,14295,434,547,8
46238,job_14296,14296,334,506,14
46240,job_14297,14297,311,467,19
46242,job_14298,14298,320,550,20
46250,job_14299,14299,264,565,18
46253,job_14300,14300,290,499,20
46258,job_14301,14301,467,614,5
46267,job_14302,14302,252,511,19
46277,job_14303,14303,226,431,14
46278,job_14304,14304,885,2178,49
46284,job_14305,14305,263,471,17
46285,job_14306,14306,1480,1558,25
46285,job_14307,14307,1215,2926,10
46288,job_14308,14308,479,338,14
46298,job_14309,14309,210,658,5
46302,job_14310,14310,376,427,18
46307,job_14311,14311,340,453,20
46310,job_14312,14312,215,548,7
46310,job_14313,14313,1162,2682,24
46317,job_14314,14314,451,669,15
46323,job_14315,14315,409,529,6
46330,job_14316,14316,223,397,11
46338,job_14317,14317,114,605,6
46339,job_14318,14318,1171,967,18
46349,job_14319,14319,258,498,7
46353,job_14320,14320,488,507,10
46362,job_14321,14321,368,348,11
46368,job_14322,14322,217,713,17
46377,job_14323,14323,505,587,11
46381,job_14324,14324,448,355,17
46383,job_14325,14325,336,574,9
46393,job_14326,14326,280,505,6
46397,job_14327,14327,348,664,15
46400,job_14328,14328,416,326,10
46402,job_14329,14329,363,596,19
46405,job_14330,14330,240,370,15
46411,job_14331,14331,271,752,20
46418,job_14332,14332,271,314,5
46421,job_14333,14333,413,394,17
46425,job_14334,14334,420,539,12
46432,job_14335,14335,269,489,6
46433,job_14336,14336,1589,2328,22
46433,job_14337,14337,1280,1995,22
46436,job_14338,14338,208,574,9
46445,job_14339,14339,156,718,18
46451,job_14340,14340,316,361,9
46458,job_14341,14341,260,466,14
46463,job_14342,14342,256,500,7
46471,job_14343,14343,233,560,18
46479,job_14344,14344,220,492,20
46482,job_14345,14345,264,456,18
46484,job_14346,14346,153,438,17
46485,job_14347,14347,1329,2701,28
46495,job_14348,14348,227,532,5
46500,job_14349,14349,333,357,8
46503,job_14350,14350,284,421,11
46505,job_14351,14351,1161,2524,49
46511,job_14352,14352,304,466,7
46517,job_14353,14353,239,534,5
46526,job_14354,14354,285,668,16
46535,job_14355,14355,342,560,9
46543,job_14356,14356,199,636,11
46551,job_14357,14357,249,452,7
46561,job_14358,14358,416,409,5
46570,job_14359,14359,290,577,18
46571,job_14360,14360,1445,1901,49
46575,job_14361,14361,244,355,5
46578,job_14362,14362,277,366,20
46587,job_14363,14363,370,587,6
46593,job_14364,14364,115,487,20
46599,job_14365,14365,221,639,12
46600,job_14366,14366,1273,2921,13
46609,job_14367,14367,292,556,13
46614,job_14368,14368,426,418,14
46618,job_14369,14369,334,561,15
46627,job_14370,14370,285,557,20
46634,job_14371,14371,192,562,15
46641,job_14372,14372,402,596,5
46651,job_14373,14373,326,482,15
46658,job_14374,14374,205,507,8
46659,job_14375,14375,1247,1486,25
46663,job_14376,14376,246,462,15
46667,job_14377,14377,206,572,9
46673,job_14378,14378,250,549,12
46679,job_14379,14379,228,582,15
46681,job_14380,14380,363,557,20
46685,job_14381,14381,135,512,9
46691,job_14382,14382,469,672,8
46699,job_14383,14383,100,299,15
46699,job_14384,14384,1303,1505,28
46703,job_14385,14385,242,645,7
46706,job_14386,14386,418,554,15
46707,job_14387,14387,548,1928,40
46717,job_14388,14388,223,437,20
46727,job_14389,14389,339,541,7
46736,job_14390,14390,451,479,19
46736,job_14391,14391,1787,1522,30
46741,job_14392,14392,295,710,13
46750,job_14393,14393,280,458,8
46752,job_14394,14394,703,1959,46
46754,job_14395,14395,288,495,16
46761,job_14396,14396,219,579,11
46768,job_14397,14397,451,528,15
46773,job_14398,14398,130,478,13
46775,job_14399,14399,1260,1738,18
46785,job_14400,14400,395,644,10
46793,job_14401,14401,148,593,15
46796,job_14402,14402,273,548,13
46802,job_14403,14403,558,506,10
46812,job_14404,14404,243,534,9
46814,job_14405,14405,431,741,8
46816,job_14406,14406,1457,3043,37
46819,job_14407,14407,233,378,5
46826,job_14408,14408,306,487,19
46831,job_14409,14409,274,554,7
46833,job_14410,14410,837,2764,13
46843,job_14411,14411,254,467,8
46847,job_14412,14412,368,455,18
46849,job_14413,14413,1634,2444,44
46851,job_14414,14414,784,2178,34
46856,job_14415,14415,327,539,18
46862,job_14416,14416,126,556,6
46872,job_14417,14417,173,479,13
46878,job_14418,14418,260,509,16
46882,job_14419,14419,371,636,6
46884,job_14420,14420,986,1976,28
46887,job_14421,14421,363,559,5
46891,job_14422,14422,330,312,8
46893,job_14423,14423,522,577,19
46893,job_14424,14424,1300,1434,41
46902,job_14425,14425,424,504,16
46909,job_14426,14426,328,458,6
46915,job_14427,14427,334,496,5
46916,job_14428,14428,1133,1679,34
46924,job_14429,14429,407,487,17
46927,job_14430,14430,356,502,5
46934,job_14431,14431,231,443,7
46941,job_14432,14432,298,440,15
46947,job_14433,14433,414,412,20
46947,job_14434,14434,1256,1533,39
46949,job_14435,14435,270,411,20
46955,job_14436,14436,422,445,14
46964,job_14437,14437,300,695,12
46974,job_14438,14438,232,541,14
46979,job_14439,14439,607,506,10
46989,job_14440,14440,398,342,19
46989,job_14441,14441,875,2737,50
46991,job_14442,14442,943,2334,16
46999,job_14443,14443,141,690,7
47003,job_14444,14444,531,573,20
47007,job_14445,14445,325,516,8
47014,job_14446,14446,168,505,6
47016,job_14447,14447,324,477,18
47025,job_14448,14448,146,470,8
47034,job_14449,14449,223,462,18
47039,job_14450,14450,256,584,19
47039,job_14451,14451,1717,1354,30
47044,job_14452,14452,294,459,20
47051,job_14453,14453,264,613,11
47055,job_14454,14454,156,479,20
47059,job_14455,14455,243,504,5
47061,job_14456,14456,376,327,5
47063,job_14457,14457,334,411,16
47066,job_14458,14458,522,435,8
47071,job_14459,14459,404,592,14
47080,job_14460,14460,354,352,13
47087,job_14461,14461,353,368,15
47091,job_14462,14462,100,466,17
47101,job_14463,14463,348,435,14
47110,job_14464,14464,341,570,8
47112,job_14465,14465,298,383,17
47113,job_14466,14466,1470,1909,49
47113,job_14467,14467,1259,1913,37
47121,job_14468,14468,100,344,18
47129,job_14469,14469,168,463,5
47137,job_14470,14470,192,324,18
47147,job_14471,14471,226,458,14
47149,job_14472,14472,1199,2179,36
47151,job_14473,14473,1104,1969,35
47155,job_14474,14474,373,254,8
47157,job_14475,14475,1501,1972,44
47159,job_14476,14476,202,557,15
47161,job_14477,14477,232,535,6
47161,job_14478,14478,1272,2608,28
47167,job_14479,14479,247,369,13
47167,job_14480,14480,1130,1586,27
47175,job_14481,14481,194,527,20
47176,job_14482,14482,903,1018,40
47184,job_14483,14483,195,425,12
47186,job_14484,14484,187,593,14
47188,job_14485,14485,869,1884,29
47188,job_14486,14486,889,1824,41
47190,job_14487,14487,202,666,11
47200,job_14488,14488,249,331,15
47205,job_14489,14489,376,479,18
47210,job_14490,14490,403,475,6
47212,job_14491,14491,1266,1887,45
47217,job_14492,14492,183,545,14
47221,job_14493,14493,228,593,6
47225,job_14494,14494,290,562,15
47232,job_14495,14495,405,614,11
47234,job_14496,14496,903,1610,49
47238,job_14497,14497,354,484,13
47246,job_14498,14498,335,655,19
47252,job_14499,14499,300,549,11
47259,job_14500,14500,250,546,11
47263,job_14501,14501,461,581,7
47272,job_14502,14502,440,533,6
47276,job_14503,14503,452,565,13
47283,job_14504,14504,338,610,11
47286,job_14505,14505,282,528,5
47292,job_14506,14506,354,465,18
47293,job_14507,14507,883,1865,38
47296,job_14508,14508,452,337,19
47298,job_14509,14509,1550,2120,36
47308,job_14510,14510,359,413,7
47311,job_14511,14511,225,392,12
47316,job_14512,14512,295,667,10
47322,job_14513,14513,226,332,12
47325,job_14514,14514,435,416,12
47326,job_14515,14515,1086,2114,24
47332,job_14516,14516,351,510,14
47334,job_14517,14517,489,530,8
47343,job_14518,14518,381,310,13
47349,job_14519,14519,364,549,20
47355,job_14520,14520,454,487,19
47364,job_14521,14521,126,548,13
47366,job_14522,14522,728,2338,15
47368,job_14523,14523,100,420,20
47376,job_14524,14524,244,601,16
47378,job_14525,14525,1094,2034,31
47382,job_14526,14526,437,330,7
47391,job_14527,14527,185,373,13
47394,job_14528,14528,332,499,13
47394,job_14529,14529,1253,1700,37
47398,job_14530,14530,259,563,7
47408,job_14531,14531,217,425,19
47415,job_14532,14532,181,583,14
47423,job_14533,14533,255,640,15
47429,job_14534,14534,100,462,9
47437,job_14535,14535,320,630,20
47444,job_14536,14536,464,545,13
47451,job_14537,14537,333,578,17
47460,job_14538,14538,394,542,18
47463,job_14539,14539,290,453,7
47473,job_14540,14540,268,626,10
47480,job_14541,14541,450,556,19
47490,job_14542,14542,357,602,12
47496,job_14543,14543,487,568,8
47496,job_14544,14544,1554,2351,34
47498,job_14545,14545,166,570,14
47506,job_14546,14546,378,609,12
47508,job_14547,14547,1174,1306,31
47516,job_14548,14548,428,424,19
47518,job_14549,14549,1442,2390,15
47528,job_14550,14550,194,679,6
47529,job_14551,14551,1206,2164,18
47529,job_14552,14552,1316,1332,18
47531,job_14553,14553,361,503,20
47541,job_14554,14554,256,459,13
47543,job_14555,14555,100,600,14
47549,job_14556,14556,181,645,8
47557,job_14557,14557,323,283,10
47558,job_14558,14558,267,2081,31
47562,job_14559,14559,104,533,9
47564,job_14560,14560,261,477,13
47571,job_14561,14561,300,538,18
47571,job_14562,14562,1299,2445,29
47575,job_14563,14563,413,408,7
47575,job_14564,14564,927,1761,15
47580,job_14565,14565,182,430,15
47585,job_14566,14566,364,421,7
47588,job_14567,14567,221,545,19
47592,job_14568,14568,259,506,19
47602,job_14569,14569,406,445,18
47611,job_14570,14570,302,308,6
47621,job_14571,14571,409,557,17
47622,job_14572,14572,846,2072,32
47628,job_14573,14573,155,505,19
47630,job_14574,14574,249,502,6
47632,job_14575,14575,270,278,6
47640,job_14576,14576,247,641,14
47640,job_14577,14577,1491,3237,31
47641,job_14578,14578,1418,1620,29
47643,job_14579,14579,1126,1872,40
47653,job_14580,14580,205,490,10
47661,job_14581,14581,334,643,11
47670,job_14582,14582,321,648,5
47678,job_14583,14583,316,430,10
47680,job_14584,14584,1445,2556,45
47690,job_14585,14585,296,548,5
47692,job_14586,14586,1221,2124,28
47700,job_14587,14587,198,447,12
47704,job_14588,14588,124,371,12
47707,job_14589,14589,432,437,7
47708,job_14590,14590,1619,2297,29
47710,job_14591,14591,309,504,5
47719,job_14592,14592,506,425,15
47723,job_14593,14593,234,590,19
47725,job_14594,14594,1639,2438,47
47726,job_14595,14595,910,2255,30
47730,job_14596,14596,123,578,13
47735,job_14597,14597,323,441,19
47743,job_14598,14598,241,470,20
47749,job_14599,14599,311,308,14
47752,job_14600,14600,264,468,13
47752,job_14601,14601,1176,2084,33
47760,job_14602,14602,283,436,16
47764,job_14603,14603,165,642,16
47766,job_14604,14604,529,2292,35
47769,job_14605,14605,588,489,10
47777,job_14606,14606,210,600,7
47783,job_14607,14607,410,490,15
47791,job_14608,14608,186,601,11
47792,job_14609,14609,1224,2194,39
47795,job_14610,14610,237,424,19
47801,job_14611,14611,278,609,9
47804,job_14612,14612,590,458,17
47806,job_14613,14613,300,550,16
47806,job_14614,14614,1691,2966,12
47811,job_14615,14615,279,422,14
47812,job_14616,14616,904,1973,43
47822,job_14617,14617,488,494,13
47831,job_14618,14618,555,438,20
47833,job_14619,14619,397,635,12
47838,job_14620,14620,470,396,8
47841,job_14621,14621,362,518,12
47846,job_14622,14622,458,593,11
47849,job_14623,14623,301,454,11
47857,job_14624,14624,243,406,7
47865,job_14625,14625,440,593,17
47867,job_14626,14626,1632,2596,44
47873,job_14627,14627,397,375,12
47874,job_14628,14628,827,1126,10
47874,job_14629,14629,1487,1786,39
47881,job_14630,14630,224,400,8
47885,job_14631,14631,379,465,14
47887,job_14632,14632,287,554,7
47890,job_14633,14633,218,498,10
47890,job_14634,14634,793,3103,15
47899,job_14635,14635,273,534,18
47907,job_14636,14636,422,493,7
47910,job_14637,14637,432,562,10
47920,job_14638,14638,327,511,5
47928,job_14639,14639,416,570,6
47930,job_14640,14640,1801,1803,46
47933,job_14641,14641,244,611,18
47933,job_14642,14642,1898,2496,44
47935,job_14643,14643,241,499,18
47937,job_14644,14644,430,499,18
47939,job_14645,14645,1027,2063,25
47943,job_14646,14646,285,650,5
47951,job_14647,14647,227,586,20
47961,job_14648,14648,241,380,14
47969,job_14649,14649,291,493,11
47971,job_14650,14650,1004,2432,42
47971,job_14651,14651,994,1876,38
47976,job_14652,14652,590,445,11
47979,job_14653,14653,237,306,10
47981,job_14654,14654,357,653,17
47982,job_14655,14655,1046,2673,38
47988,job_14656,14656,297,418,19
47997,job_14657,14657,268,538,20
48006,job_14658,14658,263,389,6
48010,job_14659,14659,199,499,14
48014,job_14660,14660,415,524,6
48020,job_14661,14661,357,495,8
48029,job_14662,14662,175,370,17
48031,job_14663,14663,1337,2668,10
48037,job_14664,14664,288,525,8
48046,job_14665,14665,265,475,8
48051,job_14666,14666,287,605,18
48057,job_14667,14667,225,543,7
48057,job_14668,14668,1459,544,11
48063,job_14669,14669,264,428,10
48070,job_14670,14670,254,543,17
48080,job_14671,14671,405,496,12
48084,job_14672,14672,221,437,18
48086,job_14673,14673,819,2430,36
48091,job_14674,14674,191,516,19
48093,job_14675,14675,1696,2134,23
48095,job_14676,14676,1607,2278,46
48097,job_14677,14677,389,526,17
48099,job_14678,14678,453,391,6
48107,job_14679,14679,372,511,17
48115,job_14680,14680,310,449,6
48115,job_14681,14681,1190,1332,33
48120,job_14682,14682,177,581,10
48122,job_14683,14683,364,716,17
48124,job_14684,14684,303,572,18
48127,job_14685,14685,374,358,9
48129,job_14686,14686,974,1931,49
48138,job_14687,14687,367,475,10
48143,job_14688,14688,421,504,19
48145,job_14689,14689,100,466,11
48145,job_14690,14690,1314,1464,30
48153,job_14691,14691,465,675,12
48158,job_14692,14692,100,609,19
48159,job_14693,14693,1840,2242,12
48161,job_14694,14694,1292,1908,14
48171,job_14695,14695,100,632,20
48172,job_14696,14696,937,2032,11
48180,job_14697,14697,269,549,6
48186,job_14698,14698,407,577,18
48193,job_14699,14699,489,525,7
48203,job_14700,14700,322,589,5
48204,job_14701,14701,1644,1159,38
48206,job_14702,14702,286,619,18
48213,job_14703,14703,406,714,6
48216,job_14704,14704,189,359,6
48220,job_14705,14705,373,393,19
48222,job_14706,14706,179,439,9
48223,job_14707,14707,1318,2208,31
48230,job_14708,14708,284,296,15
48238,job_14709,14709,277,577,17
48241,job_14710,14710,413,535,14
48243,job_14711,14711,1389,1726,48
48245,job_14712,14712,768,1447,21
48253,job_14713,14713,100,374,9
48256,job_14714,14714,157,543,11
48263,job_14715,14715,244,551,17
48265,job_14716,14716,1878,2041,24
48266,job_14717,14717,1359,1489,47
48270,job_14718,14718,279,483,6
48274,job_14719,14719,339,521,17
48276,job_14720,14720,1230,1562,19
48281,job_14721,14721,496,554,16
48289,job_14722,14722,197,456,20
48299,job_14723,14723,221,741,9
48309,job_14724,14724,357,496,6
48313,job_14725,14725,440,560,10
48314,job_14726,14726,830,871,35
48314,job_14727,14727,1289,1659,17
48322,job_14728,14728,411,510,9
48332,job_14729,14729,240,663,10
48342,job_14730,14730,431,439,8
48348,job_14731,14731,258,433,18
48350,job_14732,14732,1700,2152,12
48352,job_14733,14733,308,547,6
48358,job_14734,14734,200,522,20
48360,job_14735,14735,345,555,6
48366,job_14736,14736,181,579,18
48376,job_14737,14737,143,585,18
48384,job_14738,14738,416,461,10
48385,job_14739,14739,1159,2024,16
48386,job_14740,14740,1060,1792,11
48386,job_14741,14741,1089,1927,37
48386,job_14742,14742,1398,1829,27
48395,job_14743,14743,238,571,15
48402,job_14744,14744,153,537,5
48403,job_14745,14745,1015,2387,48
48412,job_14746,14746,100,536,9
48421,job_14747,14747,321,446,8
48426,job_14748,14748,216,486,19
48435,job_14749,14749,210,618,17
48437,job_14750,14750,170,490,9
48439,job_14751,14751,1113,2289,28
48449,job_14752,14752,392,603,6
48454,job_14753,14753,189,517,16
48454,job_14754,14754,1285,1555,23
48463,job_14755,14755,247,444,5
48465,job_14756,14756,167,412,9
48473,job_14757,14757,274,462,16
48475,job_14758,14758,1739,1767,49
48481,job_14759,14759,309,423,17
48483,job_14760,14760,784,1900,47
48486,job_14761,14761,399,433,17
48495,job_14762,14762,366,596,9
48505,job_14763,14763,277,519,14
48505,job_14764,14764,1204,1988,29
48511,job_14765,14765,246,455,19
48519,job_14766,14766,282,563,6
48526,job_14767,14767,154,433,11
48535,job_14768,14768,342,591,8
48537,job_14769,14769,854,2004,42
48544,job_14770,14770,354,507,12
48545,job_14771,14771,849,1538,38
48555,job_14772,14772,520,432,17
48555,job_14773,14773,898,1856,16
48560,job_14774,14774,226,511,19
48562,job_14775,14775,346,712,17
48567,job_14776,14776,528,640,19
48569,job_14777,14777,509,491,18
48570,job_14778,14778,1524,1668,35
48570,job_14779,14779,1295,2264,26
48570,job_14780,14780,1148,2414,12
48579,job_14781,14781,390,592,20
48580,job_14782,14782,1430,2322,34
48590,job_14783,14783,416,456,18
48592,job_14784,14784,268,492,15
48601,job_14785,14785,359,528,11
48601,job_14786,14786,1293,1481,10
48610,job_14787,14787,399,437,8
48612,job_14788,14788,1487,1647,50
48614,job_14789,14789,1426,2366,34
48623,job_14790,14790,195,755,12
48631,job_14791,14791,236,404,16
48637,job_14792,14792,376,601,6
48637,job_14793,14793,822,1129,19
48640,job_14794,14794,237,404,8
48643,job_14795,14795,197,390,19
48649,job_14796,14796,247,595,5
48651,job_14797,14797,833,1996,16
48651,job_14798,14798,988,1764,36
48660,job_14799,14799,197,492,19
48660,job_14800,14800,1487,2205,18
48667,job_14801,14801,267,513,6
48669,job_14802,14802,727,3237,10
48671,job_14803,14803,1170,2206,16
48672,job_14804,14804,1438,2280,27
48673,job_14805,14805,1349,2681,34
48680,job_14806,14806,489,360,11
48686,job_14807,14807,346,527,5
48693,job_14808,14808,130,394,20
48693,job_14809,14809,1051,3260,44
48693,job_14810,14810,964,1993,13
48701,job_14811,14811,241,326,15
48702,job_14812,14812,1206,1279,43
48705,job_14813,14813,365,743,12
48707,job_14814,14814,985,1194,17
48717,job_14815,14815,323,639,12
48719,job_14816,14816,248,475,6
48719,job_14817,14817,741,2051,23
48724,job_14818,14818,424,473,14
48730,job_14819,14819,395,447,12
48730,job_14820,14820,771,2447,45
48731,job_14821,14821,964,1779,43
48734,job_14822,14822,296,583,12
48736,job_14823,14823,797,2629,41
48736,job_14824,14824,1129,2278,47
48746,job_14825,14825,353,613,9
48750,job_14826,14826,304,493,9
48751,job_14827,14827,848,2016,27
48752,job_14828,14828,1109,1698,50
48754,job_14829,14829,1341,2168,44
48763,job_14830,14830,419,458,6
48765,job_14831,14831,1069,1765,13
48769,job_14832,14832,328,479,19
48769,job_14833,14833,1440,2760,39
48771,job_14834,14834,299,486,7
48772,job_14835,14835,1235,2728,29
48774,job_14836,14836,1061,2725,24
48774,job_14837,14837,1053,1368,14
48781,job_14838,14838,397,519,6
48785,job_14839,14839,314,495,14
48787,job_14840,14840,1359,2007,32
48790,job_14841,14841,356,510,11
48795,job_14842,14842,129,545,12
48803,job_14843,14843,426,423,11
48810,job_14844,14844,124,391,5
48811,job_14845,14845,929,2638,41
48811,job_14846,14846,949,3302,39
48812,job_14847,14847,1222,2146,45
48818,job_14848,14848,191,554,9
48820,job_14849,14849,1222,2154,35
48827,job_14850,14850,183,519,14
48827,job_14851,14851,953,1322,34
48831,job_14852,14852,507,649,12
48832,job_14853,14853,1479,1734,45
48832,job_14854,14854,618,2133,20
48833,job_14855,14855,1121,1989,19
48834,job_14856,14856,1555,1577,43
48835,job_14857,14857,1030,1194,10
48835,job_14858,14858,1261,1996,43
48842,job_14859,14859,349,498,5
48849,job_14860,14860,384,438,20
48856,job_14861,14861,290,373,6
48857,job_14862,14862,1577,2090,33
48866,job_14863,14863,150,510,6
48875,job_14864,14864,183,578,14
48877,job_14865,14865,1576,1439,21
48878,job_14866,14866,994,3261,28
48880,job_14867,14867,1225,1954,33
48883,job_14868,14868,539,535,16
48885,job_14869,14869,1351,1850,20
48889,job_14870,14870,229,578,9
48897,job_14871,14871,298,472,19
48897,job_14872,14872,1380,2184,30
48897,job_14873,14873,1616,2304,43
48902,job_14874,14874,349,480,17
48903,job_14875,14875,1340,2310,46
48906,job_14876,14876,225,425,6
48916,job_14877,14877,166,477,5
48919,job_14878,14878,427,532,8
48919,job_14879,14879,969,2084,41
48924,job_14880,14880,311,411,16
48924,job_14881,14881,878,2015,23
48929,job_14882,14882,119,636,12
48934,job_14883,14883,334,490,14
48935,job_14884,14884,1165,2113,41
48944,job_14885,14885,342,455,11
48948,job_14886,14886,100,480,7
48958,job_14887,14887,285,624,19
48961,job_14888,14888,334,360,16
48961,job_14889,14889,1027,1973,35
48969,job_14890,14890,540,458,15
48972,job_14891,14891,306,608,17
48972,job_14892,14892,1400,1881,28
48979,job_14893,14893,254,616,5
48983,job_14894,14894,400,483,11
48986,job_14895,14895,411,432,17
48994,job_14896,14896,226,489,8
48996,job_14897,14897,696,1688,33
48998,job_14898,14898,1553,1646,30
48999,job_14899,14899,901,1834,37
49001,job_14900,14900,273,511,13
49010,job_14901,14901,257,575,7
49011,job_14902,14902,1181,1990,35
49020,job_14903,14903,361,572,9
49020,job_14904,14904,968,2635,32
49024,job_14905,14905,346,473,19
49026,job_14906,14906,1858,1696,44
49030,job_14907,14907,370,568,19
49031,job_14908,14908,1105,1935,40
49040,job_14909,14909,315,463,7
49050,job_14910,14910,214,484,11
49053,job_14911,14911,568,588,17
49061,job_14912,14912,370,497,10
49061,job_14913,14913,1338,2141,23
49063,job_14914,14914,1348,1586,28
49065,job_14915,14915,1058,2028,42
49065,job_14916,14916,1184,999,15
49071,job_14917,14917,214,431,14
49081,job_14918,14918,328,574,7
49081,job_14919,14919,553,1788,11
49085,job_14920,14920,404,516,13
49090,job_14921,14921,253,565,10
49091,job_14922,14922,1159,3075,36
49091,job_14923,14923,861,1748,16
49094,job_14924,14924,423,531,18
49102,job_14925,14925,184,530,16
49103,job_14926,14926,1320,1635,25
49111,job_14927,14927,364,406,6
49116,job_14928,14928,314,492,5
49116,job_14929,14929,1536,2197,38
49124,job_14930,14930,313,351,15
49134,job_14931,14931,300,565,8
49137,job_14932,14932,351,739,11
49139,job_14933,14933,641,1984,26
49139,job_14934,14934,1130,2173,22
49139,job_14935,14935,1262,2311,15
49140,job_14936,14936,1202,2250,22
49142,job_14937,14937,244,523,17
49143,job_14938,14938,831,1662,32
49145,job_14939,14939,170,641,11
49147,job_14940,14940,1486,1403,32
49156,job_14941,14941,265,569,16
49157,job_14942,14942,1619,1710,46
49166,job_14943,14943,302,627,18
49174,job_14944,14944,309,461,9
49174,job_14945,14945,724,2538,19
49177,job_14946,14946,249,443,16
49179,job_14947,14947,398,521,16
49189,job_14948,14948,477,489,8
49189,job_14949,14949,1430,2172,17
49189,job_14950,14950,861,2744,24
49199,job_14951,14951,462,437,9
49201,job_14952,14952,100,482,16
49203,job_14953,14953,296,199,7
49210,job_14954,14954,100,352,6
49212,job_14955,14955,1425,1851,20
49213,job_14956,14956,1096,1951,22
49217,job_14957,14957,254,608,7
49217,job_14958,14958,1206,2934,12
49224,job_14959,14959,279,338,20
49233,job_14960,14960,247,462,20
49238,job_14961,14961,393,403,11
49238,job_14962,14962,1371,2469,35
49239,job_14963,14963,1281,1982,12
49239,job_14964,14964,831,2299,16
49240,job_14965,14965,1548,3293,47
49245,job_14966,14966,472,511,16
49245,job_14967,14967,1312,2476,45
49255,job_14968,14968,259,519,12
49257,job_14969,14969,1564,2162,19
49259,job_14970,14970,881,2062,36
49267,job_14971,14971,365,603,16
49277,job_14972,14972,405,534,10
49286,job_14973,14973,218,438,17
49286,job_14974,14974,979,1876,49
49286,job_14975,14975,1154,1941,13
49288,job_14976,14976,685,1074,28
49290,job_14977,14977,1563,1959,30
49294,job_14978,14978,113,441,16
49296,job_14979,14979,1036,3739,47
49301,job_14980,14980,258,499,16
49305,job_14981,14981,266,512,20
49306,job_14982,14982,1149,2240,50
49313,job_14983,14983,291,392,17
49322,job_14984,14984,259,499,18
49330,job_14985,14985,234,495,5
49339,job_14986,14986,345,496,19
49341,job_14987,14987,1172,2007,42
49344,job_14988,14988,385,584,5
49345,job_14989,14989,1338,1748,29
49345,job_14990,14990,1349,1932,30
49354,job_14991,14991,220,474,16
49356,job_14992,14992,1439,982,45
49365,job_14993,14993,270,505,9
49366,job_14994,14994,787,2420,49
49367,job_14995,14995,856,1622,24
49377,job_14996,14996,329,420,17
49377,job_14997,14997,730,1503,50
49379,job_14998,14998,320,480,13
49383,job_14999,14999,261,568,17
49392,job_15000,15000,491,661,5
49392,job_15001,15001,1419,1770,11
49392,job_15002,15002,1380,2572,48
49393,job_15003,15003,1205,1543,25
49401,job_15004,15004,328,439,6
49403,job_15005,15005,175,518,5
49413,job_15006,15006,346,505,11
49414,job_15007,15007,1260,1281,25
49415,job_15008,15008,1529,1984,23
49415,job_15009,15009,723,2498,48
49425,job_15010,15010,310,486,9
49432,job_15011,15011,294,387,20
49439,job_15012,15012,261,543,15
49440,job_15013,15013,1393,2114,39
49442,job_15014,15014,612,1806,27
49449,job_15015,15015,282,428,15
49451,job_15016,15016,428,480,10
49459,job_15017,15017,414,429,18
49460,job_15018,15018,1234,2192,25
49462,job_15019,15019,1321,2792,41
49464,job_15020,15020,255,540,14
49472,job_15021,15021,239,637,11
49473,job_15022,15022,1035,2202,14
49475,job_15023,15023,1294,2426,44
49475,job_15024,15024,1072,1510,36
49482,job_15025,15025,495,469,15
49482,job_15026,15026,976,2603,38
49483,job_15027,15027,906,1538,40
49489,job_15028,15028,403,466,16
49499,job_15029,15029,434,412,13
49501,job_15030,15030,905,2839,25
49508,job_15031,15031,366,372,12
49510,job_15032,15032,278,742,7
49510,job_15033,15033,952,2448,15
49512,job_15034,15034,194,498,18
49519,job_15035,15035,333,618,11
49520,job_15036,15036,699,983,14
49521,job_15037,15037,992,2790,37
49522,job_15038,15038,842,812,42
49524,job_15039,15039,437,549,20
49526,job_15040,15040,177,491,15
49534,job_15041,15041,257,452,9
49534,job_15042,15042,1590,1718,26
49536,job_15043,15043,1262,2302,26
49540,job_15044,15044,638,685,7
49541,job_15045,15045,881,2134,27
49541,job_15046,15046,1190,1789,25
49550,job_15047,15047,387,516,13
49552,job_15048,15048,296,549,8
49561,job_15049,15049,198,562,11
49564,job_15050,15050,356,497,9
49571,job_15051,15051,341,649,20
49573,job_15052,15052,955,2038,15
49575,job_15053,15053,1455,3117,36
49579,job_15054,15054,271,528,9
49580,job_15055,15055,1611,1729,39
49586,job_15056,15056,278,472,18
49595,job_15057,15057,446,480,14
49601,job_15058,15058,409,282,17
49601,job_15059,15059,1072,2200,17
49602,job_15060,15060,1298,1759,17
49603,job_15061,15061,615,2627,22
49608,job_15062,15062,269,253,6
49610,job_15063,15063,1077,2750,14
49612,job_15064,15064,1280,2290,21
49613,job_15065,15065,790,2341,32
49615,job_15066,15066,836,2286,34
49617,job_15067,15067,1024,2293,26
49623,job_15068,15068,119,326,15
49628,job_15069,15069,463,564,20
49631,job_15070,15070,277,530,6
49632,job_15071,15071,1465,2409,12
49634,job_15072,15072,1187,1009,21
49635,job_15073,15073,1388,2399,47
49639,job_15074,15074,402,592,14
49645,job_15075,15075,118,613,12
49645,job_15076,15076,1499,2771,27
49645,job_15077,15077,1295,2159,23
49654,job_15078,15078,280,512,13
49662,job_15079,15079,315,538,12
49668,job_15080,15080,368,481,7
49678,job_15081,15081,195,513,11
49679,job_15082,15082,1372,2699,35
49679,job_15083,15083,1373,2629,23
49680,job_15084,15084,1044,3120,23
49688,job_15085,15085,350,482,13
49690,job_15086,15086,216,2054,36
49695,job_15087,15087,122,421,16
49695,job_15088,15088,1044,1703,34
49705,job_15089,15089,370,492,11
49706,job_15090,15090,1597,1617,27
49708,job_15091,15091,291,2443,41
49713,job_15092,15092,366,395,13
49719,job_15093,15093,237,659,8
49721,job_15094,15094,864,2403,26
49729,job_15095,15095,100,603,5
49729,job_15096,15096,1442,1373,19
49730,job_15097,15097,1079,1841,33
49730,job_15098,15098,1380,1795,11
49731,job_15099,15099,1645,2116,13
49732,job_15100,15100,1243,2340,26
49738,job_15101,15101,234,575,6
49738,job_15102,15102,1452,2425,10
49739,job_15103,15103,1045,1569,21
49739,job_15104,15104,1215,2129,10
49741,job_15105,15105,892,2102,33
49743,job_15106,15106,1065,2273,45
49743,job_15107,15107,1250,1484,31
49743,job_15108,15108,1288,1796,12
49743,job_15109,15109,1275,1501,21
49750,job_15110,15110,343,546,15
49751,job_15111,15111,1204,1395,30
49751,job_15112,15112,867,1532,42
49751,job_15113,15113,1506,2567,35
49753,job_15114,15114,1244,1494,31
49755,job_15115,15115,1394,891,21
49756,job_15116,15116,1387,2140,32
49761,job_15117,15117,326,419,11
49768,job_15118,15118,322,457,10
49768,job_15119,15119,1131,1913,33
49776,job_15120,15120,403,606,14
49776,job_15121,15121,1108,1484,41
49778,job_15122,15122,351,688,16
49787,job_15123,15123,369,315,16
49797,job_15124,15124,311,578,11
49798,job_15125,15125,1050,2161,18
49801,job_15126,15126,215,509,10
49804,job_15127,15127,326,696,7
49806,job_15128,15128,1215,2251,21
49812,job_15129,15129,227,684,5
49814,job_15130,15130,1283,1714,43
49817,job_15131,15131,338,545,19
49818,job_15132,15132,804,2282,29
49820,job_15133,15133,1080,1720,10
49822,job_15134,15134,1128,2385,36
49822,job_15135,15135,738,2023,28
49832,job_15136,15136,259,431,8
49834,job_15137,15137,1313,2075,28
49838,job_15138,15138,226,465,7
49839,job_15139,15139,1174,2584,13
49841,job_15140,15140,459,604,11
49846,job_15141,15141,114,480,14
49846,job_15142,15142,1102,2083,45
49846,job_15143,15143,1237,1965,34
49849,job_15144,15144,137,636,18
49850,job_15145,15145,1324,2248,32
49851,job_15146,15146,907,2186,16
49852,job_15147,15147,1340,1052,27
49859,job_15148,15148,281,423,6
49861,job_15149,15149,1316,1507,36
49862,job_15150,15150,894,2302,19
49869,job_15151,15151,462,442,18
49873,job_15152,15152,431,480,13
49873,job_15153,15153,1225,1734,38
49873,job_15154,15154,1057,2706,20
49875,job_15155,15155,1143,2110,31
49883,job_15156,15156,302,639,8
49883,job_15157,15157,894,2385,23
49887,job_15158,15158,313,512,12
49888,job_15159,15159,1197,1339,17
49890,job_15160,15160,1869,1546,35
49891,job_15161,15161,1412,1718,35
49892,job_15162,15162,1332,3012,23
49897,job_15163,15163,121,403,9
49897,job_15164,15164,932,2687,29
49898,job_15165,15165,1228,2491,33
49903,job_15166,15166,240,616,17
49903,job_15167,15167,951,2806,17
49910,job_15168,15168,307,642,17
49915,job_15169,15169,427,587,20
49915,job_15170,15170,1396,2060,50
49915,job_15171,15171,710,1803,44
49925,job_15172,15172,338,439,13
49927,job_15173,15173,1712,2430,11
49927,job_15174,15174,1975,2971,20
49929,job_15175,15175,694,1783,13
49936,job_15176,15176,466,520,13
49938,job_15177,15177,361,537,17
49939,job_15178,15178,1279,2857,10
49939,job_15179,15179,1020,2765,25
49945,job_15180,15180,452,639,7
49945,job_15181,15181,1535,2249,21
49946,job_15182,15182,1295,1910,13
49955,job_15183,15183,255,634,7
49957,job_15184,15184,1415,2495,33
49957,job_15185,15185,1156,2565,37
49966,job_15186,15186,304,542,8
49968,job_15187,15187,941,2546,49
49971,job_15188,15188,294,431,9
49972,job_15189,15189,1543,2395,26
49973,job_15190,15190,1694,2371,44
49975,job_15191,15191,1017,1413,22
49977,job_15192,15192,1021,2374,24
49977,job_15193,15193,1226,1728,25
49987,job_15194,15194,388,448,7
49987,job_15195,15195,950,1612,21
49988,job_15196,15196,597,1957,15
49995,job_15197,15197,355,549,8
49997,job_15198,15198,1275,1910,25
49999,job_15199,15199,1001,2777,50
50006,job_15200,15200,443,560,6
50008,job_15201,15201,1404,1971,38
50009,job_15202,15202,1435,2800,47
50010,job_15203,15203,1351,1337,41
50016,job_15204,15204,316,437,8
50021,job_15205,15205,322,500,15
50022,job_15206,15206,1066,2395,44
50022,job_15207,15207,1309,1923,23
50025,job_15208,15208,301,436,19
50026,job_15209,15209,1228,748,27
50026,job_15210,15210,1461,2011,49
50028,job_15211,15211,920,2455,19
50028,job_15212,15212,1324,1711,30
50029,job_15213,15213,1250,959,14
50038,job_15214,15214,357,530,5
50048,job_15215,15215,308,506,18
50055,job_15216,15216,302,701,16
50056,job_15217,15217,1062,1975,46
50058,job_15218,15218,1271,1303,38
50059,job_15219,15219,1628,2042,41
50065,job_15220,15220,187,516,6
50067,job_15221,15221,948,1825,18
50068,job_15222,15222,1310,1340,49
50068,job_15223,15223,1281,2735,30
50069,job_15224,15224,762,2203,29
50070,job_15225,15225,619,1953,38
50072,job_15226,15226,1545,1638,46
50079,job_15227,15227,265,344,13
50084,job_15228,15228,351,367,11
50085,job_15229,15229,1385,2145,29
50087,job_15230,15230,1383,1513,20
50096,job_15231,15231,262,579,17
50106,job_15232,15232,287,474,19
50112,job_15233,15233,100,492,8
50115,job_15234,15234,167,688,14
50116,job_15235,15235,1598,2096,22
50118,job_15236,15236,1417,2593,44
50119,job_15237,15237,887,1747,34
50120,job_15238,15238,1474,2085,42
50122,job_15239,15239,1376,2422,38
50124,job_15240,15240,384,447,20
50131,job_15241,15241,249,498,16
50131,job_15242,15242,1443,1603,24
50131,job_15243,15243,649,2126,36
50135,job_15244,15244,356,431,18
50145,job_15245,15245,327,501,17
50145,job_15246,15246,1349,1391,14
50146,job_15247,15247,1270,1637,25
50154,job_15248,15248,308,478,12
50155,job_15249,15249,981,1964,49
50157,job_15250,15250,940,1655,33
50157,job_15251,15251,1080,2630,18
50158,job_15252,15252,1415,1863,29
50160,job_15253,15253,1466,2138,39
50160,job_15254,15254,1289,3023,15
50162,job_15255,15255,1246,2228,31
50166,job_15256,15256,350,393,7
50166,job_15257,15257,1538,2279,29
50172,job_15258,15258,191,503,12
50173,job_15259,15259,1251,1771,15
50173,job_15260,15260,1021,2977,49
50180,job_15261,15261,195,514,16
50180,job_15262,15262,1643,1773,21
50185,job_15263,15263,265,375,17
50186,job_15264,15264,1226,3358,35
50192,job_15265,15265,425,308,18
50195,job_15266,15266,295,298,16
50204,job_15267,15267,301,547,10
50206,job_15268,15268,1172,1927,44
50210,job_15269,15269,410,526,9
50213,job_15270,15270,428,414,5
50216,job_15271,15271,314,613,13
50217,job_15272,15272,1114,2586,31
50217,job_15273,15273,1688,1804,29
50217,job_15274,15274,1132,2630,34
50219,job_15275,15275,885,2304,13
50220,job_15276,15276,1007,1970,32
50222,job_15277,15277,1332,2226,12
50230,job_15278,15278,240,441,14
50234,job_15279,15279,215,537,6
50235,job_15280,15280,1106,1856,23
50237,job_15281,15281,294,667,9
50237,job_15282,15282,1169,1663,29
50239,job_15283,15283,999,1618,40
50239,job_15284,15284,1048,1697,30
50240,job_15285,15285,1067,1442,17
50240,job_15286,15286,1346,2110,33
50242,job_15287,15287,1395,2254,48
50247,job_15288,15288,243,355,15
50248,job_15289,15289,102,1721,35
50249,job_15290,15290,695,2412,48
50250,job_15291,15291,922,1980,14
50251,job_15292,15292,1589,1505,11
50252,job_15293,15293,1584,2216,19
50253,job_15294,15294,1353,2325,16
50253,job_15295,15295,1196,1986,39
50255,job_15296,15296,310,539,15
50256,job_15297,15297,1325,1750,43
50258,job_15298,15298,1421,1338,47
50259,job_15299,15299,1254,1824,13
50259,job_15300,15300,1202,1313,44
50260,job_15301,15301,1594,1924,39
50261,job_15302,15302,234,2124,32
50270,job_15303,15303,301,494,6
50270,job_15304,15304,1117,2637,50
50274,job_15305,15305,174,380,6
50275,job_15306,15306,1271,1984,28
50277,job_15307,15307,1160,1254,14
50281,job_15308,15308,100,619,8
50281,job_15309,15309,1824,1704,27
50291,job_15310,15310,337,380,17
50293,job_15311,15311,1545,1793,10
50294,job_15312,15312,567,2062,45
50302,job_15313,15313,284,426,19
50304,job_15314,15314,1335,1238,40
50306,job_15315,15315,1086,1724,10
50307,job_15316,15316,554,1829,46
50309,job_15317,15317,1170,2107,41
50311,job_15318,15318,1478,865,29
50316,job_15319,15319,388,654,5
50318,job_15320,15320,1560,1285,18
50319,job_15321,15321,730,2173,15
50321,job_15322,15322,1466,2503,26
50328,job_15323,15323,278,609,17
50329,job_15324,15324,1483,1305,50
50329,job_15325,15325,1607,1644,24
50331,job_15326,15326,857,1632,35
50331,job_15327,15327,1231,1715,33
50332,job_15328,15328,1136,1718,37
50332,job_15329,15329,884,2445,45
50332,job_15330,15330,871,1279,50
50335,job_15331,15331,193,680,7
50336,job_15332,15332,1491,2050,23
50338,job_15333,15333,1189,2385,18
50346,job_15334,15334,502,457,7
50347,job_15335,15335,1282,2523,15
50348,job_15336,15336,794,1497,15
50353,job_15337,15337,293,561,16
50358,job_15338,15338,354,571,6
50360,job_15339,15339,856,1620,22
50364,job_15340,15340,378,399,14
50372,job_15341,15341,364,431,10
50372,job_15342,15342,930,1268,50
50372,job_15343,15343,1235,1857,11
50378,job_15344,15344,310,586,6
50387,job_15345,15345,219,479,10
50388,job_15346,15346,1212,1263,36
50393,job_15347,15347,358,474,17
50395,job_15348,15348,986,2044,14
50397,job_15349,15349,337,250,5
50397,job_15350,15350,1480,1936,21
50403,job_15351,15351,205,421,8
50403,job_15352,15352,901,2365,20
50405,job_15353,15353,815,3065,37
50407,job_15354,15354,1052,2138,25
50408,job_15355,15355,1348,3226,43
50410,job_15356,15356,1191,2464,22
50411,job_15357,15357,1634,2315,34
50413,job_15358,15358,1247,2955,16
50415,job_15359,15359,1515,2321,35
50420,job_15360,15360,217,457,10
50421,job_15361,15361,1383,2663,17
50427,job_15362,15362,306,525,6
50428,job_15363,15363,884,1770,12
50437,job_15364,15364,336,352,6
50438,job_15365,15365,1286,1537,42
50439,job_15366,15366,1231,2149,31
50439,job_15367,15367,1157,2896,12
50439,job_15368,15368,1082,1860,12
50439,job_15369,15369,1464,1808,21
50448,job_15370,15370,211,455,11
50450,job_15371,15371,352,553,19
50451,job_15372,15372,1574,1765,35
50451,job_15373,15373,1386,1206,10
50451,job_15374,15374,1274,1519,32
50451,job_15375,15375,751,1453,33
50453,job_15376,15376,1146,2185,30
50462,job_15377,15377,426,574,12
50472,job_15378,15378,297,490,9
50475,job_15379,15379,515,558,19
50476,job_15380,15380,1260,2787,38
50478,job_15381,15381,433,595,19
50480,job_15382,15382,1681,1751,15
50480,job_15383,15383,1309,1338,21
50480,job_15384,15384,807,2589,36
50482,job_15385,15385,251,513,17
50484,job_15386,15386,964,1957,30
50486,job_15387,15387,1608,1432,33
50492,job_15388,15388,239,442,8
50493,job_15389,15389,902,1364,36
50498,job_15390,15390,143,352,7
50499,job_15391,15391,1363,2148,19
50501,job_15392,15392,859,2009,45
50503,job_15393,15393,1306,2178,34
50513,job_15394,15394,342,525,12
50513,job_15395,15395,1400,1423,14
50513,job_15396,15396,1704,2020,23
50514,job_15397,15397,1155,2713,33
50515,job_15398,15398,1142,2545,36
50515,job_15399,15399,663,2089,31
50517,job_15400,15400,1266,2299,43
50525,job_15401,15401,392,443,12
50526,job_15402,15402,1194,1685,13
50536,job_15403,15403,344,396,13
50537,job_15404,15404,1168,2418,31
50539,job_15405,15405,1559,2110,16
50541,job_15406,15406,1518,2587,31
50543,job_15407,15407,1063,2067,14
50548,job_15408,15408,309,609,19
50552,job_15409,15409,425,636,20
50557,job_15410,15410,288,439,11
50558,job_15411,15411,1516,1900,41
50559,job_15412,15412,1741,1382,12
50560,job_15413,15413,1012,2864,32
50566,job_15414,15414,485,301,13
50566,job_15415,15415,1372,2167,17
50570,job_15416,15416,232,445,15
50575,job_15417,15417,114,559,12
50575,job_15418,15418,847,2124,50
50576,job_15419,15419,1344,1731,22
50576,job_15420,15420,1667,2197,36
50578,job_15421,15421,571,2525,45
50579,job_15422,15422,1120,1652,47
50579,job_15423,15423,1340,2163,42
50581,job_15424,15424,805,2512,20
50583,job_15425,15425,1501,1295,16
50583,job_15426,15426,1115,2546,16
50583,job_15427,15427,915,2691,48
50584,job_15428,15428,1057,2988,19
50584,job_15429,15429,1611,1039,19
50593,job_15430,15430,334,445,15
50594,job_15431,15431,866,1604,25
50596,job_15432,15432,1258,1789,20
50597,job_15433,15433,1439,1538,39
50598,job_15434,15434,1540,2419,22
50599,job_15435,15435,1139,2376,20
50600,job_15436,15436,1212,2520,13
50602,job_15437,15437,768,2271,16
50604,job_15438,15438,779,1432,42
50614,job_15439,15439,326,369,20
50624,job_15440,15440,175,365,9
50625,job_15441,15441,1352,1988,45
50633,job_15442,15442,452,399,10
50634,job_15443,15443,1330,2464,49
50642,job_15444,15444,269,354,18
50643,job_15445,15445,836,1199,45
50644,job_15446,15446,803,2242,48
50645,job_15447,15447,1663,1531,19
50649,job_15448,15448,227,586,8
50652,job_15449,15449,466,694,8
50653,job_15450,15450,1192,1740,40
50654,job_15451,15451,601,2811,32
50663,job_15452,15452,299,570,18
50663,job_15453,15453,1308,1641,32
50672,job_15454,15454,343,429,18
50672,job_15455,15455,1107,2099,12
50673,job_15456,15456,864,2329,38
50674,job_15457,15457,1410,2336,27
50676,job_15458,15458,1390,2440,36
50685,job_15459,15459,327,628,14
50686,job_15460,15460,1508,3092,10
50687,job_15461,15461,869,1628,48
50688,job_15462,15462,1501,1970,10
50688,job_15463,15463,896,2136,26
50690,job_15464,15464,1007,2634,49
50690,job_15465,15465,1162,2093,24
50691,job_15466,15466,1376,2490,14
50692,job_15467,15467,1274,2603,25
50693,job_15468,15468,1257,1614,37
50695,job_15469,15469,1161,2859,33
50696,job_15470,15470,1028,3173,32
50697,job_15471,15471,1147,3127,47
50698,job_15472,15472,1528,2288,19
50698,job_15473,15473,945,1254,19
50699,job_15474,15474,1409,1873,31
50700,job_15475,15475,1282,1809,25
50700,job_15476,15476,1443,1339,44
50702,job_15477,15477,1232,3041,25
50705,job_15478,15478,273,379,20
50707,job_15479,15479,1078,1452,38
50714,job_15480,15480,161,593,12
50716,job_15481,15481,1381,3463,18
50718,job_15482,15482,1523,2409,23
50722,job_15483,15483,188,421,10
50724,job_15484,15484,313,549,16
50724,job_15485,15485,1626,1790,44
50734,job_15486,15486,310,662,19
50743,job_15487,15487,207,736,20
50743,job_15488,15488,826,1782,34
50743,job_15489,15489,1186,1924,18
50752,job_15490,15490,202,475,7
50753,job_15491,15491,1310,2870,23
50755,job_15492,15492,622,2320,40
50757,job_15493,15493,1575,2355,17
50758,job_15494,15494,760,1951,24
50758,job_15495,15495,1551,2234,34
50760,job_15496,15496,566,1864,22
50766,job_15497,15497,268,678,18
50774,job_15498,15498,197,642,6
50774,job_15499,15499,698,2322,37
50776,job_15500,15500,805,1648,38
50777,job_15501,15501,1081,1702,24
50779,job_15502,15502,784,2439,21
50780,job_15503,15503,691,1816,42
50789,job_15504,15504,228,450,6
50791,job_15505,15505,629,1391,45
50801,job_15506,15506,326,576,5
50801,job_15507,15507,1675,1284,21
50803,job_15508,15508,935,2452,12
50805,job_15509,15509,1014,2414,24
50806,job_15510,15510,1349,2232,10
50808,job_15511,15511,826,2613,25
50808,job_15512,15512,976,2519,22
50809,job_15513,15513,1511,1876,40
50809,job_15514,15514,831,2987,37
50810,job_15515,15515,788,3376,26
50810,job_15516,15516,1186,3041,28
50812,job_15517,15517,1201,2346,36
50812,job_15518,15518,1527,2144,29
50814,job_15519,15519,1374,1926,32
50814,job_15520,15520,949,2238,43
50814,job_15521,15521,1703,1582,15
50816,job_15522,15522,1150,2520,45
50816,job_15523,15523,1448,2725,18
50818,job_15524,15524,1594,1806,35
50818,job_15525,15525,1599,1310,13
50819,job_15526,15526,1271,2513,29
50819,job_15527,15527,885,2384,26
50819,job_15528,15528,1097,2698,45
50821,job_15529,15529,884,1367,22
50821,job_15530,15530,1329,1630,14
50822,job_15531,15531,1252,1749,38
50831,job_15532,15532,489,432,19
50833,job_15533,15533,215,596,11
50833,job_15534,15534,1478,896,15
50833,job_15535,15535,1067,2079,34
50840,job_15536,15536,431,413,5
50840,job_15537,15537,1449,1850,24
50840,job_15538,15538,1397,2039,45
50841,job_15539,15539,1204,1561,12
50841,job_15540,15540,1371,1624,35
50842,job_15541,15541,1497,1816,20
50844,job_15542,15542,218,597,7
50844,job_15543,15543,919,1707,10
50845,job_15544,15544,1356,2389,13
50847,job_15545,15545,1209,1587,20
50852,job_15546,15546,274,326,20
50854,job_15547,15547,285,455,8
50860,job_15548,15548,315,667,14
50869,job_15549,15549,270,577,11
50875,job_15550,15550,248,392,13
50875,job_15551,15551,1095,2289,32
50879,job_15552,15552,235,461,14
50889,job_15553,15553,411,467,6
50890,job_15554,15554,1392,2264,16
50890,job_15555,15555,1509,1953,42
50890,job_15556,15556,1113,1685,29
50892,job_15557,15557,1111,2213,13
50894,job_15558,15558,1375,1122,49
50894,job_15559,15559,1332,1239,13
50894,job_15560,15560,1708,1693,38
50901,job_15561,15561,192,536,14
50901,job_15562,15562,1362,2299,35
50901,job_15563,15563,1619,2353,20
50903,job_15564,15564,1236,2520,29
50904,job_15565,15565,1001,2205,48
50904,job_15566,15566,776,1866,15
50906,job_15567,15567,1273,1932,50
50907,job_15568,15568,1009,1969,17
50908,job_15569,15569,1347,2604,32
50915,job_15570,15570,423,562,10
50915,job_15571,15571,1160,1779,22
50915,job_15572,15572,955,1727,33
50916,job_15573,15573,812,1734,26
50918,job_15574,15574,592,2256,27
50920,job_15575,15575,914,1556,15
50920,job_15576,15576,1583,1819,42
50929,job_15577,15577,220,473,13
50931,job_15578,15578,1119,1196,30
50931,job_15579,15579,1282,2999,31
50932,job_15580,15580,722,2988,12
50933,job_15581,15581,1521,1578,25
50935,job_15582,15582,1576,3369,37
50937,job_15583,15583,1009,1929,30
50939,job_15584,15584,1484,1737,25
50941,job_15585,15585,1273,2595,34
50943,job_15586,15586,705,2087,35
50944,job_15587,15587,798,2111,26
50944,job_15588,15588,1639,1283,46
50946,job_15589,15589,1472,3214,38
50950,job_15590,15590,344,532,15
50952,job_15591,15591,1343,1671,12
50952,job_15592,15592,1018,2370,32
50955,job_15593,15593,280,396,9
50955,job_15594,15594,992,1769,40
50955,job_15595,15595,728,2090,35
50956,job_15596,15596,1076,1413,43
50958,job_15597,15597,1170,1205,14
50960,job_15598,15598,730,1456,39
50961,job_15599,15599,1428,2718,49
50963,job_15600,15600,1024,1221,26
50968,job_15601,15601,313,586,19
50969,job_15602,15602,897,2266,16
50978,job_15603,15603,310,589,15
50978,job_15604,15604,994,1844,47
50978,job_15605,15605,1099,1681,45
50978,job_15606,15606,1440,2856,41
50980,job_15607,15607,1394,1368,22
50985,job_15608,15608,309,395,5
50985,job_15609,15609,842,2535,10
50986,job_15610,15610,1233,1742,12
50988,job_15611,15611,1382,2014,47
50988,job_15612,15612,1092,2558,28
50989,job_15613,15613,1561,2638,17
50989,job_15614,15614,1108,2196,24
50991,job_15615,15615,1097,2532,30
50993,job_15616,15616,1504,1497,11
50994,job_15617,15617,1047,2045,47
51000,job_15618,15618,190,363,6
51001,job_15619,15619,987,1826,36
51001,job_15620,15620,1188,2164,15
51002,job_15621,15621,1216,2233,33
51002,job_15622,15622,1172,2845,14
51003,job_15623,15623,1706,1641,44
51008,job_15624,15624,301,564,11
51008,job_15625,15625,1300,2322,30
51010,job_15626,15626,1399,1509,44
51012,job_15627,15627,729,2139,42
51013,job_15628,15628,1156,2301,38
51015,job_15629,15629,1045,1933,12
51017,job_15630,15630,970,3616,38
51018,job_15631,15631,1132,1800,47
51020,job_15632,15632,993,1912,12
51020,job_15633,15633,976,2078,28
51020,job_15634,15634,862,1715,41
51021,job_15635,15635,1047,1737,21
51023,job_15636,15636,1876,1358,18
51024,job_15637,15637,1039,1214,19
51024,job_15638,15638,1076,2034,23
51026,job_15639,15639,1258,1498,21
51028,job_15640,15640,1549,1771,25
51029,job_15641,15641,341,2004,12
51030,job_15642,15642,1152,2346,35
51031,job_15643,15643,1435,1473,40
51033,job_15644,15644,1641,1365,11
51037,job_15645,15645,263,473,7
51044,job_15646,15646,184,339,11
51045,job_15647,15647,1691,2148,27
51046,job_15648,15648,1325,2741,36
51048,job_15649,15649,1126,1361,23
51050,job_15650,15650,943,2502,39
51051,job_15651,15651,1073,1756,14
51051,job_15652,15652,988,1583,20
51052,job_15653,15653,1035,2495,25
51056,job_15654,15654,174,714,14
51056,job_15655,15655,833,2976,35
51058,job_15656,15656,1286,2679,18
51059,job_15657,15657,1325,1563,37
51061,job_15658,15658,1782,1831,25
51062,job_15659,15659,1079,1852,34
51063,job_15660,15660,1176,2346,34
51063,job_15661,15661,1663,2303,50
51064,job_15662,15662,1128,2123,17
51065,job_15663,15663,1829,2469,34
51066,job_15664,15664,559,1478,18
51066,job_15665,15665,1382,1565,24
51067,job_15666,15666,921,2322,46
51075,job_15667,15667,266,512,11
51076,job_15668,15668,880,2341,47
51077,job_15669,15669,1161,1903,29
51079,job_15670,15670,1821,1693,16
51079,job_15671,15671,1222,2255,27
51081,job_15672,15672,970,1535,41
51083,job_15673,15673,876,2439,18
51085,job_15674,15674,1682,2296,24
51085,job_15675,15675,1546,1718,25
51085,job_15676,15676,1019,2591,40
51087,job_15677,15677,544,2112,46
51087,job_15678,15678,1108,2917,21
51089,job_15679,15679,1417,3079,39
51090,job_15680,15680,1062,1533,22
51092,job_15681,15681,1530,2319,32
51093,job_15682,15682,944,1092,25
51100,job_15683,15683,328,403,8
51100,job_15684,15684,1531,2450,13
51101,job_15685,15685,1200,1003,43
51102,job_15686,15686,1500,1139,39
51102,job_15687,15687,1207,861,48
51102,job_15688,15688,887,1539,41
51104,job_15689,15689,1529,2084,18
51104,job_15690,15690,1325,2136,20
51106,job_15691,15691,1098,2147,25
51108,job_15692,15692,1068,2642,50
51108,job_15693,15693,686,1068,11
51108,job_15694,15694,970,2970,46
51110,job_15695,15695,1292,2623,18
51111,job_15696,15696,906,2078,25
51111,job_15697,15697,1640,2076,26
51111,job_15698,15698,925,2738,40
51111,job_15699,15699,1156,2033,46
51111,job_15700,15700,892,2107,22
51113,job_15701,15701,1154,2686,49
51120,job_15702,15702,482,420,18
51121,job_15703,15703,1566,2345,16
51123,job_15704,15704,1002,2345,11
51125,job_15705,15705,1159,2525,29
51125,job_15706,15706,1384,2380,36
51126,job_15707,15707,1355,2759,10
51127,job_15708,15708,1277,1124,27
51127,job_15709,15709,1403,1988,43
51127,job_15710,15710,1334,1505,12
51127,job_15711,15711,769,1560,39
51127,job_15712,15712,1352,1690,41
51129,job_15713,15713,1114,1556,28
51129,job_15714,15714,1697,2379,20
51134,job_15715,15715,367,268,20
51134,job_15716,15716,1529,1551,12
51135,job_15717,15717,1224,1811,22
51135,job_15718,15718,889,1975,41
51137,job_15719,15719,1238,1982,21
51138,job_15720,15720,1232,2785,47
51138,job_15721,15721,1247,2303,46
51140,job_15722,15722,1513,2200,13
51142,job_15723,15723,1634,2521,22
51144,job_15724,15724,1068,2185,32
51145,job_15725,15725,1655,2111,19
51155,job_15726,15726,335,764,14
51157,job_15727,15727,1291,2747,49
51158,job_15728,15728,1055,2545,29
51159,job_15729,15729,1252,2296,44
51161,job_15730,15730,1068,2686,49
51162,job_15731,15731,1291,2286,35
51166,job_15732,15732,317,468,6
51167,job_15733,15733,1200,1273,44
51168,job_15734,15734,945,1706,25
51169,job_15735,15735,1054,1376,24
51170,job_15736,15736,1190,1826,18
51172,job_15737,15737,858,2221,46
51173,job_15738,15738,1664,2179,40
51173,job_15739,15739,1136,1712,38
51181,job_15740,15740,443,453,16
51181,job_15741,15741,1388,2692,20
51181,job_15742,15742,1540,2633,17
51182,job_15743,15743,983,2644,35
51182,job_15744,15744,1230,2691,17
51184,job_15745,15745,1712,1906,42
51192,job_15746,15746,195,659,10
51192,job_15747,15747,996,1016,47
51194,job_15748,15748,1627,2196,50
51195,job_15749,15749,1439,1806,43
51195,job_15750,15750,1217,2546,24
51195,job_15751,15751,1661,1754,45
51197,job_15752,15752,1500,1755,47
51199,job_15753,15753,724,2450,31
51199,job_15754,15754,1324,1550,17
51201,job_15755,15755,806,1961,12
51203,job_15756,15756,2153,1996,37
51204,job_15757,15757,1329,1767,47
51205,job_15758,15758,1068,1870,38
51205,job_15759,15759,1428,1972,46
51206,job_15760,15760,1479,1800,16
51210,job_15761,15761,357,437,16
51220,job_15762,15762,242,407,14
51222,job_15763,15763,1314,2427,31
51224,job_15764,15764,832,1480,30
51229,job_15765,15765,451,389,11
51230,job_15766,15766,761,1775,38
51236,job_15767,15767,113,658,11
51236,job_15768,15768,1336,2183,26
51236,job_15769,15769,1268,2226,32
51237,job_15770,15770,1577,2217,16
51239,job_15771,15771,1513,2411,43
51240,job_15772,15772,1495,1076,35
51240,job_15773,15773,1130,2722,26
51240,job_15774,15774,1102,1918,30
51240,job_15775,15775,1366,2197,19
51240,job_15776,15776,1236,1895,42
51241,job_15777,15777,1674,2637,19
51242,job_15778,15778,1485,2448,18
51243,job_15779,15779,1273,1684,24
51243,job_15780,15780,1479,1546,22
51245,job_15781,15781,1183,1668,42
51253,job_15782,15782,258,509,15
51254,job_15783,15783,1415,2253,32
51256,job_15784,15784,1192,2029,34
51256,job_15785,15785,1680,2066,24
51258,job_15786,15786,1292,1518,16
51258,job_15787,15787,1530,1886,36
51258,job_15788,15788,1368,2532,48
51258,job_15789,15789,832,2055,28
51260,job_15790,15790,1204,1527,29
51262,job_15791,15791,1399,1393,47
51264,job_15792,15792,1207,1749,29
51264,job_15793,15793,1334,2352,26
51265,job_15794,15794,929,2055,32
51265,job_15795,15795,965,2716,45
51267,job_15796,15796,1252,2212,19
51267,job_15797,15797,1665,2148,30
51269,job_15798,15798,1545,2377,48
51271,job_15799,15799,720,2263,28
51271,job_15800,15800,1731,1843,15
51272,job_15801,15801,799,1644,29
51281,job_15802,15802,405,294,15
51283,job_15803,15803,732,1791,15
51285,job_15804,15804,758,3220,11
51285,job_15805,15805,1068,2238,23
51285,job_15806,15806,1734,1723,39
51287,job_15807,15807,1057,2846,20
51289,job_15808,15808,1456,2077,10
51290,job_15809,15809,1688,2344,36
51290,job_15810,15810,1248,1886,34
51290,job_15811,15811,1468,1962,32
51290,job_15812,15812,1040,2660,30
51292,job_15813,15813,1213,2257,26
51293,job_15814,15814,1075,1557,36
51293,job_15815,15815,1628,2344,21
51294,job_15816,15816,992,1630,44
51302,job_15817,15817,164,497,5
51302,job_15818,15818,1584,1626,27
51302,job_15819,15819,816,2522,10
51307,job_15820,15820,239,476,8
51308,job_15821,15821,1047,2999,47
51310,job_15822,15822,1698,1929,45
51312,job_15823,15823,1107,845,21
51312,job_15824,15824,1424,2863,21
51312,job_15825,15825,1703,1626,42
51313,job_15826,15826,1072,2662,16
51313,job_15827,15827,1253,1375,21
51315,job_15828,15828,1487,1335,10
51317,job_15829,15829,1212,2080,41
51317,job_15830,15830,1398,2110,38
51318,job_15831,15831,1454,1539,50
51318,job_15832,15832,1314,2281,39
51318,job_15833,15833,1089,1864,24
51320,job_15834,15834,1000,1608,29
51321,job_15835,15835,1383,2171,18
51322,job_15836,15836,715,2073,49
51322,job_15837,15837,1113,1189,22
51322,job_15838,15838,1235,1462,18
51322,job_15839,15839,1242,1200,35
51323,job_15840,15840,1436,2258,44
51323,job_15841,15841,1085,2068,22
51323,job_15842,15842,1292,2475,48
51325,job_15843,15843,942,2235,20
51326,job_15844,15844,1341,1858,20
51328,job_15845,15845,718,2022,10
51329,job_15846,15846,1384,1296,23
51329,job_15847,15847,1453,2647,22
51329,job_15848,15848,553,2231,26
51329,job_15849,15849,1788,1957,12
51331,job_15850,15850,1518,2248,34
51331,job_15851,15851,1114,2735,32
51331,job_15852,15852,1321,1142,45
51333,job_15853,15853,842,2387,31
51333,job_15854,15854,1168,2579,48
51333,job_15855,15855,1733,1773,50
51334,job_15856,15856,1158,2662,41
51334,job_15857,15857,1421,2289,18
51334,job_15858,15858,1304,2452,15
51335,job_15859,15859,1447,1831,41
51337,job_15860,15860,1769,2350,23
51337,job_15861,15861,1508,2191,45
51339,job_15862,15862,487,2801,43
51339,job_15863,15863,1006,2440,45
51339,job_15864,15864,1172,1299,46
51341,job_15865,15865,1443,966,10
51342,job_15866,15866,1039,2511,18
51342,job_15867,15867,1245,1409,15
51349,job_15868,15868,270,620,6
51349,job_15869,15869,1230,1827,27
51351,job_15870,15870,1806,1927,32
51353,job_15871,15871,1204,1768,11
51353,job_15872,15872,1236,2298,36
51355,job_15873,15873,1303,1699,37
51356,job_15874,15874,1228,1838,18
51356,job_15875,15875,1670,2151,22
51362,job_15876,15876,273,482,12
51364,job_15877,15877,1081,2176,37
51365,job_15878,15878,887,2693,36
51366,job_15879,15879,1243,1012,21
51376,job_15880,15880,305,460,8
51378,job_15881,15881,1243,2157,18
51383,job_15882,15882,149,358,11
51383,job_15883,15883,1283,2523,45
51384,job_15884,15884,1195,2427,39
51385,job_15885,15885,1388,2141,30
51387,job_15886,15886,1054,2166,39
51387,job_15887,15887,1420,2568,11
51388,job_15888,15888,1957,1681,41
51388,job_15889,15889,1457,2045,26
51389,job_15890,15890,1139,2485,18
51390,job_15891,15891,1395,1421,37
51390,job_15892,15892,1413,2693,27
51391,job_15893,15893,1436,2186,25
51393,job_15894,15894,1394,2194,12
51395,job_15895,15895,1166,2431,11
51396,job_15896,15896,931,2257,20
51396,job_15897,15897,1538,2838,15
51396,job_15898,15898,1525,1813,22
51397,job_15899,15899,1273,2632,36
51399,job_15900,15900,1331,1442,40
51401,job_15901,15901,118,406,9
51401,job_15902,15902,1071,1746,42
51411,job_15903,15903,225,448,5
51412,job_15904,15904,1854,2171,42
51421,job_15905,15905,303,499,10
51421,job_15906,15906,1228,970,25
51423,job_15907,15907,1533,2010,34
51423,job_15908,15908,1523,1973,28
51424,job_15909,15909,1062,2009,50
51425,job_15910,15910,1315,2779,49
51427,job_15911,15911,751,1605,22
51429,job_15912,15912,1198,2408,19
51429,job_15913,15913,1100,1443,34
51430,job_15914,15914,925,2967,16
51430,job_15915,15915,798,1514,14
51432,job_15916,15916,1267,2875,40
51432,job_15917,15917,1118,2566,26
51434,job_15918,15918,1167,2243,33
51434,job_15919,15919,1407,2438,37
51436,job_15920,15920,980,2880,11
51437,job_15921,15921,1211,1732,24
51439,job_15922,15922,1026,2020,47
51441,job_15923,15923,1014,2137,29
51442,job_15924,15924,1128,2314,12
51443,job_15925,15925,759,2130,48
51444,job_15926,15926,1038,2825,20
51444,job_15927,15927,1457,1960,35
51445,job_15928,15928,1499,1757,43
51447,job_15929,15929,1312,2496,50
51448,job_15930,15930,1343,1890,34
51448,job_15931,15931,1379,1848,23
51450,job_15932,15932,1302,1296,33
51450,job_15933,15933,868,2065,25
51450,job_15934,15934,853,1369,30
51451,job_15935,15935,1170,1145,10
51455,job_15936,15936,427,433,7
51456,job_15937,15937,1532,2529,28
51458,job_15938,15938,1397,1807,20
51458,job_15939,15939,1108,1991,14
51458,job_15940,15940,1605,2249,22
51459,job_15941,15941,697,1807,42
51461,job_15942,15942,1490,1916,29
51462,job_15943,15943,1318,1795,44
51464,job_15944,15944,1259,2135,44
51465,job_15945,15945,1206,1979,36
51475,job_15946,15946,131,344,10
51476,job_15947,15947,1150,2247,15
51478,job_15948,15948,917,1979,45
51479,job_15949,15949,1168,1861,40
51480,job_15950,15950,704,1685,37
51480,job_15951,15951,1733,1537,46
51481,job_15952,15952,1440,2310,29
51483,job_15953,15953,726,2101,29
51484,job_15954,15954,1146,2755,43
51485,job_15955,15955,1194,2775,40
51486,job_15956,15956,1643,1943,42
51486,job_15957,15957,1278,1692,23
51490,job_15958,15958,100,465,12
51490,job_15959,15959,1480,2078,10
51491,job_15960,15960,894,2848,25
51491,job_15961,15961,1245,2072,11
51493,job_15962,15962,934,2266,43
51493,job_15963,15963,1506,2057,33
51495,job_15964,15964,738,1870,41
51495,job_15965,15965,601,2195,37
51495,job_15966,15966,1175,1643,46
51497,job_15967,15967,1171,1860,12
51497,job_15968,15968,360,1839,40
51499,job_15969,15969,1364,2009,19
51499,job_15970,15970,1237,1759,30
51500,job_15971,15971,1143,2505,11
51501,job_15972,15972,1282,1516,10
51503,job_15973,15973,1290,2384,34
51505,job_15974,15974,1251,1558,47
51507,job_15975,15975,715,1758,30
51516,job_15976,15976,178,506,9
51516,job_15977,15977,1218,2135,41
51516,job_15978,15978,565,2383,26
51518,job_15979,15979,1223,1514,21
51519,job_15980,15980,1067,2530,23
51519,job_15981,15981,1297,1504,15
51520,job_15982,15982,958,2510,36
51521,job_15983,15983,1441,1904,39
51521,job_15984,15984,1056,2053,24
51522,job_15985,15985,1006,2228,22
51523,job_15986,15986,1313,2141,44
51524,job_15987,15987,763,1936,18
51526,job_15988,15988,1394,1898,47
51526,job_15989,15989,1250,2162,10
51527,job_15990,15990,1566,2257,46
51528,job_15991,15991,1495,1999,20
51530,job_15992,15992,972,3111,47
51531,job_15993,15993,961,2061,44
51533,job_15994,15994,644,3049,43
51535,job_15995,15995,1334,1923,24
51535,job_15996,15996,643,3182,19
51535,job_15997,15997,902,2621,39
51536,job_15998,15998,948,1496,18
51536,job_15999,15999,1404,2704,44
51537,job_16000,16000,1641,3076,45
51538,job_16001,16001,1762,1041,36
51540,job_16002,16002,1129,1575,18
51541,job_16003,16003,1045,3031,35
51542,job_16004,16004,547,2186,33
51543,job_16005,16005,1324,2222,48
51544,job_16006,16006,1208,1427,13
51546,job_16007,16007,1121,1246,31
51546,job_16008,16008,1103,2406,22
51548,job_16009,16009,1091,2361,21
51550,job_16010,16010,1156,2281,22
51550,job_16011,16011,809,2082,42
51550,job_16012,16012,794,2179,38
51552,job_16013,16013,1090,1935,11
51552,job_16014,16014,1259,1926,39
51553,job_16015,16015,641,3163,27
51554,job_16016,16016,1204,1535,34
51555,job_16017,16017,1356,1976,20
51557,job_16018,16018,902,1813,32
51558,job_16019,16019,1617,3115,30
51559,job_16020,16020,1243,3213,36
51559,job_16021,16021,1297,1676,11
51560,job_16022,16022,1338,2557,15
51560,job_16023,16023,1216,2195,20
51562,job_16024,16024,1210,1650,42
51564,job_16025,16025,1324,2409,16
51566,job_16026,16026,1550,2412,29
51566,job_16027,16027,1430,1842,27
51568,job_16028,16028,1430,727,29
51577,job_16029,16029,316,544,15
51577,job_16030,16030,793,1492,40
51577,job_16031,16031,1478,2000,41
51581,job_16032,16032,390,495,6
51581,job_16033,16033,1180,2277,20
51582,job_16034,16034,1162,2967,37
51584,job_16035,16035,1250,1439,26
51584,job_16036,16036,960,2090,23
51585,job_16037,16037,553,2123,13
51586,job_16038,16038,684,2516,32
51588,job_16039,16039,854,1882,47
51588,job_16040,16040,1695,2267,43
51588,job_16041,16041,910,1741,23
51588,job_16042,16042,1624,1927,16
51590,job_16043,16043,441,385,7
51590,job_16044,16044,1482,2666,25
51590,job_16045,16045,1430,2554,40
51590,job_16046,16046,1440,2565,30
51591,job_16047,16047,1090,1669,41
51593,job_16048,16048,751,2406,16
51595,job_16049,16049,1420,1440,39
51595,job_16050,16050,1253,1611,35
51595,job_16051,16051,782,1153,34
51597,job_16052,16052,1098,2284,16
51598,job_16053,16053,1164,1431,50
51598,job_16054,16054,1634,1652,25
51600,job_16055,16055,1252,1430,40
51602,job_16056,16056,1143,1575,25
51602,job_16057,16057,961,1423,39
51603,job_16058,16058,899,1831,45
51604,job_16059,16059,1472,3234,50
51605,job_16060,16060,1648,2041,42
51606,job_16061,16061,2086,2134,20
51608,job_16062,16062,833,2291,13
51610,job_16063,16063,1168,2170,28
51612,job_16064,16064,971,2101,34
51612,job_16065,16065,1354,1818,14
51614,job_16066,16066,1414,1626,27
51614,job_16067,16067,1449,3209,40
51616,job_16068,16068,946,994,26
51617,job_16069,16069,1147,2128,21
51618,job_16070,16070,1390,1422,26
51619,job_16071,16071,949,2193,13
51619,job_16072,16072,1036,1665,39
51620,job_16073,16073,1360,1983,47
51620,job_16074,16074,1397,1701,19
51622,job_16075,16075,1324,2591,28
51624,job_16076,16076,1249,2243,43
51626,job_16077,16077,1030,2134,25
51627,job_16078,16078,1275,1303,42
51629,job_16079,16079,1445,1518,16
51631,job_16080,16080,1613,2534,45
51632,job_16081,16081,1205,2675,21
51634,job_16082,16082,1103,2322,14
51635,job_16083,16083,1277,1478,18
51636,job_16084,16084,893,2004,29
51638,job_16085,16085,1449,2029,22
51639,job_16086,16086,956,2956,32
51641,job_16087,16087,1475,2962,30
51643,job_16088,16088,1092,695,36
51643,job_16089,16089,1427,1058,29
51643,job_16090,16090,1714,2019,32
51643,job_16091,16091,710,1685,23
51644,job_16092,16092,1518,1524,47
51646,job_16093,16093,1166,845,22
51648,job_16094,16094,308,556,19
51648,job_16095,16095,1338,2530,46
51648,job_16096,16096,583,2187,13
51650,job_16097,16097,952,2648,35
51652,job_16098,16098,1073,1867,46
51653,job_16099,16099,954,1811,14
51655,job_16100,16100,1227,2330,40
51655,job_16101,16101,1156,1637,17
51661,job_16102,16102,139,572,18
51662,job_16103,16103,1043,2127,32
51664,job_16104,16104,1037,2428,43
51666,job_16105,16105,804,2219,48
51668,job_16106,16106,864,1977,30
51670,job_16107,16107,1315,1685,24
51670,job_16108,16108,1484,2423,49
51672,job_16109,16109,1438,2476,12
51674,job_16110,16110,1193,2164,16
51676,job_16111,16111,1214,1872,42
51678,job_16112,16112,887,2522,43
51679,job_16113,16113,1043,3152,17
51681,job_16114,16114,1159,2058,36
51682,job_16115,16115,975,1373,10
51683,job_16116,16116,1339,1604,15
51683,job_16117,16117,1073,2185,44
51685,job_16118,16118,1013,2372,46
51685,job_16119,16119,873,1261,43
51686,job_16120,16120,1637,1760,43
51687,job_16121,16121,1677,2223,16
51689,job_16122,16122,1591,2268,27
51690,job_16123,16123,1299,1945,21
51691,job_16124,16124,1334,1966,29
51691,job_16125,16125,1379,2507,40
51691,job_16126,16126,1291,2289,45
51693,job_16127,16127,1135,2307,48
51693,job_16128,16128,1203,2612,14
51693,job_16129,16129,1467,1980,24
51695,job_16130,16130,1324,1824,24
51695,job_16131,16131,1367,2697,27
51697,job_16132,16132,998,1830,35
51697,job_16133,16133,1547,2002,15
51697,job_16134,16134,1443,1419,27
51698,job_16135,16135,1326,1863,17
51700,job_16136,16136,1259,1614,43
51701,job_16137,16137,754,1820,20
51702,job_16138,16138,1219,2021,30
51703,job_16139,16139,1148,1732,47
51705,job_16140,16140,1490,2558,19
51706,job_16141,16141,1077,1802,16
51708,job_16142,16142,1396,2987,43
51710,job_16143,16143,1623,1281,46
51711,job_16144,16144,1107,2761,37
51713,job_16145,16145,1619,3085,33
51715,job_16146,16146,923,3349,35
51716,job_16147,16147,1116,2584,33
51716,job_16148,16148,996,3059,31
51716,job_16149,16149,770,2287,31
51716,job_16150,16150,1108,1612,21
51718,job_16151,16151,1327,2741,30
51720,job_16152,16152,806,1285,21
51722,job_16153,16153,1644,2055,21
51723,job_16154,16154,1200,2270,10
51723,job_16155,16155,1510,1789,33
51724,job_16156,16156,977,2223,31
51725,job_16157,16157,914,1795,35
51727,job_16158,16158,1286,1960,45
51727,job_16159,16159,1184,907,11
51728,job_16160,16160,1527,1873,15
51729,job_16161,16161,948,1800,20
51730,job_16162,16162,1269,2088,45
51730,job_16163,16163,1442,1436,13
51731,job_16164,16164,1037,1339,49
51733,job_16165,16165,731,1714,30
51733,job_16166,16166,1058,2525,45
51734,job_16167,16167,1282,1940,37
51735,job_16168,16168,1333,2249,50
51735,job_16169,16169,787,1725,45
51737,job_16170,16170,1192,2280,36
51737,job_16171,16171,1334,1609,10
51737,job_16172,16172,1241,2445,24
51739,job_16173,16173,1226,1266,24
51745,job_16174,16174,186,502,16
51745,job_16175,16175,1255,1212,33
51747,job_16176,16176,619,1369,38
51748,job_16177,16177,758,1654,45
51748,job_16178,16178,1457,1978,45
51748,job_16179,16179,1094,2401,36
51750,job_16180,16180,1503,2186,20
51750,job_16181,16181,981,2347,15
51752,job_16182,16182,1264,1968,27
51752,job_16183,16183,1181,3261,40
51752,job_16184,16184,1539,2179,23
51754,job_16185,16185,1799,1199,20
51755,job_16186,16186,1013,1516,46
51755,job_16187,16187,1232,2061,23
51757,job_16188,16188,1712,1946,43
51758,job_16189,16189,992,2366,46
51760,job_16190,16190,1486,1877,28
51760,job_16191,16191,1324,2313,50
51762,job_16192,16192,968,1869,43
51764,job_16193,16193,741,1555,36
51765,job_16194,16194,1483,2626,42
51766,job_16195,16195,1309,1831,18
51767,job_16196,16196,883,1953,30
51769,job_16197,16197,1020,1991,13
51770,job_16198,16198,1640,1467,30
51770,job_16199,16199,959,2016,29
51770,job_16200,16200,1071,1541,43
51772,job_16201,16201,1254,2120,42
51772,job_16202,16202,924,1118,39
51774,job_16203,16203,1077,1502,25
51776,job_16204,16204,1091,2529,15
51777,job_16205,16205,1454,1910,23
51778,job_16206,16206,1145,1503,17
51780,job_16207,16207,1442,2576,39
51781,job_16208,16208,1429,2028,18
51782,job_16209,16209,1532,2907,12
51782,job_16210,16210,688,2683,36
51783,job_16211,16211,1134,2532,22
51785,job_16212,16212,1631,2148,35
51786,job_16213,16213,809,2077,48
51787,job_16214,16214,884,1210,12
51787,job_16215,16215,1275,2069,41
51787,job_16216,16216,1430,2418,45
51789,job_16217,16217,1167,1813,37
51789,job_16218,16218,968,1548,36
51791,job_16219,16219,1440,2807,16
51801,job_16220,16220,384,708,16
51802,job_16221,16221,1661,1999,14
51803,job_16222,16222,703,1569,14
51804,job_16223,16223,1199,2094,15
51804,job_16224,16224,973,2634,42
51806,job_16225,16225,1303,1593,41
51807,job_16226,16226,1328,2389,29
51808,job_16227,16227,1195,1731,31
51810,job_16228,16228,1382,1765,15
51811,job_16229,16229,1367,2980,20
51812,job_16230,16230,905,2076,37
51814,job_16231,16231,1381,2108,17
51816,job_16232,16232,1105,2383,28
51817,job_16233,16233,872,2177,26
51818,job_16234,16234,1268,1863,47
51820,job_16235,16235,1291,2453,41
51820,job_16236,16236,641,2029,33
51822,job_16237,16237,825,1646,50
51822,job_16238,16238,1364,1902,32
51823,job_16239,16239,1239,2578,27
51825,job_16240,16240,956,1938,38
51825,job_16241,16241,1126,1931,45
51827,job_16242,16242,1015,1727,36
51827,job_16243,16243,815,2267,20
51829,job_16244,16244,1327,2024,15
51829,job_16245,16245,925,1312,19
51830,job_16246,16246,1080,1131,18
51830,job_16247,16247,1736,1765,18
51830,job_16248,16248,1269,2396,38
51831,job_16249,16249,1793,1168,36
51832,job_16250,16250,1528,1890,21
51834,job_16251,16251,1435,2475,42
51836,job_16252,16252,921,1638,29
51837,job_16253,16253,1463,1693,17
51839,job_16254,16254,889,2071,34
51839,job_16255,16255,870,1574,36
51841,job_16256,16256,888,1504,40
51841,job_16257,16257,1033,893,35
51843,job_16258,16258,1264,1974,40
51845,job_16259,16259,1240,1284,42
51847,job_16260,16260,1206,1808,47
51848,job_16261,16261,661,2085,30
51850,job_16262,16262,1555,1417,11
51852,job_16263,16263,1393,1748,39
51852,job_16264,16264,1403,1184,17
51853,job_16265,16265,1767,2233,21
51853,job_16266,16266,778,2733,45
51854,job_16267,16267,735,2228,30
51854,job_16268,16268,1152,2209,50
51854,job_16269,16269,1152,2607,20
51855,job_16270,16270,1360,1805,44
51857,job_16271,16271,976,2138,32
51857,job_16272,16272,969,1704,27
51857,job_16273,16273,895,3011,38
51859,job_16274,16274,1770,2085,36
51859,job_16275,16275,1366,2178,34
51861,job_16276,16276,824,2488,50
51861,job_16277,16277,994,1938,23
51861,job_16278,16278,1201,1651,50
51861,job_16279,16279,1493,1786,42
51861,job_16280,16280,1185,1472,31
51863,job_16281,16281,1267,2299,14
51865,job_16282,16282,1887,1173,11
51867,job_16283,16283,888,1148,25
51869,job_16284,16284,1235,2327,47
51869,job_16285,16285,1053,1881,12
51869,job_16286,16286,1499,2444,16
51869,job_16287,16287,1083,1790,12
51870,job_16288,16288,1498,1926,40
51872,job_16289,16289,775,1304,43
51874,job_16290,16290,995,1747,10
51876,job_16291,16291,773,3136,48
51877,job_16292,16292,906,1296,45
51878,job_16293,16293,1559,2881,18
51880,job_16294,16294,1207,968,21
51880,job_16295,16295,893,1620,10
51882,job_16296,16296,1184,1546,39
51884,job_16297,16297,1218,1251,20
51886,job_16298,16298,1826,2158,44
51888,job_16299,16299,1602,2169,46
51890,job_16300,16300,1786,1721,47
51891,job_16301,16301,974,1965,25
51892,job_16302,16302,1512,1606,14
51894,job_16303,16303,762,1583,23
51895,job_16304,16304,1099,2098,48
51896,job_16305,16305,1145,1732,17
51896,job_16306,16306,1202,2008,24
51898,job_16307,16307,1191,1507,20
51900,job_16308,16308,1309,2886,40
51902,job_16309,16309,924,1140,21
51903,job_16310,16310,1094,1620,48
51903,job_16311,16311,1224,1649,28
51904,job_16312,16312,979,2253,34
51905,job_16313,16313,1230,1946,13
51905,job_16314,16314,1252,3199,49
51905,job_16315,16315,1015,2785,44
51907,job_16316,16316,1401,2129,28
51909,job_16317,16317,1017,2134,49
51909,job_16318,16318,928,2888,35
51911,job_16319,16319,1336,1996,26
51913,job_16320,16320,1020,1487,43
51913,job_16321,16321,996,2345,19
51915,job_16322,16322,1369,2502,17
51915,job_16323,16323,1087,2320,50
51916,job_16324,16324,1086,1755,22
51918,job_16325,16325,1247,1417,18
51920,job_16326,16326,1253,1838,40
51920,job_16327,16327,1187,2204,27
51922,job_16328,16328,1262,1785,40
51924,job_16329,16329,1177,2008,38
51926,job_16330,16330,962,2101,37
51927,job_16331,16331,1330,2031,26
51929,job_16332,16332,932,2068,46
51929,job_16333,16333,896,2433,49
51931,job_16334,16334,1151,1793,36
51932,job_16335,16335,862,1311,22
51932,job_16336,16336,1300,2095,47
51932,job_16337,16337,1301,1936,14
51934,job_16338,16338,1482,2011,33
51936,job_16339,16339,1599,2450,37
51938,job_16340,16340,1473,870,13
51938,job_16341,16341,760,2570,28
51939,job_16342,16342,1396,2175,31
51939,job_16343,16343,1656,1975,10
51939,job_16344,16344,1185,1501,38
51940,job_16345,16345,1609,2071,19
51941,job_16346,16346,1046,1690,46
51943,job_16347,16347,915,1562,48
51944,job_16348,16348,908,2369,14
51944,job_16349,16349,1691,2729,36
51945,job_16350,16350,1376,2212,49
51947,job_16351,16351,919,1977,50
51948,job_16352,16352,1168,1827,49
51948,job_16353,16353,1158,1650,48
51950,job_16354,16354,1280,2349,40
51950,job_16355,16355,1207,1789,24
51950,job_16356,16356,1014,2226,17
51952,job_16357,16357,965,1118,20
51952,job_16358,16358,1398,954,32
51953,job_16359,16359,1739,1385,26
51955,job_16360,16360,733,1673,31
51957,job_16361,16361,1017,2183,39
51959,job_16362,16362,1117,2496,17
51959,job_16363,16363,831,1790,38
51961,job_16364,16364,1506,1968,45
51963,job_16365,16365,835,2113,35
51965,job_16366,16366,1395,2070,12
51966,job_16367,16367,442,1653,33
51967,job_16368,16368,1244,1909,44
51969,job_16369,16369,1854,2328,26
51969,job_16370,16370,1298,1993,17
51970,job_16371,16371,966,1963,45
51972,job_16372,16372,1295,1557,35
51974,job_16373,16373,1053,2256,50
51976,job_16374,16374,1106,2139,26
51978,job_16375,16375,691,2541,30
51980,job_16376,16376,1572,2730,23
51982,job_16377,16377,1299,1202,27
51984,job_16378,16378,1090,1692,46
51985,job_16379,16379,629,1363,16
51987,job_16380,16380,1343,1748,29
51989,job_16381,16381,1128,3060,28
51989,job_16382,16382,1149,1686,30
51989,job_16383,16383,933,641,20
51989,job_16384,16384,1179,2118,28
51990,job_16385,16385,1086,1890,35
51992,job_16386,16386,1287,2665,10
51992,job_16387,16387,955,2030,19
51997,job_16388,16388,342,515,6
51998,job_16389,16389,990,1604,50
52000,job_16390,16390,1550,1916,27
52001,job_16391,16391,1248,1578,27
52001,job_16392,16392,842,3205,49
52001,job_16393,16393,1599,2478,24
52001,job_16394,16394,1353,1784,43
52001,job_16395,16395,998,2604,11
52002,job_16396,16396,1160,2034,37
52003,job_16397,16397,1233,1369,20
52005,job_16398,16398,1229,2262,18
52006,job_16399,16399,1074,2434,42
52007,job_16400,16400,1991,2035,24
52009,job_16401,16401,997,1930,40
52010,job_16402,16402,1209,1804,31
52011,job_16403,16403,988,2129,26
52013,job_16404,16404,1290,3271,11
52014,job_16405,16405,1618,2450,45
52014,job_16406,16406,1012,2475,31
52014,job_16407,16407,1166,1965,43
52014,job_16408,16408,326,1722,19
52014,job_16409,16409,1330,1913,14
52016,job_16410,16410,844,1673,49
52018,job_16411,16411,1557,1762,16
52019,job_16412,16412,1491,1796,15
52020,job_16413,16413,1425,2272,37
52022,job_16414,16414,531,1466,19
52024,job_16415,16415,963,2963,31
52025,job_16416,16416,1429,2218,41
52026,job_16417,16417,1086,1848,30
52028,job_16418,16418,1449,1785,23
52029,job_16419,16419,959,2387,50
52031,job_16420,16420,1062,2422,13
52033,job_16421,16421,1667,2020,45
52035,job_16422,16422,1094,2588,42
52035,job_16423,16423,936,1706,27
52036,job_16424,16424,1280,1280,19
52037,job_16425,16425,1491,2079,27
52039,job_16426,16426,1034,1956,37
52040,job_16427,16427,1644,3022,41
52040,job_16428,16428,947,1443,15
52042,job_16429,16429,1784,3124,18
52043,job_16430,16430,937,928,31
52045,job_16431,16431,1650,1970,11
52045,job_16432,16432,908,1807,50
52047,job_16433,16433,1549,2016,44
52047,job_16434,16434,1201,2056,22
52048,job_16435,16435,1327,883,42
52050,job_16436,16436,1008,2140,36
52052,job_16437,16437,1118,2347,11
52053,job_16438,16438,1053,2366,50
52054,job_16439,16439,718,2688,48
52055,job_16440,16440,1209,1884,30
52057,job_16441,16441,1089,2404,39
52059,job_16442,16442,1491,1587,27
52059,job_16443,16443,956,2816,32
52060,job_16444,16444,1130,2095,46
52060,job_16445,16445,1007,2363,38
52061,job_16446,16446,1632,1595,49
52063,job_16447,16447,531,2423,35
52064,job_16448,16448,1220,2771,13
52064,job_16449,16449,1494,1527,14
52065,job_16450,16450,958,1456,10
52066,job_16451,16451,1684,1668,31
52067,job_16452,16452,1420,886,47
52067,job_16453,16453,1565,2662,48
52068,job_16454,16454,1349,2517,50
52068,job_16455,16455,1815,1529,38
52070,job_16456,16456,1080,2887,13
52072,job_16457,16457,1302,2666,17
52073,job_16458,16458,771,1825,36
52075,job_16459,16459,1134,128,37
52075,job_16460,16460,1190,1777,38
52075,job_16461,16461,940,1596,35
52076,job_16462,16462,950,2320,28
52078,job_16463,16463,1552,1492,17
52079,job_16464,16464,826,2153,34
52081,job_16465,16465,1275,603,30
52083,job_16466,16466,1353,2210,23
52084,job_16467,16467,1320,1671,37
52086,job_16468,16468,1745,2077,45
52088,job_16469,16469,1287,1419,46
52089,job_16470,16470,1355,1718,37
52091,job_16471,16471,1193,2260,14
52092,job_16472,16472,1494,2244,12
52094,job_16473,16473,1865,1631,48
52096,job_16474,16474,1057,3087,35
52096,job_16475,16475,1511,2680,22
52098,job_16476,16476,1491,1676,34
52098,job_16477,16477,1286,1958,47
52098,job_16478,16478,1287,2435,36
52099,job_16479,16479,1268,1088,37
52100,job_16480,16480,1799,1970,32
52102,job_16481,16481,1125,1447,24
52104,job_16482,16482,1027,2427,16
52104,job_16483,16483,957,1557,12
52104,job_16484,16484,1246,1968,17
52106,job_16485,16485,1426,1680,45
52106,job_16486,16486,784,2980,19
52106,job_16487,16487,1704,1936,41
52106,job_16488,16488,878,2420,28
52108,job_16489,16489,1451,1833,31
52110,job_16490,16490,1672,1704,41
52111,job_16491,16491,1137,2202,26
52111,job_16492,16492,942,2394,17
52112,job_16493,16493,1417,1313,30
52113,job_16494,16494,1344,1982,43
52114,job_16495,16495,1894,2356,40
52115,job_16496,16496,1011,1507,10
52117,job_16497,16497,968,2995,50
52118,job_16498,16498,1105,1869,24
52120,job_16499,16499,1032,1427,33
52120,job_16500,16500,1157,1761,13
52120,job_16501,16501,1094,1421,10
52121,job_16502,16502,1107,2358,37
52122,job_16503,16503,1166,1690,39
52124,job_16504,16504,1177,2168,44
52126,job_16505,16505,996,2268,48
52127,job_16506,16506,611,1326,25
52128,job_16507,16507,1568,2182,24
52128,job_16508,16508,1163,843,40
52128,job_16509,16509,1576,2626,11
52130,job_16510,16510,1060,2353,24
52132,job_16511,16511,1325,1349,14
52134,job_16512,16512,1547,2369,19
52136,job_16513,16513,895,2309,30
52138,job_16514,16514,1055,2404,22
52140,job_16515,16515,801,1709,18
52141,job_16516,16516,862,2656,41
52142,job_16517,16517,1445,1887,23
52143,job_16518,16518,398,1395,45
52145,job_16519,16519,1094,2341,18
52145,job_16520,16520,1108,1820,30
52145,job_16521,16521,933,1617,26
52145,job_16522,16522,1046,2629,22
52147,job_16523,16523,1405,2347,29
52147,job_16524,16524,1194,2333,28
52147,job_16525,16525,825,2328,41
52147,job_16526,16526,921,1983,32
52147,job_16527,16527,1255,2344,34
52149,job_16528,16528,1381,1386,34
52151,job_16529,16529,1081,2127,13
52151,job_16530,16530,1147,1697,40
52153,job_16531,16531,750,1567,26
52153,job_16532,16532,1441,2169,10
52153,job_16533,16533,1210,2025,48
52153,job_16534,16534,802,1590,29
52155,job_16535,16535,1432,2370,47
52157,job_16536,16536,1697,2499,27
52158,job_16537,16537,853,2375,36
52158,job_16538,16538,806,1419,44
52160,job_16539,16539,930,1192,15
52161,job_16540,16540,1070,1823,23
52161,job_16541,16541,1251,1440,27
52163,job_16542,16542,1772,2477,45
52165,job_16543,16543,1165,1865,41
52165,job_16544,16544,879,1836,11
52167,job_16545,16545,1207,1195,10
52169,job_16546,16546,1188,2081,17
52171,job_16547,16547,991,2239,42
52171,job_16548,16548,1291,2088,37
52171,job_16549,16549,930,1522,46
52171,job_16550,16550,1267,2581,39
52173,job_16551,16551,1283,2519,23
52173,job_16552,16552,1309,1303,39
52174,job_16553,16553,1098,2335,33
52174,job_16554,16554,1340,1828,35
52175,job_16555,16555,1047,2322,23
52177,job_16556,16556,1373,2319,33
52177,job_16557,16557,1232,2174,17
52178,job_16558,16558,1063,2076,37
52180,job_16559,16559,869,2652,30
52181,job_16560,16560,1117,2107,26
52182,job_16561,16561,1201,2144,50
52183,job_16562,16562,1206,2041,21
52183,job_16563,16563,1330,1673,47
52184,job_16564,16564,852,996,32
52184,job_16565,16565,1311,1903,49
52186,job_16566,16566,950,1906,40
52188,job_16567,16567,1190,926,46
52190,job_16568,16568,1444,2587,28
52191,job_16569,16569,552,2715,15
52193,job_16570,16570,1276,1369,37
52195,job_16571,16571,1017,1675,30
52197,job_16572,16572,717,1622,17
52197,job_16573,16573,1200,2006,22
52199,job_16574,16574,1141,2007,11
52199,job_16575,16575,1722,1567,27
52201,job_16576,16576,1135,2454,22
52203,job_16577,16577,1143,2204,34
52204,job_16578,16578,1189,2267,16
52206,job_16579,16579,873,2875,17
52207,job_16580,16580,1053,1962,38
52207,job_16581,16581,1092,1319,30
52208,job_16582,16582,1248,2391,16
52208,job_16583,16583,1342,2114,16
52208,job_16584,16584,902,1668,23
52210,job_16585,16585,884,2828,10
52211,job_16586,16586,1317,2086,24
52212,job_16587,16587,1168,1706,26
52212,job_16588,16588,1387,2776,18
52212,job_16589,16589,1122,2275,37
52219,job_16590,16590,213,351,19
52220,job_16591,16591,1363,2376,48
52221,job_16592,16592,1541,2309,14
52222,job_16593,16593,1415,2451,50
52222,job_16594,16594,1181,1661,50
52222,job_16595,16595,1068,2481,34
52222,job_16596,16596,1722,2248,10
52223,job_16597,16597,1016,2438,30
52224,job_16598,16598,927,2614,31
52226,job_16599,16599,1146,1892,23
52226,job_16600,16600,776,2088,36
52228,job_16601,16601,1023,1380,16
52230,job_16602,16602,1117,1689,39
52231,job_16603,16603,1450,2357,26
52231,job_16604,16604,1034,2298,30
52232,job_16605,16605,1282,2514,34
52232,job_16606,16606,879,1074,12
52232,job_16607,16607,1396,1906,30
52234,job_16608,16608,970,1809,13
52234,job_16609,16609,969,1970,45
52236,job_16610,16610,1320,1775,18
52238,job_16611,16611,1399,2847,20
52238,job_16612,16612,1185,2648,50
52238,job_16613,16613,1561,2243,49
52238,job_16614,16614,771,1893,49
52240,job_16615,16615,1673,1371,47
52242,job_16616,16616,1057,2229,19
52243,job_16617,16617,1304,3443,50
52245,job_16618,16618,1307,2080,44
52247,job_16619,16619,834,2911,44
52257,job_16620,16620,450,575,10
52258,job_16621,16621,1219,2521,42
52258,job_16622,16622,1285,2488,19
52260,job_16623,16623,918,2028,49
52262,job_16624,16624,1739,2222,26
52262,job_16625,16625,1062,1900,10
52263,job_16626,16626,1003,1198,30
52263,job_16627,16627,1150,1738,41
52264,job_16628,16628,1497,1886,20
52265,job_16629,16629,1117,1808,45
52265,job_16630,16630,913,2032,48
52266,job_16631,16631,1335,1441,50
52267,job_16632,16632,1496,2035,31
52268,job_16633,16633,1247,1019,43
52270,job_16634,16634,1288,3914,39
52270,job_16635,16635,1575,1225,44
52270,job_16636,16636,1501,1231,29
52270,job_16637,16637,1329,2871,25
52272,job_16638,16638,1054,1721,29
52273,job_16639,16639,645,1630,24
52275,job_16640,16640,1329,1462,13
52275,job_16641,16641,1467,2028,11
52275,job_16642,16642,1220,2296,39
52277,job_16643,16643,1353,1794,19
52278,job_16644,16644,876,2020,40
52278,job_16645,16645,1028,2441,46
52280,job_16646,16646,1640,2550,37
52282,job_16647,16647,1228,1688,28
52283,job_16648,16648,967,1680,31
52285,job_16649,16649,1552,1765,32
52286,job_16650,16650,1380,1404,19
52287,job_16651,16651,1418,2571,26
52287,job_16652,16652,1302,1323,42
52296,job_16653,16653,397,382,13
52298,job_16654,16654,1034,2596,44
52299,job_16655,16655,1137,2254,39
52302,job_16656,16656,354,674,15
52304,job_16657,16657,1524,1311,28
52306,job_16658,16658,1797,1904,47
52307,job_16659,16659,1067,2820,26
52309,job_16660,16660,1211,2098,27
52309,job_16661,16661,834,1915,31
52310,job_16662,16662,1482,2213,43
52310,job_16663,16663,1248,1487,20
52311,job_16664,16664,1072,1399,38
52312,job_16665,16665,1221,1855,18
52314,job_16666,16666,1157,2548,33
52324,job_16667,16667,381,451,14
52326,job_16668,16668,1060,2991,11
52328,job_16669,16669,1505,1981,41
52330,job_16670,16670,1321,1782,33
52331,job_16671,16671,1338,1702,11
52331,job_16672,16672,1500,1696,13
52331,job_16673,16673,954,1137,29
52332,job_16674,16674,978,2255,41
52334,job_16675,16675,1422,2226,21
52336,job_16676,16676,973,1904,42
52336,job_16677,16677,1030,1647,32
52338,job_16678,16678,1361,973,22
52340,job_16679,16679,1286,2635,12
52342,job_16680,16680,1186,2757,33
52344,job_16681,16681,1389,1955,19
52345,job_16682,16682,1350,2222,11
52347,job_16683,16683,993,2099,32
52349,job_16684,16684,1133,1803,41
52351,job_16685,16685,1519,1887,16
52353,job_16686,16686,962,2464,47
52355,job_16687,16687,777,1453,12
52357,job_16688,16688,1031,1559,10
52357,job_16689,16689,1110,2058,26
52357,job_16690,16690,1601,2611,27
52359,job_16691,16691,1481,1578,34
52360,job_16692,16692,964,1902,41
52360,job_16693,16693,1831,2024,20
52360,job_16694,16694,1328,2166,12
52361,job_16695,16695,1732,1124,16
52363,job_16696,16696,1211,2141,18
52364,job_16697,16697,1580,2409,10
52365,job_16698,16698,1368,2659,43
52365,job_16699,16699,1048,1724,29
52366,job_16700,16700,1839,1739,19
52366,job_16701,16701,1465,1211,49
52366,job_16702,16702,1657,2184,35
52367,job_16703,16703,996,2447,29
52368,job_16704,16704,1050,1321,49
52370,job_16705,16705,1455,2255,26
52370,job_16706,16706,1812,2108,25
52371,job_16707,16707,1786,2324,18
52372,job_16708,16708,1601,2381,10
52374,job_16709,16709,1012,2108,45
52375,job_16710,16710,1427,2297,19
52375,job_16711,16711,1632,2045,38
52376,job_16712,16712,1610,2635,25
52377,job_16713,16713,453,2412,33
52379,job_16714,16714,1197,2525,19
52379,job_16715,16715,1686,2258,35
52386,job_16716,16716,223,377,10
52387,job_16717,16717,1061,2727,37
52387,job_16718,16718,1615,2408,19
52389,job_16719,16719,1246,1400,45
52389,job_16720,16720,964,2586,34
52391,job_16721,16721,1030,1882,24
52392,job_16722,16722,1323,2102,39
52393,job_16723,16723,993,1908,25
52394,job_16724,16724,1264,2730,43
52396,job_16725,16725,1849,2549,12
52397,job_16726,16726,1864,1897,14
52397,job_16727,16727,832,858,19
52399,job_16728,16728,1069,1877,29
52399,job_16729,16729,1518,672,28
52399,job_16730,16730,1593,1597,40
52401,job_16731,16731,416,1784,18
52402,job_16732,16732,1400,2474,45
52402,job_16733,16733,1267,2051,19
52404,job_16734,16734,1353,1875,32
52406,job_16735,16735,1071,2285,48
52408,job_16736,16736,1307,2503,26
52409,job_16737,16737,1738,1830,25
52409,job_16738,16738,1591,2632,41
52410,job_16739,16739,1440,2249,21
52410,job_16740,16740,1149,2317,35
52411,job_16741,16741,1497,2086,43
52416,job_16742,16742,312,315,18
52416,job_16743,16743,1130,1900,32
52416,job_16744,16744,1037,1804,29
52420,job_16745,16745,243,687,13
52422,job_16746,16746,787,1801,43
52423,job_16747,16747,1576,1705,14
52428,job_16748,16748,360,494,5
52429,job_16749,16749,1814,3105,34
52430,job_16750,16750,1975,1991,26
52431,job_16751,16751,1049,2668,31
52431,job_16752,16752,1621,2432,31
52432,job_16753,16753,1476,1337,35
52433,job_16754,16754,1312,1869,32
52434,job_16755,16755,1120,2029,23
52436,job_16756,16756,1377,2240,11
52438,job_16757,16757,1549,2358,46
52438,job_16758,16758,1224,1664,39
52440,job_16759,16759,1173,2190,49
52441,job_16760,16760,1333,2243,32
52446,job_16761,16761,361,428,11
52447,job_16762,16762,473,2372,10
52448,job_16763,16763,1546,2384,24
52450,job_16764,16764,1629,2549,15
52450,job_16765,16765,1398,2520,40
52452,job_16766,16766,1150,1886,24
52453,job_16767,16767,858,2358,50
52453,job_16768,16768,684,2281,41
52457,job_16769,16769,214,532,19
52457,job_16770,16770,800,2347,47
52457,job_16771,16771,1275,1222,30
52459,job_16772,16772,1639,2845,25
52460,job_16773,16773,745,3130,39
52462,job_16774,16774,1310,2129,16
52463,job_16775,16775,1384,1365,50
52464,job_16776,16776,1072,2031,26
52465,job_16777,16777,1711,1958,25
52473,job_16778,16778,286,669,20
52475,job_16779,16779,1435,1819,33
52476,job_16780,16780,1246,1434,44
52480,job_16781,16781,125,408,20
52480,job_16782,16782,1195,1251,35
52480,job_16783,16783,1429,2144,21
52481,job_16784,16784,1662,2631,25
52482,job_16785,16785,1215,3037,18
52483,job_16786,16786,780,2277,49
52485,job_16787,16787,1600,2321,16
52485,job_16788,16788,1322,2670,50
52487,job_16789,16789,1235,1887,47
52488,job_16790,16790,1111,2422,38
52490,job_16791,16791,856,1215,32
52491,job_16792,16792,1035,2878,12
52493,job_16793,16793,1728,1515,23
52494,job_16794,16794,1046,2188,23
52496,job_16795,16795,1006,2032,40
52496,job_16796,16796,1372,934,22
52498,job_16797,16797,920,1928,50
52500,job_16798,16798,1430,2414,10
52501,job_16799,16799,1483,1639,30
52503,job_16800,16800,1018,2137,29
52513,job_16801,16801,246,616,14
52513,job_16802,16802,1532,1312,46
52514,job_16803,16803,919,2444,20
52514,job_16804,16804,1532,2508,37
52515,job_16805,16805,1955,1950,10
52525,job_16806,16806,351,540,15
52526,job_16807,16807,1545,1716,16
52528,job_16808,16808,1493,2398,34
52530,job_16809,16809,1064,1994,26
52530,job_16810,16810,1479,3148,26
52533,job_16811,16811,223,519,20
52534,job_16812,16812,1293,2580,45
52544,job_16813,16813,290,455,5
52546,job_16814,16814,1358,1893,31
52546,job_16815,16815,948,743,26
52550,job_16816,16816,100,497,11
52552,job_16817,16817,556,1963,38
52553,job_16818,16818,1312,2126,33
52554,job_16819,16819,1102,2724,41
52555,job_16820,16820,1237,2428,48
52557,job_16821,16821,1568,2722,35
52557,job_16822,16822,1403,1686,27
52559,job_16823,16823,1493,1888,47
52561,job_16824,16824,1550,2206,41
52562,job_16825,16825,1499,2077,30
52563,job_16826,16826,1559,2589,37
52564,job_16827,16827,1404,1877,26
52564,job_16828,16828,1688,1329,41
52564,job_16829,16829,1600,1991,30
52565,job_16830,16830,1721,1380,48
52567,job_16831,16831,1398,2202,40
52567,job_16832,16832,1752,1363,13
52568,job_16833,16833,1036,1968,38
52568,job_16834,16834,838,2179,35
52568,job_16835,16835,1361,3233,11
52574,job_16836,16836,380,560,17
52575,job_16837,16837,980,2470,26
52576,job_16838,16838,966,1571,41
52577,job_16839,16839,774,2033,21
52578,job_16840,16840,870,1169,50
52578,job_16841,16841,567,1347,32
52579,job_16842,16842,1531,2008,16
52579,job_16843,16843,1302,2057,25
52580,job_16844,16844,849,2970,39
52581,job_16845,16845,1060,1905,28
52582,job_16846,16846,1434,1682,27
52583,job_16847,16847,1201,2645,11
52583,job_16848,16848,880,1664,20
52585,job_16849,16849,377,607,7
52585,job_16850,16850,1112,1424,29
52586,job_16851,16851,1260,2602,24
52587,job_16852,16852,1230,2124,19
52589,job_16853,16853,1196,1466,29
52589,job_16854,16854,1297,2212,15
52590,job_16855,16855,1441,1793,38
52595,job_16856,16856,175,445,15
52598,job_16857,16857,353,495,12
52600,job_16858,16858,283,401,16
52602,job_16859,16859,1256,2358,18
52604,job_16860,16860,1091,2437,33
52604,job_16861,16861,1285,2063,35
52605,job_16862,16862,1296,2202,23
52605,job_16863,16863,1459,1228,27
52605,job_16864,16864,1216,2468,17
52606,job_16865,16865,557,2763,42
52606,job_16866,16866,1385,2256,30
52608,job_16867,16867,1288,1925,33
52609,job_16868,16868,1469,2006,31
52609,job_16869,16869,868,1817,24
52610,job_16870,16870,1160,2354,33
52611,job_16871,16871,1239,3099,41
52611,job_16872,16872,1310,2567,10
52613,job_16873,16873,1322,1598,34
52618,job_16874,16874,278,375,11
52620,job_16875,16875,549,2944,43
52622,job_16876,16876,1264,2150,41
52630,job_16877,16877,218,412,13
52630,job_16878,16878,1483,2564,11
52632,job_16879,16879,1712,1523,43
52634,job_16880,16880,325,2235,14
52634,job_16881,16881,1051,2327,18
52636,job_16882,16882,881,2425,44
52638,job_16883,16883,254,520,18
52639,job_16884,16884,1737,1696,33
52640,job_16885,16885,1202,2799,29
52641,job_16886,16886,1341,2544,13
52643,job_16887,16887,1313,1612,17
52644,job_16888,16888,1691,2300,43
52646,job_16889,16889,554,1572,32
52646,job_16890,16890,1112,1709,44
52647,job_16891,16891,790,2038,29
52648,job_16892,16892,851,1352,26
52650,job_16893,16893,1466,2602,37
52651,job_16894,16894,940,1874,10
52652,job_16895,16895,1157,2555,15
52652,job_16896,16896,1354,1186,19
52652,job_16897,16897,1541,2724,16
52654,job_16898,16898,488,1710,14
52655,job_16899,16899,1300,1011,15
52655,job_16900,16900,1072,2833,31
52656,job_16901,16901,1306,2021,46
52657,job_16902,16902,964,1465,13
52666,job_16903,16903,276,558,7
52667,job_16904,16904,1441,2631,21
52668,job_16905,16905,1645,2406,46
52669,job_16906,16906,1407,2626,48
52671,job_16907,16907,367,2353,48
52671,job_16908,16908,952,1429,29
52677,job_16909,16909,362,544,19
52678,job_16910,16910,1593,1465,49
52680,job_16911,16911,1323,2688,24
52682,job_16912,16912,1374,2753,20
52683,job_16913,16913,1068,1368,16
52684,job_16914,16914,981,3136,39
52686,job_16915,16915,1140,678,35
52687,job_16916,16916,1229,2430,21
52687,job_16917,16917,1348,1805,29
52689,job_16918,16918,237,594,5
52690,job_16919,16919,1250,2109,16
52691,job_16920,16920,1934,2192,19
52691,job_16921,16921,1256,2372,32
52691,job_16922,16922,1678,2372,19
52695,job_16923,16923,303,435,5
52697,job_16924,16924,1247,1760,11
52699,job_16925,16925,1332,1816,31
52700,job_16926,16926,1367,2292,16
52702,job_16927,16927,1466,1050,24
52702,job_16928,16928,744,2252,43
52711,job_16929,16929,210,724,14
52711,job_16930,16930,962,2197,31
52712,job_16931,16931,1340,1568,22
52713,job_16932,16932,933,1747,37
52715,job_16933,16933,1070,2224,23
52715,job_16934,16934,1741,1362,10
52717,job_16935,16935,802,2620,34
52717,job_16936,16936,1262,1795,34
52719,job_16937,16937,987,1841,19
52721,job_16938,16938,1365,2318,10
52721,job_16939,16939,754,1579,11
52721,job_16940,16940,811,2096,12
52722,job_16941,16941,964,2905,12
52722,job_16942,16942,703,1931,46
52725,job_16943,16943,261,639,12
52726,job_16944,16944,1390,2181,29
52728,job_16945,16945,1450,1078,37
52729,job_16946,16946,1916,1618,35
52735,job_16947,16947,521,646,7
52737,job_16948,16948,1176,2522,31
52738,job_16949,16949,1320,1766,31
52740,job_16950,16950,927,2371,47
52741,job_16951,16951,1772,1605,50
52741,job_16952,16952,866,2091,36
52741,job_16953,16953,1152,2574,50
52742,job_16954,16954,1296,2890,35
52742,job_16955,16955,1338,1988,26
52742,job_16956,16956,934,1851,34
52743,job_16957,16957,628,2482,47
52745,job_16958,16958,739,2580,44
52746,job_16959,16959,1028,1518,29
52747,job_16960,16960,1045,2030,18
52749,job_16961,16961,831,1714,27
52751,job_16962,16962,1438,2604,48
52752,job_16963,16963,1479,1588,19
52757,job_16964,16964,223,477,11
52758,job_16965,16965,1031,1615,50
52759,job_16966,16966,1177,1734,50
52765,job_16967,16967,103,425,18
52774,job_16968,16968,458,617,20
52775,job_16969,16969,1050,2891,13
52777,job_16970,16970,405,489,17
52778,job_16971,16971,1747,1789,10
52778,job_16972,16972,1173,1744,24
52778,job_16973,16973,1430,2079,29
52778,job_16974,16974,848,2019,33
52778,job_16975,16975,1181,1402,21
52779,job_16976,16976,1483,2740,16
52781,job_16977,16977,986,2147,46
52782,job_16978,16978,1045,1919,11
52784,job_16979,16979,1090,2117,43
52785,job_16980,16980,1169,2606,47
52785,job_16981,16981,965,1827,45
52794,job_16982,16982,392,466,7
52795,job_16983,16983,1037,1824,17
52796,job_16984,16984,1598,1884,46
52796,job_16985,16985,1118,1711,49
52798,job_16986,16986,1353,2405,38
52798,job_16987,16987,1137,1676,42
52803,job_16988,16988,156,407,5
52803,job_16989,16989,1200,2050,27
52805,job_16990,16990,1313,1409,36
52806,job_16991,16991,1327,3095,11
52806,job_16992,16992,1326,1643,20
52806,job_16993,16993,1316,2230,11
52807,job_16994,16994,948,1710,20
52807,job_16995,16995,1522,2057,45
52808,job_16996,16996,1292,1539,15
52810,job_16997,16997,874,1845,29
52811,job_16998,16998,1057,959,46
52819,job_16999,16999,317,674,20
52821,job_17000,17000,1377,2318,47
52821,job_17001,17001,930,2030,23
52822,job_17002,17002,1282,1334,35
52824,job_17003,17003,1096,1867,35
52826,job_17004,17004,324,556,20
52827,job_17005,17005,1119,1869,16
52829,job_17006,17006,1628,1816,23
52830,job_17007,17007,1175,1394,19
52832,job_17008,17008,791,1902,11
52836,job_17009,17009,122,494,18
52837,job_17010,17010,862,2402,18
52842,job_17011,17011,389,619,10
52851,job_17012,17012,288,493,14
52851,job_17013,17013,718,2055,36
52853,job_17014,17014,1130,2200,11
52855,job_17015,17015,854,1585,23
52861,job_17016,17016,148,467,9
52862,job_17017,17017,1147,1085,39
52864,job_17018,17018,1233,681,11
52866,job_17019,17019,1097,2486,22
52868,job_17020,17020,1199,2335,23
52868,job_17021,17021,1286,1585,34
52870,job_17022,17022,920,2865,23
52872,job_17023,17023,1579,1980,49
52874,job_17024,17024,1410,1785,13
52876,job_17025,17025,302,477,20
52877,job_17026,17026,965,2213,39
52878,job_17027,17027,1023,1867,29
52880,job_17028,17028,1408,1645,26
52882,job_17029,17029,1214,1927,32
52882,job_17030,17030,1088,2032,29
52890,job_17031,17031,267,457,20
52896,job_17032,17032,234,499,10
52897,job_17033,17033,1017,1583,36
52898,job_17034,17034,1367,1622,14
52906,job_17035,17035,339,556,12
52906,job_17036,17036,911,1835,28
52907,job_17037,17037,1274,2503,47
52913,job_17038,17038,453,393,14
52914,job_17039,17039,1397,1604,16
52915,job_17040,17040,1056,2487,27
52916,job_17041,17041,1463,1748,42
52918,job_17042,17042,850,2073,22
52920,job_17043,17043,1686,2401,31
52922,job_17044,17044,1547,2700,34
52922,job_17045,17045,439,1707,46
52924,job_17046,17046,802,2070,24
52926,job_17047,17047,932,2277,33
52926,job_17048,17048,1255,2699,22
52934,job_17049,17049,238,556,20
52935,job_17050,17050,1075,2547,20
52936,job_17051,17051,1597,1488,32
52937,job_17052,17052,775,2256,33
52938,job_17053,17053,1362,2178,41
52945,job_17054,17054,325,430,16
52954,job_17055,17055,161,617,7
52962,job_17056,17056,242,622,9
52964,job_17057,17057,1199,2839,26
52964,job_17058,17058,1400,1904,39
52965,job_17059,17059,1050,2150,12
52967,job_17060,17060,1169,2281,14
52967,job_17061,17061,1225,1865,27
52969,job_17062,17062,857,2452,13
52969,job_17063,17063,1678,2879,50
52971,job_17064,17064,1374,1860,34
52973,job_17065,17065,1166,1353,20
52974,job_17066,17066,944,2544,12
52976,job_17067,17067,929,2971,33
52976,job_17068,17068,1327,1570,17
52976,job_17069,17069,1551,2466,43
52981,job_17070,17070,255,738,13
52987,job_17071,17071,341,509,19
52989,job_17072,17072,1364,1590,50
52990,job_17073,17073,1022,1912,17
52992,job_17074,17074,1466,1472,27
52994,job_17075,17075,1366,2872,40
52995,job_17076,17076,1199,2157,17
53002,job_17077,17077,201,557,18
53002,job_17078,17078,939,2908,25
53004,job_17079,17079,1084,1120,48
53004,job_17080,17080,1503,2536,32
53004,job_17081,17081,1374,1685,44
53005,job_17082,17082,972,1434,44
53007,job_17083,17083,1541,2859,15
53007,job_17084,17084,1131,1747,40
53016,job_17085,17085,431,457,8
53017,job_17086,17086,1198,2115,25
53018,job_17087,17087,1174,2232,42
53020,job_17088,17088,1040,1548,19
53020,job_17089,17089,1402,1384,41
53021,job_17090,17090,1386,1536,11
53022,job_17091,17091,1032,2493,38
53022,job_17092,17092,1422,2068,11
53022,job_17093,17093,1475,2166,28
53022,job_17094,17094,1100,1569,40
53022,job_17095,17095,1962,2611,47
53022,job_17096,17096,1636,2714,46
53028,job_17097,17097,158,584,9
53037,job_17098,17098,190,768,12
53037,job_17099,17099,1092,2122,32
53037,job_17100,17100,1579,2310,18
53038,job_17101,17101,1414,1930,13
53038,job_17102,17102,1484,1668,26
53040,job_17103,17103,1510,1929,46
53040,job_17104,17104,1363,1885,21
53041,job_17105,17105,741,1567,38
53042,job_17106,17106,1458,2066,29
53044,job_17107,17107,1334,1311,43
53044,job_17108,17108,977,1591,24
53049,job_17109,17109,304,533,10
53051,job_17110,17110,1290,2273,17
53052,job_17111,17111,895,2116,47
53054,job_17112,17112,950,3046,32
53054,job_17113,17113,1140,1404,20
53064,job_17114,17114,420,437,9
53066,job_17115,17115,1057,1802,10
53068,job_17116,17116,848,1828,17
53070,job_17117,17117,943,2457,46
53073,job_17118,17118,100,524,6
53075,job_17119,17119,1155,2290,33
53080,job_17120,17120,352,348,17
53082,job_17121,17121,1086,3024,38
53082,job_17122,17122,998,2392,45
53082,job_17123,17123,1412,2446,25
53085,job_17124,17124,271,415,20
53087,job_17125,17125,1610,2238,50
53094,job_17126,17126,208,518,18
53094,job_17127,17127,1590,1615,42
53095,job_17128,17128,1430,1891,14
53095,job_17129,17129,1136,2172,46
53097,job_17130,17130,443,467,16
53099,job_17131,17131,829,2159,29
53107,job_17132,17132,327,375,19
53108,job_17133,17133,1229,2368,47
53109,job_17134,17134,1706,1884,20
53110,job_17135,17135,526,2014,39
53112,job_17136,17136,1573,2404,32
53114,job_17137,17137,1455,2674,49
53114,job_17138,17138,1437,2372,48
53123,job_17139,17139,255,521,8
53123,job_17140,17140,1598,2099,42
53125,job_17141,17141,1098,1480,35
53126,job_17142,17142,947,1877,29
53128,job_17143,17143,321,614,20
53136,job_17144,17144,245,546,16
53137,job_17145,17145,1254,2217,15
53142,job_17146,17146,388,505,19
53143,job_17147,17147,460,2185,27
53144,job_17148,17148,1280,1777,26
53144,job_17149,17149,1242,1995,25
53151,job_17150,17150,580,465,5
53152,job_17151,17151,1538,2905,19
53152,job_17152,17152,1053,2944,43
53153,job_17153,17153,917,2023,47
53153,job_17154,17154,1032,1882,14
53154,job_17155,17155,1197,3340,22
53155,job_17156,17156,1326,635,24
53157,job_17157,17157,1313,1911,12
53159,job_17158,17158,1082,2883,24
53160,job_17159,17159,1128,2093,38
53168,job_17160,17160,149,496,10
53169,job_17161,17161,1496,2599,34
53170,job_17162,17162,924,2438,47
53171,job_17163,17163,1124,1854,28
53171,job_17164,17164,1009,1830,16
53179,job_17165,17165,100,501,10
53179,job_17166,17166,1015,1545,23
53181,job_17167,17167,1020,2040,30
53191,job_17168,17168,421,603,9
53192,job_17169,17169,1030,1855,47
53194,job_17170,17170,1733,1613,11
53196,job_17171,17171,1305,1622,12
53196,job_17172,17172,1426,1539,21
53198,job_17173,17173,1326,2800,34
53199,job_17174,17174,873,1683,11
53200,job_17175,17175,1669,1801,30
53201,job_17176,17176,1017,3234,21
53201,job_17177,17177,918,2247,20
53205,job_17178,17178,311,497,19
53206,job_17179,17179,1444,2510,25
53206,job_17180,17180,998,3270,39
53206,job_17181,17181,988,1960,44
53208,job_17182,17182,837,2391,25
53210,job_17183,17183,1073,1581,36
53219,job_17184,17184,477,512,18
53221,job_17185,17185,1232,1971,44
53230,job_17186,17186,272,522,5
53231,job_17187,17187,1263,2941,32
53233,job_17188,17188,1276,1830,42
53235,job_17189,17189,1640,2084,40
53237,job_17190,17190,1616,1292,22
53239,job_17191,17191,1305,2152,48
53241,job_17192,17192,1584,1813,25
53243,job_17193,17193,845,1794,15
53243,job_17194,17194,463,1956,37
53245,job_17195,17195,1088,1676,36
53247,job_17196,17196,327,517,5
53251,job_17197,17197,324,479,16
53253,job_17198,17198,1323,2752,40
53254,job_17199,17199,1545,2274,30
53255,job_17200,17200,930,1966,35
53257,job_17201,17201,1116,2642,25
53258,job_17202,17202,787,2377,43
53268,job_17203,17203,241,559,9
53270,job_17204,17204,1086,2291,11
53277,job_17205,17205,299,476,7
53278,job_17206,17206,1276,2068,31
53280,job_17207,17207,381,585,9
53281,job_17208,17208,1123,1645,38
53281,job_17209,17209,1273,2599,12
53281,job_17210,17210,1379,2248,40
53289,job_17211,17211,173,425,16
53290,job_17212,17212,1450,1565,36
53291,job_17213,17213,1412,1432,33
53295,job_17214,17214,383,600,13
53297,job_17215,17215,352,553,20
53299,job_17216,17216,1011,1389,17
53306,job_17217,17217,345,660,16
53312,job_17218,17218,371,491,7
53314,job_17219,17219,1592,2397,31
53318,job_17220,17220,360,580,7
53319,job_17221,17221,1348,1600,21
53321,job_17222,17222,1720,1929,11
53326,job_17223,17223,337,370,20
53326,job_17224,17224,1145,1735,47
53336,job_17225,17225,324,594,5
53337,job_17226,17226,987,3073,22
53338,job_17227,17227,1273,1740,13
53338,job_17228,17228,1828,2011,39
53348,job_17229,17229,323,441,15
53355,job_17230,17230,307,598,18
53355,job_17231,17231,1076,2326,33
53357,job_17232,17232,1587,1480,32
53358,job_17233,17233,1337,2051,34
53358,job_17234,17234,687,2852,31
53359,job_17235,17235,972,1000,32
53361,job_17236,17236,1219,991,24
53362,job_17237,17237,1231,2038,39
53362,job_17238,17238,1186,2064,16
53363,job_17239,17239,754,2134,40
53363,job_17240,17240,990,2633,24
53363,job_17241,17241,2028,2351,13
53365,job_17242,17242,917,2048,34
53366,job_17243,17243,757,2120,40
53367,job_17244,17244,1118,1803,20
53367,job_17245,17245,1282,1661,41
53369,job_17246,17246,363,522,12
53371,job_17247,17247,1229,1530,29
53375,job_17248,17248,323,597,19
53376,job_17249,17249,1641,2640,44
53378,job_17250,17250,1656,2699,25
53378,job_17251,17251,1342,1098,46
53379,job_17252,17252,1459,2246,12
53382,job_17253,17253,506,491,6
53384,job_17254,17254,1170,2278,44
53384,job_17255,17255,1207,2709,10
53384,job_17256,17256,1204,1490,23
53384,job_17257,17257,1296,2537,13
53385,job_17258,17258,658,2447,48
53385,job_17259,17259,1338,1289,30
53386,job_17260,17260,975,2143,34
53387,job_17261,17261,928,1918,26
53387,job_17262,17262,701,1262,36
53387,job_17263,17263,1064,1970,13
53387,job_17264,17264,1135,2136,39
53387,job_17265,17265,1644,2097,21
53388,job_17266,17266,1224,2788,17
53389,job_17267,17267,1399,992,20
53398,job_17268,17268,167,386,18
53398,job_17269,17269,1377,1689,32
53399,job_17270,17270,890,1956,19
53399,job_17271,17271,1676,2056,26
53400,job_17272,17272,1272,2415,36
53401,job_17273,17273,1245,2290,26
53401,job_17274,17274,1675,1651,30
53409,job_17275,17275,377,387,10
53418,job_17276,17276,382,619,12
53420,job_17277,17277,1409,1564,28
53421,job_17278,17278,1370,1186,50
53423,job_17279,17279,911,641,35
53429,job_17280,17280,309,596,14
53437,job_17281,17281,360,451,6
53437,job_17282,17282,1028,2256,29
53437,job_17283,17283,1309,2007,27
53439,job_17284,17284,1593,1749,42
53448,job_17285,17285,223,612,16
53450,job_17286,17286,1238,2243,43
53451,job_17287,17287,1051,2023,48
53453,job_17288,17288,1414,2807,46
53453,job_17289,17289,1499,2381,34
53453,job_17290,17290,916,2038,20
53453,job_17291,17291,1282,2263,17
53454,job_17292,17292,1365,2543,13
53454,job_17293,17293,1751,1184,28
53456,job_17294,17294,154,611,13
53460,job_17295,17295,443,550,7
53462,job_17296,17296,1699,1721,47
53464,job_17297,17297,567,2316,17
53467,job_17298,17298,451,475,18
53467,job_17299,17299,726,2443,15
53468,job_17300,17300,1402,1819,31
53469,job_17301,17301,1208,1468,28
53477,job_17302,17302,321,577,19
53477,job_17303,17303,927,2052,26
53479,job_17304,17304,1174,1609,12
53481,job_17305,17305,1499,3140,43
53482,job_17306,17306,1188,1199,26
53490,job_17307,17307,252,529,8
53492,job_17308,17308,325,508,6
53498,job_17309,17309,217,661,16
53502,job_17310,17310,328,339,11
53511,job_17311,17311,327,551,8
53513,job_17312,17312,1371,1696,36
53521,job_17313,17313,295,467,14
53527,job_17314,17314,210,623,9
53529,job_17315,17315,1283,1554,34
53536,job_17316,17316,319,648,19
53538,job_17317,17317,966,1901,44
53540,job_17318,17318,208,403,16
53540,job_17319,17319,845,2226,26
53541,job_17320,17320,1100,2238,19
53543,job_17321,17321,974,1749,10
53544,job_17322,17322,1805,1146,42
53546,job_17323,17323,1403,2423,19
53547,job_17324,17324,385,1753,21
53548,job_17325,17325,839,2144,29
53551,job_17326,17326,276,744,16
53556,job_17327,17327,504,537,17
53556,job_17328,17328,1015,1776,24
53556,job_17329,17329,1235,2070,37
53557,job_17330,17330,1665,2713,49
53558,job_17331,17331,874,1327,40
53558,job_17332,17332,1638,2396,24
53560,job_17333,17333,1222,1258,33
53562,job_17334,17334,495,2617,19
53565,job_17335,17335,271,527,10
53573,job_17336,17336,292,320,13
53576,job_17337,17337,325,853,8
53578,job_17338,17338,1632,1863,50
53580,job_17339,17339,1537,2660,27
53582,job_17340,17340,421,503,11
53591,job_17341,17341,224,532,16
53592,job_17342,17342,1343,1923,32
53597,job_17343,17343,277,491,10
53605,job_17344,17344,413,761,10
53606,job_17345,17345,1302,1389,29
53608,job_17346,17346,1285,2125,23
53616,job_17347,17347,217,660,17
53625,job_17348,17348,335,483,8
53631,job_17349,17349,297,490,19
53631,job_17350,17350,1392,2155,32
53636,job_17351,17351,188,571,19
53637,job_17352,17352,1140,2204,38
53639,job_17353,17353,185,554,6
53640,job_17354,17354,861,2636,38
53642,job_17355,17355,1177,1636,45
53650,job_17356,17356,225,440,14
53650,job_17357,17357,1329,2365,22
53652,job_17358,17358,1445,2129,34
53653,job_17359,17359,1019,2113,23
53654,job_17360,17360,909,708,33
53664,job_17361,17361,307,455,8
53673,job_17362,17362,348,583,7
53675,job_17363,17363,840,2131,35
53676,job_17364,17364,773,1725,45
53679,job_17365,17365,269,429,14
53681,job_17366,17366,1176,2186,28
53691,job_17367,17367,267,484,12
53697,job_17368,17368,178,675,18
53699,job_17369,17369,806,2470,34
53701,job_17370,17370,977,3237,44
53706,job_17371,17371,221,527,12
53708,job_17372,17372,936,1330,50
53709,job_17373,17373,1380,1412,45
53718,job_17374,17374,271,518,13
53718,job_17375,17375,1062,1129,22
53727,job_17376,17376,343,578,16
53729,job_17377,17377,948,1958,40
53729,job_17378,17378,1569,1822,31
53729,job_17379,17379,1474,1637,15
53731,job_17380,17380,1179,2511,12
53732,job_17381,17381,1266,2084,26
53732,job_17382,17382,960,1583,33
53734,job_17383,17383,1095,1074,41
53736,job_17384,17384,712,1595,12
53742,job_17385,17385,291,525,9
53742,job_17386,17386,987,2253,33
53744,job_17387,17387,1256,1686,48
53754,job_17388,17388,285,466,15
53755,job_17389,17389,1391,2795,50
53763,job_17390,17390,245,272,8
53763,job_17391,17391,1046,1857,38
53773,job_17392,17392,414,277,17
53775,job_17393,17393,822,1565,31
53775,job_17394,17394,582,2583,31
53775,job_17395,17395,748,2177,11
53784,job_17396,17396,368,605,9
53792,job_17397,17397,240,396,20
53794,job_17398,17398,1377,2034,10
53796,job_17399,17399,1390,2418,18
53798,job_17400,17400,1424,2021,49
53802,job_17401,17401,407,645,16
53802,job_17402,17402,943,2172,27
53811,job_17403,17403,386,558,14
53812,job_17404,17404,1521,2510,50
53816,job_17405,17405,386,590,11
53820,job_17406,17406,255,513,15
53827,job_17407,17407,431,607,17
53829,job_17408,17408,1525,2233,13
53830,job_17409,17409,1922,1621,35
53830,job_17410,17410,916,1769,16
53832,job_17411,17411,179,510,7
53833,job_17412,17412,1264,1448,22
53836,job_17413,17413,354,635,8
53836,job_17414,17414,1574,2232,41
53837,job_17415,17415,886,1767,36
53837,job_17416,17416,1443,1792,22
53846,job_17417,17417,246,742,13
53849,job_17418,17418,137,387,20
53857,job_17419,17419,503,625,14
53857,job_17420,17420,1749,2196,30
53858,job_17421,17421,1848,2523,35
53859,job_17422,17422,1391,2548,48
53868,job_17423,17423,529,601,20
53870,job_17424,17424,439,591,19
53876,job_17425,17425,238,370,19
53885,job_17426,17426,279,547,17
53886,job_17427,17427,895,1911,14
53895,job_17428,17428,244,626,19
53896,job_17429,17429,1311,2018,44
53898,job_17430,17430,1195,1883,49
53899,job_17431,17431,1458,1011,50
53899,job_17432,17432,1547,2209,39
53900,job_17433,17433,1483,2979,29
53900,job_17434,17434,1443,2555,44
53900,job_17435,17435,1390,627,50
53900,job_17436,17436,1068,1397,10
53902,job_17437,17437,697,1024,13
53902,job_17438,17438,648,1599,30
53912,job_17439,17439,355,276,8
53912,job_17440,17440,499,2412,42
53914,job_17441,17441,1403,1551,30
53915,job_17442,17442,664,2793,19
53923,job_17443,17443,152,585,15
53923,job_17444,17444,1484,1972,45
53923,job_17445,17445,974,2040,40
53925,job_17446,17446,1112,1614,31
53925,job_17447,17447,1063,1755,13
53935,job_17448,17448,320,585,20
53935,job_17449,17449,687,1549,37
53935,job_17450,17450,1181,2463,47
53935,job_17451,17451,1924,2179,28
53936,job_17452,17452,1018,2135,15
53942,job_17453,17453,215,390,11
53943,job_17454,17454,1103,1436,40
53944,job_17455,17455,1123,1034,49
53946,job_17456,17456,427,530,18
53946,job_17457,17457,1047,2301,46
53946,job_17458,17458,1300,1618,14
53948,job_17459,17459,474,2011,38
53950,job_17460,17460,321,560,6
53951,job_17461,17461,1003,2071,40
53961,job_17462,17462,206,546,16
53961,job_17463,17463,916,2542,44
53961,job_17464,17464,1468,1975,25
53963,job_17465,17465,1294,1809,43
53965,job_17466,17466,1580,1135,32
53965,job_17467,17467,670,1953,33
53965,job_17468,17468,800,1528,32
53966,job_17469,17469,1190,2286,11
53973,job_17470,17470,400,652,5
53980,job_17471,17471,358,638,16
53981,job_17472,17472,1277,1356,20
53991,job_17473,17473,307,671,8
53993,job_17474,17474,1075,2210,27
53993,job_17475,17475,1609,2038,26
53995,job_17476,17476,1213,1517,11
53996,job_17477,17477,1057,2288,43
53998,job_17478,17478,1325,1893,50
53999,job_17479,17479,1420,1875,48
54001,job_17480,17480,1537,1962,16
54007,job_17481,17481,326,548,12
54011,job_17482,17482,254,606,11
54012,job_17483,17483,796,1892,46
54012,job_17484,17484,969,1401,34
54014,job_17485,17485,1563,2723,22
54014,job_17486,17486,1158,1668,50
54016,job_17487,17487,622,2649,44
54018,job_17488,17488,1587,2841,10
54018,job_17489,17489,866,2145,33
54019,job_17490,17490,1579,1310,46
54021,job_17491,17491,1428,2408,31
54031,job_17492,17492,223,387,17
54035,job_17493,17493,148,579,12
54035,job_17494,17494,1422,2652,49
54035,job_17495,17495,1668,2456,14
54035,job_17496,17496,1464,1476,48
54038,job_17497,17497,361,401,20
54047,job_17498,17498,314,609,13
54049,job_17499,17499,1672,1747,25
54055,job_17500,17500,233,422,5
54060,job_17501,17501,208,596,9
54063,job_17502,17502,214,524,12
54071,job_17503,17503,420,579,18
54071,job_17504,17504,995,2716,18
54073,job_17505,17505,568,1767,42
54075,job_17506,17506,1131,1961,35
54076,job_17507,17507,550,2745,27
54077,job_17508,17508,1182,2011,37
54082,job_17509,17509,320,331,13
54088,job_17510,17510,221,634,14
54091,job_17511,17511,167,489,11
54091,job_17512,17512,1413,1281,43
54093,job_17513,17513,1556,2498,33
54094,job_17514,17514,1378,1807,27
54103,job_17515,17515,174,554,6
54109,job_17516,17516,273,642,17
54111,job_17517,17517,957,2140,49
54112,job_17518,17518,1380,1981,38
54119,job_17519,17519,213,609,8
54119,job_17520,17520,1340,1404,38
54120,job_17521,17521,812,980,20
54122,job_17522,17522,1624,1991,24
54130,job_17523,17523,333,436,17
54134,job_17524,17524,224,464,16
54135,job_17525,17525,1239,2094,50
54136,job_17526,17526,1162,2574,38
54138,job_17527,17527,491,2118,39
54140,job_17528,17528,1151,1842,24
54143,job_17529,17529,253,536,17
54145,job_17530,17530,1002,2025,13
54153,job_17531,17531,385,443,7
54154,job_17532,17532,1084,1868,19
54154,job_17533,17533,735,2170,37
54162,job_17534,17534,235,471,6
54166,job_17535,17535,271,409,15
54169,job_17536,17536,335,572,17
54178,job_17537,17537,407,523,18
54179,job_17538,17538,722,2992,28
54182,job_17539,17539,217,570,12
54184,job_17540,17540,1309,2071,36
54185,job_17541,17541,948,2528,42
54186,job_17542,17542,454,2423,14
54186,job_17543,17543,1866,2090,15
54187,job_17544,17544,734,2763,38
54187,job_17545,17545,1388,2596,49
54192,job_17546,17546,283,501,12
54192,job_17547,17547,1304,2115,15
54192,job_17548,17548,718,2261,49
54193,job_17549,17549,607,1929,47
54199,job_17550,17550,206,450,18
54205,job_17551,17551,473,492,9
54208,job_17552,17552,214,710,12
54217,job_17553,17553,407,417,18
54217,job_17554,17554,914,2805,24
54225,job_17555,17555,258,660,7
54226,job_17556,17556,1328,1342,36
54226,job_17557,17557,716,1995,44
54228,job_17558,17558,335,419,20
54229,job_17559,17559,765,1866,50
54229,job_17560,17560,1421,2517,49
54230,job_17561,17561,1159,1923,14
54236,job_17562,17562,136,482,7
54242,job_17563,17563,329,550,20
54242,job_17564,17564,1379,1708,17
54243,job_17565,17565,1262,1741,28
54245,job_17566,17566,672,2282,37
54247,job_17567,17567,1717,2580,34
54257,job_17568,17568,253,481,5
54261,job_17569,17569,206,477,18
54270,job_17570,17570,344,597,15
54271,job_17571,17571,1306,2147,25
54279,job_17572,17572,353,395,17
54285,job_17573,17573,469,494,17
54285,job_17574,17574,1433,1350,21
54293,job_17575,17575,407,682,16
54295,job_17576,17576,1360,2417,17
54295,job_17577,17577,1341,2201,46
54295,job_17578,17578,825,1848,25
54303,job_17579,17579,349,544,17
54304,job_17580,17580,1289,1898,50
54305,job_17581,17581,1447,1877,28
54314,job_17582,17582,301,459,18
54316,job_17583,17583,1325,1457,49
54318,job_17584,17584,481,366,19
54319,job_17585,17585,902,1904,42
54327,job_17586,17586,319,455,20
54329,job_17587,17587,1070,2261,48
54329,job_17588,17588,1240,1805,16
54336,job_17589,17589,389,652,14
54337,job_17590,17590,1178,2124,35
54337,job_17591,17591,1214,3602,40
54339,job_17592,17592,1162,1394,28
54340,job_17593,17593,1148,474,16
54345,job_17594,17594,344,492,13
54347,job_17595,17595,1703,2240,21
54350,job_17596,17596,166,573,19
54350,job_17597,17597,639,2057,18
54355,job_17598,17598,185,529,12
54356,job_17599,17599,1014,1716,45
54365,job_17600,17600,350,390,5
54365,job_17601,17601,1709,3349,39
54365,job_17602,17602,1263,1356,43
54365,job_17603,17603,1127,1236,27
54375,job_17604,17604,359,551,13
54384,job_17605,17605,245,745,17
54394,job_17606,17606,349,406,14
54399,job_17607,17607,300,415,9
54403,job_17608,17608,103,607,16
54403,job_17609,17609,1444,1168,32
54404,job_17610,17610,1224,2053,33
54404,job_17611,17611,1365,1521,31
54412,job_17612,17612,361,289,13
54413,job_17613,17613,1041,1510,29
54419,job_17614,17614,196,504,8
54428,job_17615,17615,167,461,14
54433,job_17616,17616,557,509,13
54434,job_17617,17617,1157,1698,20
54434,job_17618,17618,1263,2902,43
54434,job_17619,17619,947,1622,49
54442,job_17620,17620,491,502,9
54446,job_17621,17621,354,376,11
54456,job_17622,17622,125,728,16
54465,job_17623,17623,462,423,10
54467,job_17624,17624,1401,2183,32
54469,job_17625,17625,1401,1390,10
54471,job_17626,17626,1102,2503,32
54481,job_17627,17627,515,439,15
54490,job_17628,17628,512,502,6
54500,job_17629,17629,297,518,7
54500,job_17630,17630,959,1936,34
54504,job_17631,17631,218,581,7
54504,job_17632,17632,1090,2916,10
54506,job_17633,17633,1495,1816,16
54508,job_17634,17634,1202,2149,35
54508,job_17635,17635,998,1897,10
54512,job_17636,17636,222,737,18
54513,job_17637,17637,1069,2146,37
54515,job_17638,17638,387,540,17
54516,job_17639,17639,827,2469,38
54517,job_17640,17640,1747,2448,43
54518,job_17641,17641,1448,1659,36
54518,job_17642,17642,771,1837,10
54519,job_17643,17643,1342,1687,17
54523,job_17644,17644,400,453,14
54523,job_17645,17645,524,2488,27
54524,job_17646,17646,988,2466,17
54525,job_17647,17647,1162,2014,38
54535,job_17648,17648,208,488,7
54544,job_17649,17649,308,590,10
54552,job_17650,17650,306,399,18
54553,job_17651,17651,1409,1203,18
54553,job_17652,17652,1505,998,13
54554,job_17653,17653,1429,2261,10
54557,job_17654,17654,357,480,19
54560,job_17655,17655,505,382,5
54561,job_17656,17656,1359,1983,38
54562,job_17657,17657,556,2190,36
54563,job_17658,17658,740,2181,48
54565,job_17659,17659,1536,2174,34
54569,job_17660,17660,212,470,14
54573,job_17661,17661,280,453,12
54574,job_17662,17662,1288,2632,34
54582,job_17663,17663,283,623,16
54583,job_17664,17664,1488,2681,22
54587,job_17665,17665,358,333,10
54589,job_17666,17666,1412,2224,20
54592,job_17667,17667,221,384,20
54598,job_17668,17668,205,509,18
54599,job_17669,17669,1222,1379,42
54604,job_17670,17670,303,452,20
54610,job_17671,17671,370,451,11
54620,job_17672,17672,298,509,8
54622,job_17673,17673,365,547,13
54627,job_17674,17674,367,430,15
54636,job_17675,17675,211,485,20
54637,job_17676,17676,1295,1718,49
54639,job_17677,17677,932,2151,33
54640,job_17678,17678,1404,1359,39
54642,job_17679,17679,1545,1843,34
54642,job_17680,17680,1226,1579,45
54644,job_17681,17681,1036,2318,40
54648,job_17682,17682,242,733,15
54650,job_17683,17683,1644,1592,32
54652,job_17684,17684,1049,1933,25
54654,job_17685,17685,911,1968,24
54659,job_17686,17686,217,403,8
54660,job_17687,17687,1106,2029,49
54664,job_17688,17688,212,453,6
54671,job_17689,17689,293,393,20
54672,job_17690,17690,1471,1930,41
54678,job_17691,17691,262,549,18
54686,job_17692,17692,311,395,13
54692,job_17693,17693,132,577,16
54702,job_17694,17694,420,590,20
54708,job_17695,17695,290,604,19
54708,job_17696,17696,983,2322,45
54709,job_17697,17697,1033,1146,27
54713,job_17698,17698,437,575,6
54720,job_17699,17699,162,516,16
54720,job_17700,17700,1216,2292,41
54729,job_17701,17701,331,453,11
54730,job_17702,17702,965,1587,36
54732,job_17703,17703,1090,2432,32
54740,job_17704,17704,280,567,13
54743,job_17705,17705,276,495,13
54745,job_17706,17706,1011,1674,43
54747,job_17707,17707,1462,1553,36
54748,job_17708,17708,1361,2311,45
54748,job_17709,17709,1816,2292,27
54751,job_17710,17710,100,688,14
54751,job_17711,17711,1216,1594,39
54752,job_17712,17712,885,1569,21
54754,job_17713,17713,892,2301,43
54756,job_17714,17714,1510,1178,16
54757,job_17715,17715,1421,2234,43
54758,job_17716,17716,1908,2088,38
54760,job_17717,17717,1460,2670,35
54762,job_17718,17718,100,425,5
54770,job_17719,17719,341,471,17
54770,job_17720,17720,1531,2043,32
54772,job_17721,17721,1773,2855,29
54772,job_17722,17722,1254,1953,38
54772,job_17723,17723,863,1851,26
54776,job_17724,17724,353,431,18
54776,job_17725,17725,1173,1934,15
54777,job_17726,17726,699,2645,23
54777,job_17727,17727,734,2078,41
54777,job_17728,17728,1319,1679,29
54785,job_17729,17729,267,390,20
54791,job_17730,17730,344,330,10
54792,job_17731,17731,1472,2243,13
54794,job_17732,17732,284,780,18
54794,job_17733,17733,1008,1809,47
54799,job_17734,17734,470,644,9
54799,job_17735,17735,466,2568,10
54801,job_17736,17736,1375,1679,26
54803,job_17737,17737,1161,1933,11
54805,job_17738,17738,1470,1185,43
54810,job_17739,17739,347,543,10
54810,job_17740,17740,1374,2007,45
54818,job_17741,17741,228,323,19
54826,job_17742,17742,268,630,18
54827,job_17743,17743,1829,2139,26
54829,job_17744,17744,1530,1590,44
54834,job_17745,17745,328,523,17
54844,job_17746,17746,301,503,16
54845,job_17747,17747,1036,1853,33
54847,job_17748,17748,364,495,17
54857,job_17749,17749,246,431,12
54859,job_17750,17750,659,2605,37
54861,job_17751,17751,1823,2498,22
54868,job_17752,17752,295,614,11
54878,job_17753,17753,368,472,9
54880,job_17754,17754,332,487,19
54880,job_17755,17755,1432,2809,14
54882,job_17756,17756,1440,2241,43
54885,job_17757,17757,418,515,17
54887,job_17758,17758,420,705,11
54890,job_17759,17759,296,369,7
54896,job_17760,17760,307,517,8
54897,job_17761,17761,879,1503,49
54899,job_17762,17762,699,1600,31
54900,job_17763,17763,1341,1642,36
54900,job_17764,17764,1476,1976,18
54901,job_17765,17765,947,1889,28
54903,job_17766,17766,1629,2374,16
54910,job_17767,17767,340,347,12
54917,job_17768,17768,426,597,8
54919,job_17769,17769,1659,2084,32
54924,job_17770,17770,162,353,11
54925,job_17771,17771,1352,2939,42
54934,job_17772,17772,360,687,5
54935,job_17773,17773,1454,2050,37
54941,job_17774,17774,146,557,14
54943,job_17775,17775,1460,1330,43
54950,job_17776,17776,326,490,12
54956,job_17777,17777,216,569,5
54958,job_17778,17778,1367,1298,32
54962,job_17779,17779,318,461,11
54963,job_17780,17780,1441,2535,18
54969,job_17781,17781,519,492,8
54977,job_17782,17782,213,475,7
54979,job_17783,17783,1026,2354,24
54988,job_17784,17784,341,487,19
54992,job_17785,17785,396,474,5
54994,job_17786,17786,597,2212,28
54994,job_17787,17787,812,2599,18
54994,job_17788,17788,1190,2132,45
54999,job_17789,17789,322,545,8
54999,job_17790,17790,1423,946,42
54999,job_17791,17791,1420,1501,41
55002,job_17792,17792,385,491,15
55012,job_17793,17793,437,830,17
55014,job_17794,17794,967,2551,50
55021,job_17795,17795,143,643,16
55022,job_17796,17796,727,1743,30
55022,job_17797,17797,1480,1699,11
55026,job_17798,17798,278,552,9
55034,job_17799,17799,367,491,9
55035,job_17800,17800,1422,1928,18
55045,job_17801,17801,296,634,17
55047,job_17802,17802,1154,3109,15
55051,job_17803,17803,334,608,14
55051,job_17804,17804,1325,2788,32
55055,job_17805,17805,156,502,13
55057,job_17806,17806,1056,1838,25
55058,job_17807,17807,1172,1914,31
55060,job_17808,17808,1425,2069,43
55063,job_17809,17809,163,639,13
55072,job_17810,17810,237,595,14
55082,job_17811,17811,284,324,11
55082,job_17812,17812,1240,1620,27
55083,job_17813,17813,1401,1886,28
55084,job_17814,17814,1371,1913,29
55086,job_17815,17815,1519,1544,14
55092,job_17816,17816,426,387,7
55094,job_17817,17817,398,473,6
55097,job_17818,17818,242,489,5
55098,job_17819,17819,1125,2048,17
55101,job_17820,17820,298,554,13
55105,job_17821,17821,437,427,16
55111,job_17822,17822,337,460,13
55111,job_17823,17823,1362,2069,39
55120,job_17824,17824,462,467,15
55126,job_17825,17825,302,553,14
55131,job_17826,17826,193,535,17
55133,job_17827,17827,1447,2504,43
55134,job_17828,17828,1353,2665,48
55134,job_17829,17829,973,1561,36
55136,job_17830,17830,774,1543,20
55146,job_17831,17831,328,508,5
55150,job_17832,17832,153,384,12
55152,job_17833,17833,1235,1743,40
55161,job_17834,17834,335,404,17
55169,job_17835,17835,404,328,19
55177,job_17836,17836,100,622,8
55178,job_17837,17837,1139,2084,19
55179,job_17838,17838,1234,2592,24
55181,job_17839,17839,449,522,16
55184,job_17840,17840,224,631,7
55186,job_17841,17841,1060,1854,37
55188,job_17842,17842,235,506,11
55190,job_17843,17843,210,499,16
55195,job_17844,17844,274,609,13
55204,job_17845,17845,262,615,8
55211,job_17846,17846,311,490,20
55221,job_17847,17847,269,426,8
55226,job_17848,17848,575,746,17
55233,job_17849,17849,398,600,7
55233,job_17850,17850,1187,1844,21
55241,job_17851,17851,416,343,5
55245,job_17852,17852,173,486,12
55254,job_17853,17853,458,632,15
55259,job_17854,17854,274,484,6
55260,job_17855,17855,1599,2131,27
55262,job_17856,17856,904,1709,22
55268,job_17857,17857,261,648,8
55273,job_17858,17858,418,447,8
55277,job_17859,17859,330,627,20
55279,job_17860,17860,360,571,8
55280,job_17861,17861,1418,2360,47
55286,job_17862,17862,177,554,7
55296,job_17863,17863,212,499,8
55300,job_17864,17864,284,592,9
55302,job_17865,17865,989,2206,14
55307,job_17866,17866,407,512,8
55309,job_17867,17867,1477,1254,12
55309,job_17868,17868,1081,1859,17
55311,job_17869,17869,147,491,17
55313,job_17870,17870,224,459,6
55313,job_17871,17871,984,2091,28
55318,job_17872,17872,344,349,15
55323,job_17873,17873,288,568,11
55323,job_17874,17874,1535,2671,24
55329,job_17875,17875,294,561,11
55329,job_17876,17876,899,2412,20
55333,job_17877,17877,262,588,20
55335,job_17878,17878,1114,2551,30
55335,job_17879,17879,1257,1471,31
55337,job_17880,17880,1457,1757,26
55339,job_17881,17881,1009,2152,10
55343,job_17882,17882,323,466,14
55349,job_17883,17883,178,412,9
55355,job_17884,17884,243,579,18
55356,job_17885,17885,661,2144,36
55358,job_17886,17886,1166,1720,19
55361,job_17887,17887,235,724,11
55363,job_17888,17888,1502,2288,41
55371,job_17889,17889,382,492,9
55371,job_17890,17890,1052,1886,31
55373,job_17891,17891,100,606,13
55374,job_17892,17892,1128,2454,10
55376,job_17893,17893,1254,2125,19
55379,job_17894,17894,216,538,17
55386,job_17895,17895,297,406,12
55388,job_17896,17896,1336,2184,13
55398,job_17897,17897,101,422,8
55398,job_17898,17898,1002,2382,34
55401,job_17899,17899,175,440,17
55401,job_17900,17900,1839,2154,36
55407,job_17901,17901,340,524,15
55413,job_17902,17902,421,682,12
55413,job_17903,17903,1526,1695,29
55417,job_17904,17904,358,405,5
55424,job_17905,17905,257,585,6
55433,job_17906,17906,294,552,9
55433,job_17907,17907,1094,1634,42
55438,job_17908,17908,376,456,20
55442,job_17909,17909,174,654,7
55444,job_17910,17910,1506,1972,45
55447,job_17911,17911,216,528,16
55450,job_17912,17912,289,474,12
55459,job_17913,17913,245,441,19
55464,job_17914,17914,245,687,9
55467,job_17915,17915,294,562,19
55469,job_17916,17916,1437,2105,24
55476,job_17917,17917,503,555,9
55484,job_17918,17918,254,469,14
55488,job_17919,17919,491,696,5
55490,job_17920,17920,383,579,12
55495,job_17921,17921,255,346,7
55495,job_17922,17922,735,1882,47
55497,job_17923,17923,696,1813,22
55499,job_17924,17924,867,2978,42
55507,job_17925,17925,298,676,13
55516,job_17926,17926,297,641,13
55521,job_17927,17927,423,560,9
55521,job_17928,17928,1744,2493,42
55526,job_17929,17929,451,516,8
55536,job_17930,17930,399,524,19
55542,job_17931,17931,235,583,15
55542,job_17932,17932,2222,2353,31
55551,job_17933,17933,326,552,20
55553,job_17934,17934,1102,2274,32
55553,job_17935,17935,1333,2538,34
55563,job_17936,17936,133,353,17
55565,job_17937,17937,821,1530,34
55573,job_17938,17938,265,387,8
55575,job_17939,17939,1072,2393,25
55580,job_17940,17940,349,508,16
55586,job_17941,17941,185,411,18
55595,job_17942,17942,450,676,20
55601,job_17943,17943,410,570,8
55606,job_17944,17944,308,287,15
55611,job_17945,17945,253,556,10
55614,job_17946,17946,498,463,15
55622,job_17947,17947,419,612,14
55625,job_17948,17948,355,382,9
55627,job_17949,17949,1193,1758,42
55632,job_17950,17950,401,501,8
55638,job_17951,17951,192,539,10
55639,job_17952,17952,644,1729,30
55639,job_17953,17953,609,2043,33
55647,job_17954,17954,310,463,9
55655,job_17955,17955,339,357,7
55661,job_17956,17956,256,694,5
55663,job_17957,17957,278,461,5
55671,job_17958,17958,299,616,8
55674,job_17959,17959,372,355,20
55680,job_17960,17960,369,520,11
55685,job_17961,17961,390,600,13
55686,job_17962,17962,745,2314,31
55687,job_17963,17963,1102,2373,32
55687,job_17964,17964,1370,1440,47
55687,job_17965,17965,1665,1184,10
55697,job_17966,17966,337,419,9
55699,job_17967,17967,172,533,7
55703,job_17968,17968,323,432,18
55705,job_17969,17969,997,3544,31
55706,job_17970,17970,1582,1843,25
55714,job_17971,17971,355,660,17
55715,job_17972,17972,1267,1731,22
55717,job_17973,17973,1104,1956,34
55720,job_17974,17974,505,596,7
55720,job_17975,17975,1078,1068,40
55726,job_17976,17976,173,495,8
55730,job_17977,17977,287,224,18
55735,job_17978,17978,304,573,18
55745,job_17979,17979,189,473,20
55752,job_17980,17980,327,454,19
55754,job_17981,17981,1733,2009,49
55763,job_17982,17982,315,526,8
55766,job_17983,17983,465,559,6
55775,job_17984,17984,315,547,12
55782,job_17985,17985,375,448,7
55792,job_17986,17986,346,527,15
55801,job_17987,17987,382,643,9
55804,job_17988,17988,396,574,14
55811,job_17989,17989,202,385,16
55816,job_17990,17990,187,523,7
55818,job_17991,17991,315,378,16
55821,job_17992,17992,100,481,13
55822,job_17993,17993,1115,1711,39
55827,job_17994,17994,279,523,20
55828,job_17995,17995,660,1875,15
55830,job_17996,17996,765,1542,13
55839,job_17997,17997,457,451,9
55848,job_17998,17998,425,335,19
55851,job_17999,17999,240,467,13
55861,job_18000,18000,177,511,6
55868,job_18001,18001,288,408,7
55875,job_18002,18002,300,483,15
55875,job_18003,18003,910,1967,49
55875,job_18004,18004,913,1698,14
55879,job_18005,18005,494,636,10
55881,job_18006,18006,1147,2475,40
55890,job_18007,18007,258,558,20
55892,job_18008,18008,308,326,8
55902,job_18009,18009,100,372,5
55907,job_18010,18010,333,484,16
55916,job_18011,18011,253,496,13
55917,job_18012,18012,950,2105,28
55919,job_18013,18013,989,2010,10
55926,job_18014,18014,299,477,5
55926,job_18015,18015,1232,2013,38
55926,job_18016,18016,1676,1310,22
55932,job_18017,18017,345,646,14
55939,job_18018,18018,282,365,10
55941,job_18019,18019,1386,1770,14
55948,job_18020,18020,296,412,16
55956,job_18021,18021,287,428,20
55957,job_18022,18022,846,2233,26
55966,job_18023,18023,392,623,10
55967,job_18024,18024,792,1818,43
55971,job_18025,18025,431,508,18
55971,job_18026,18026,1099,1086,30
55981,job_18027,18027,340,608,17
55990,job_18028,18028,313,639,17
56000,job_18029,18029,311,408,10
56000,job_18030,18030,1096,2401,32
56007,job_18031,18031,182,490,7
56011,job_18032,18032,349,519,16
56018,job_18033,18033,218,494,11
56021,job_18034,18034,366,548,16
56023,job_18035,18035,965,1435,15
56028,job_18036,18036,313,509,11
56037,job_18037,18037,122,494,13
56039,job_18038,18038,1402,1974,41
56043,job_18039,18039,244,602,13
56052,job_18040,18040,461,563,15
56062,job_18041,18041,256,639,7
56071,job_18042,18042,224,582,13
56074,job_18043,18043,192,724,14
56082,job_18044,18044,503,397,18
56088,job_18045,18045,374,544,6
56090,job_18046,18046,728,2493,49
56100,job_18047,18047,299,603,16
56108,job_18048,18048,192,542,7
56113,job_18049,18049,247,477,5
56117,job_18050,18050,413,427,20
56126,job_18051,18051,311,699,13
56128,job_18052,18052,1338,2314,28
56129,job_18053,18053,1479,2039,31
56137,job_18054,18054,379,551,15
56139,job_18055,18055,478,487,14
56146,job_18056,18056,100,571,8
56153,job_18057,18057,245,503,7
56156,job_18058,18058,266,547,16
56157,job_18059,18059,899,1613,22
56159,job_18060,18060,1061,2420,39
56161,job_18061,18061,1088,2059,16
56168,job_18062,18062,279,561,15
56177,job_18063,18063,175,693,6
56179,job_18064,18064,419,530,5
56180,job_18065,18065,1089,2384,36
56189,job_18066,18066,339,546,20
56197,job_18067,18067,166,420,19
56199,job_18068,18068,278,442,6
56206,job_18069,18069,288,604,7
56209,job_18070,18070,228,355,14
56217,job_18071,18071,218,306,15
56226,job_18072,18072,379,534,12
56235,job_18073,18073,199,638,9
56237,job_18074,18074,1465,1757,28
56239,job_18075,18075,1268,1508,30
56249,job_18076,18076,251,650,16
56259,job_18077,18077,173,401,19
56265,job_18078,18078,385,496,5
56269,job_18079,18079,227,431,15
56269,job_18080,18080,1394,2930,10
56276,job_18081,18081,221,460,12
56283,job_18082,18082,455,500,16
56287,job_18083,18083,389,547,14
56288,job_18084,18084,1213,1459,31
56294,job_18085,18085,328,462,14
56303,job_18086,18086,346,500,13
56307,job_18087,18087,309,558,16
56312,job_18088,18088,241,590,8
56315,job_18089,18089,399,360,14
56325,job_18090,18090,239,664,19
56327,job_18091,18091,1327,2002,23
56333,job_18092,18092,489,556,19
56335,job_18093,18093,864,2587,21
56338,job_18094,18094,410,790,8
56338,job_18095,18095,1482,1437,19
56343,job_18096,18096,271,796,8
56349,job_18097,18097,308,476,11
56349,job_18098,18098,1391,2651,16
56358,job_18099,18099,202,391,11
56358,job_18100,18100,559,1069,12
56363,job_18101,18101,284,557,17
56365,job_18102,18102,154,678,16
56372,job_18103,18103,152,590,11
56375,job_18104,18104,125,548,8
56376,job_18105,18105,1780,1658,12
56378,job_18106,18106,992,2484,37
56386,job_18107,18107,272,527,10
56394,job_18108,18108,251,500,8
56394,job_18109,18109,920,1786,35
56404,job_18110,18110,299,542,19
56410,job_18111,18111,477,454,6
56413,job_18112,18112,334,410,14
56415,job_18113,18113,863,1044,39
56419,job_18114,18114,253,541,12
56420,job_18115,18115,1625,1708,15
56430,job_18116,18116,274,509,13
56440,job_18117,18117,270,368,17
56446,job_18118,18118,178,519,13
56449,job_18119,18119,287,430,15
56453,job_18120,18120,249,416,19
56462,job_18121,18121,311,469,17
56470,job_18122,18122,316,495,10
56477,job_18123,18123,282,650,10
56478,job_18124,18124,1040,1992,24
56479,job_18125,18125,829,2094,39
56484,job_18126,18126,100,531,5
56492,job_18127,18127,150,491,10
56492,job_18128,18128,1186,2327,33
56502,job_18129,18129,153,641,12
56505,job_18130,18130,391,505,10
56515,job_18131,18131,226,435,18
56519,job_18132,18132,267,384,14
56519,job_18133,18133,884,2671,27
56520,job_18134,18134,818,2706,50
56525,job_18135,18135,493,586,13
56525,job_18136,18136,1082,1892,13
56532,job_18137,18137,354,429,7
56534,job_18138,18138,1342,2887,48
56535,job_18139,18139,1412,2921,33
56535,job_18140,18140,1123,2144,29
56544,job_18141,18141,273,408,6
56554,job_18142,18142,405,688,17
56559,job_18143,18143,296,564,6
56568,job_18144,18144,188,541,20
56569,job_18145,18145,672,1810,29
56569,job_18146,18146,1306,2271,34
56575,job_18147,18147,318,420,10
56576,job_18148,18148,1378,1283,20
56584,job_18149,18149,495,486,14
56588,job_18150,18150,235,499,8
56595,job_18151,18151,280,740,9
56605,job_18152,18152,227,619,19
56607,job_18153,18153,1524,2123,50
56614,job_18154,18154,209,344,7
56619,job_18155,18155,152,482,20
56629,job_18156,18156,422,738,15
56629,job_18157,18157,1304,1576,10
56637,job_18158,18158,291,448,14
56639,job_18159,18159,289,500,7
56642,job_18160,18160,389,493,5
56643,job_18161,18161,837,1586,18
56644,job_18162,18162,1513,1935,30
56648,job_18163,18163,159,394,5
56654,job_18164,18164,234,543,6
56654,job_18165,18165,1128,3498,22
56654,job_18166,18166,1440,2715,19
56656,job_18167,18167,477,306,7
56664,job_18168,18168,352,537,5
56670,job_18169,18169,118,506,10
56676,job_18170,18170,264,316,16
56685,job_18171,18171,193,358,11
56695,job_18172,18172,504,446,20
56702,job_18173,18173,394,508,8
56702,job_18174,18174,873,1691,37
56711,job_18175,18175,360,598,5
56716,job_18176,18176,282,569,14
56720,job_18177,18177,379,356,7
56729,job_18178,18178,122,352,15
56735,job_18179,18179,281,638,8
56741,job_18180,18180,284,615,15
56741,job_18181,18181,1193,2180,38
56747,job_18182,18182,391,468,16
56750,job_18183,18183,265,500,5
56751,job_18184,18184,1186,1772,21
56759,job_18185,18185,324,622,9
56761,job_18186,18186,268,463,17
56769,job_18187,18187,287,399,14
56776,job_18188,18188,251,537,13
56782,job_18189,18189,327,419,8
56789,job_18190,18190,310,579,20
56791,job_18191,18191,836,2202,49
56795,job_18192,18192,266,730,5
56802,job_18193,18193,405,432,13
56806,job_18194,18194,278,798,8
56809,job_18195,18195,222,451,16
56812,job_18196,18196,389,610,6
56818,job_18197,18197,281,322,5
56828,job_18198,18198,405,530,13
56828,job_18199,18199,1607,2584,10
56832,job_18200,18200,462,560,13
56841,job_18201,18201,331,269,13
56846,job_18202,18202,388,321,14
56846,job_18203,18203,616,2501,47
56856,job_18204,18204,233,395,15
56865,job_18205,18205,289,579,14
56872,job_18206,18206,258,583,6
56873,job_18207,18207,1808,1667,19
56883,job_18208,18208,415,591,20
56890,job_18209,18209,291,418,12
56893,job_18210,18210,321,512,14
56901,job_18211,18211,384,401,13
56910,job_18212,18212,115,532,12
56920,job_18213,18213,145,780,16
56926,job_18214,18214,283,556,12
56936,job_18215,18215,672,537,18
56942,job_18216,18216,424,751,16
56944,job_18217,18217,1145,1355,49
56946,job_18218,18218,260,592,9
56950,job_18219,18219,187,450,18
56951,job_18220,18220,1475,2227,42
56954,job_18221,18221,331,529,6
56954,job_18222,18222,1891,2304,49
56954,job_18223,18223,1303,2089,27
56959,job_18224,18224,406,420,12
56964,job_18225,18225,304,391,6
56974,job_18226,18226,292,421,12
56977,job_18227,18227,245,538,13
56984,job_18228,18228,259,491,7
56988,job_18229,18229,166,463,14
56988,job_18230,18230,1582,2705,28
56989,job_18231,18231,976,1924,34
56998,job_18232,18232,253,625,6
57000,job_18233,18233,100,573,19
57008,job_18234,18234,277,375,20
57008,job_18235,18235,1164,2870,37
57008,job_18236,18236,1289,1474,29
57017,job_18237,18237,392,376,20
57019,job_18238,18238,372,568,8
57020,job_18239,18239,1093,1855,40
57021,job_18240,18240,1345,2486,13
57023,job_18241,18241,292,369,19
57023,job_18242,18242,1156,3022,11
57031,job_18243,18243,401,490,16
57033,job_18244,18244,508,618,9
57043,job_18245,18245,199,530,9
57047,job_18246,18246,117,491,13
57051,job_18247,18247,382,543,17
57053,job_18248,18248,327,511,16
57061,job_18249,18249,376,339,15
57061,job_18250,18250,1537,1768,39
57061,job_18251,18251,1204,1342,45
57071,job_18252,18252,217,452,13
57079,job_18253,18253,548,514,17
57089,job_18254,18254,365,543,13
57091,job_18255,18255,237,572,19
57099,job_18256,18256,208,488,16
57101,job_18257,18257,786,1958,24
57102,job_18258,18258,1629,1626,41
57110,job_18259,18259,336,521,18
57117,job_18260,18260,312,738,16
57126,job_18261,18261,311,460,6
57136,job_18262,18262,249,737,5
57139,job_18263,18263,168,466,9
57140,job_18264,18264,1155,1737,31
57143,job_18265,18265,189,545,11
57152,job_18266,18266,488,507,17
57158,job_18267,18267,210,423,10
57165,job_18268,18268,218,512,7
57166,job_18269,18269,943,2452,42
57169,job_18270,18270,377,487,19
57176,job_18271,18271,231,538,16
57184,job_18272,18272,100,787,7
57186,job_18273,18273,1114,1622,19
57194,job_18274,18274,139,585,19
57202,job_18275,18275,240,578,11
57202,job_18276,18276,1445,1612,29
57205,job_18277,18277,416,531,7
57205,job_18278,18278,1463,2684,31
57213,job_18279,18279,180,517,19
57220,job_18280,18280,311,516,15
57222,job_18281,18281,935,2377,44
57229,job_18282,18282,520,678,11
57239,job_18283,18283,335,297,9
57243,job_18284,18284,100,537,6
57244,job_18285,18285,1417,3754,44
57254,job_18286,18286,153,539,13
57261,job_18287,18287,450,460,13
57265,job_18288,18288,363,476,10
57271,job_18289,18289,357,426,8
57280,job_18290,18290,327,467,18
57289,job_18291,18291,493,678,14
57294,job_18292,18292,250,341,19
57294,job_18293,18293,1444,2425,48
57298,job_18294,18294,100,477,7
57300,job_18295,18295,337,519,16
57306,job_18296,18296,331,462,6
57311,job_18297,18297,233,482,15
57314,job_18298,18298,188,478,20
57314,job_18299,18299,1198,1517,38
57322,job_18300,18300,156,265,8
57332,job_18301,18301,285,419,8
57333,job_18302,18302,607,1794,34
57342,job_18303,18303,302,456,18
57347,job_18304,18304,251,461,19
57347,job_18305,18305,1430,1886,15
57352,job_18306,18306,277,352,7
57360,job_18307,18307,340,709,13
57363,job_18308,18308,254,567,16
57371,job_18309,18309,410,570,11
57377,job_18310,18310,361,561,6
57380,job_18311,18311,367,398,9
57382,job_18312,18312,346,410,10
57384,job_18313,18313,454,633,15
57385,job_18314,18314,673,2218,37
57393,job_18315,18315,286,339,18
57398,job_18316,18316,390,463,17
57400,job_18317,18317,181,488,12
57409,job_18318,18318,217,484,11
57418,job_18319,18319,362,436,16
57424,job_18320,18320,473,409,15
57428,job_18321,18321,435,538,16
57433,job_18322,18322,282,453,17
57437,job_18323,18323,176,539,13
57447,job_18324,18324,369,331,13
57457,job_18325,18325,211,549,11
57457,job_18326,18326,988,2462,24
57459,job_18327,18327,891,2342,44
57461,job_18328,18328,1098,2414,48
57465,job_18329,18329,283,475,14
57472,job_18330,18330,254,550,11
57478,job_18331,18331,444,452,6
57483,job_18332,18332,314,478,18
57486,job_18333,18333,470,544,6
57495,job_18334,18334,335,437,7
57497,job_18335,18335,1598,2158,46
57504,job_18336,18336,452,541,19
57508,job_18337,18337,301,434,15
57508,job_18338,18338,1356,2288,18
57511,job_18339,18339,274,459,20
57512,job_18340,18340,965,3036,31
57520,job_18341,18341,329,452,16
57523,job_18342,18342,417,434,17
57533,job_18343,18343,275,554,16
57540,job_18344,18344,421,600,13
57548,job_18345,18345,417,426,15
57550,job_18346,18346,405,427,15
57558,job_18347,18347,242,554,17
57564,job_18348,18348,298,680,17
57571,job_18349,18349,145,452,8
57575,job_18350,18350,172,619,6
57577,job_18351,18351,250,492,16
57587,job_18352,18352,392,443,10
57597,job_18353,18353,299,718,14
57602,job_18354,18354,393,648,10
57603,job_18355,18355,941,1668,37
57609,job_18356,18356,162,457,11
57613,job_18357,18357,382,344,17
57616,job_18358,18358,298,574,16
57617,job_18359,18359,1440,1677,11
57622,job_18360,18360,395,561,7
57622,job_18361,18361,1531,1528,21
57626,job_18362,18362,189,724,19
57628,job_18363,18363,831,2720,15
57636,job_18364,18364,317,658,11
57636,job_18365,18365,759,2272,20
57641,job_18366,18366,100,449,12
57647,job_18367,18367,367,488,7
57653,job_18368,18368,110,606,16
57661,job_18369,18369,471,713,20
57668,job_18370,18370,100,479,17
57678,job_18371,18371,255,683,7
57681,job_18372,18372,407,446,13
57681,job_18373,18373,1093,1279,42
57683,job_18374,18374,1738,1285,27
57685,job_18375,18375,1406,2046,32
57689,job_18376,18376,219,458,10
57697,job_18377,18377,309,292,18
57700,job_18378,18378,432,479,9
57708,job_18379,18379,307,472,14
57715,job_18380,18380,383,642,17
57718,job_18381,18381,402,552,16
57727,job_18382,18382,287,461,7
57728,job_18383,18383,1512,2641,15
57730,job_18384,18384,1513,1847,18
57733,job_18385,18385,258,543,13
57738,job_18386,18386,210,475,20
57746,job_18387,18387,326,378,14
57756,job_18388,18388,279,492,13
57761,job_18389,18389,358,245,19
57765,job_18390,18390,169,418,9
57767,job_18391,18391,944,1860,24
57769,job_18392,18392,1327,1778,20
57769,job_18393,18393,1470,2311,32
57775,job_18394,18394,488,536,20
57775,job_18395,18395,1802,2076,46
57783,job_18396,18396,257,528,8
57785,job_18397,18397,1108,2021,10
57794,job_18398,18398,247,555,5
57794,job_18399,18399,1316,2920,50
57800,job_18400,18400,320,521,6
57800,job_18401,18401,1085,1955,19
57802,job_18402,18402,1808,3097,30
57812,job_18403,18403,201,549,6
57814,job_18404,18404,304,571,19
57821,job_18405,18405,442,574,15
57831,job_18406,18406,140,543,20
57831,job_18407,18407,1383,1502,14
57837,job_18408,18408,392,705,15
57839,job_18409,18409,352,423,20
57849,job_18410,18410,261,531,15
57857,job_18411,18411,318,513,11
57865,job_18412,18412,216,356,17
57871,job_18413,18413,364,338,17
57879,job_18414,18414,305,342,19
57880,job_18415,18415,922,1634,42
57880,job_18416,18416,1276,1897,13
57883,job_18417,18417,213,435,18
57893,job_18418,18418,215,610,6
57893,job_18419,18419,1566,1875,21
57902,job_18420,18420,347,501,11
57904,job_18421,18421,213,422,7
57914,job_18422,18422,186,612,12
57919,job_18423,18423,374,680,18
57926,job_18424,18424,135,593,8
57936,job_18425,18425,323,563,8
57940,job_18426,18426,320,652,12
57950,job_18427,18427,366,515,5
57960,job_18428,18428,458,431,11
57962,job_18429,18429,523,584,12
57964,job_18430,18430,1448,1360,50
57966,job_18431,18431,1710,2583,14
57974,job_18432,18432,447,632,15
57975,job_18433,18433,1141,2861,21
57983,job_18434,18434,317,434,10
57987,job_18435,18435,212,438,14
57989,job_18436,18436,838,2786,38
57998,job_18437,18437,195,658,14
57998,job_18438,18438,975,2572,48
58005,job_18439,18439,288,570,6
58013,job_18440,18440,429,572,17
58018,job_18441,18441,332,492,16
58027,job_18442,18442,440,476,5
58033,job_18443,18443,308,479,10
58038,job_18444,18444,382,499,6
58045,job_18445,18445,358,307,11
58047,job_18446,18446,368,457,20
58049,job_18447,18447,346,622,16
58056,job_18448,18448,100,495,7
58066,job_18449,18449,427,730,9
58066,job_18450,18450,1075,1765,33
58069,job_18451,18451,385,549,14
58070,job_18452,18452,1653,2552,15
58078,job_18453,18453,380,385,15
58083,job_18454,18454,256,542,5
58089,job_18455,18455,273,397,14
58099,job_18456,18456,182,417,7
58109,job_18457,18457,392,461,15
58118,job_18458,18458,242,707,8
58124,job_18459,18459,398,249,12
58130,job_18460,18460,269,554,10
58131,job_18461,18461,766,2189,44
58137,job_18462,18462,203,448,10
58146,job_18463,18463,314,570,11
58155,job_18464,18464,524,535,20
58160,job_18465,18465,387,536,13
58162,job_18466,18466,230,553,11
58166,job_18467,18467,392,558,5
58174,job_18468,18468,267,339,20
58179,job_18469,18469,129,478,12
58189,job_18470,18470,285,622,8
58199,job_18471,18471,244,412,10
58207,job_18472,18472,201,306,18
58214,job_18473,18473,211,615,7
58217,job_18474,18474,171,557,18
58218,job_18475,18475,496,2560,32
58218,job_18476,18476,1309,1532,13
58226,job_18477,18477,419,475,6
58233,job_18478,18478,550,569,19
58242,job_18479,18479,283,576,13
58249,job_18480,18480,347,380,12
58251,job_18481,18481,345,685,20
58253,job_18482,18482,282,594,14
58260,job_18483,18483,395,456,10
58261,job_18484,18484,1463,2488,41
58261,job_18485,18485,816,2121,22
58267,job_18486,18486,436,482,5
58277,job_18487,18487,323,796,20
58286,job_18488,18488,241,567,10
58294,job_18489,18489,226,691,14
58303,job_18490,18490,299,455,14
58307,job_18491,18491,310,264,18
58317,job_18492,18492,213,479,7
58321,job_18493,18493,305,589,7
58330,job_18494,18494,259,409,12
58333,job_18495,18495,362,467,20
58335,job_18496,18496,192,650,13
58345,job_18497,18497,386,523,11
58353,job_18498,18498,219,670,9
58358,job_18499,18499,267,596,6
58367,job_18500,18500,386,340,9
58376,job_18501,18501,220,241,12
58376,job_18502,18502,1617,1452,26
58386,job_18503,18503,270,433,17
58387,job_18504,18504,1020,2415,12
58392,job_18505,18505,222,627,8
58394,job_18506,18506,231,509,5
58402,job_18507,18507,356,657,19
58402,job_18508,18508,997,1796,47
58404,job_18509,18509,365,523,10
58407,job_18510,18510,345,541,17
58414,job_18511,18511,171,420,5
58423,job_18512,18512,305,409,5
58425,job_18513,18513,1810,2362,29
58434,job_18514,18514,506,595,7
58437,job_18515,18515,225,407,17
58441,job_18516,18516,222,348,9
58443,job_18517,18517,1162,2089,26
58450,job_18518,18518,216,450,5
58452,job_18519,18519,323,397,9
58461,job_18520,18520,324,568,14
58464,job_18521,18521,244,516,17
58467,job_18522,18522,282,353,14
58471,job_18523,18523,396,500,11
58478,job_18524,18524,162,431,14
58482,job_18525,18525,414,534,5
58488,job_18526,18526,397,564,12
58493,job_18527,18527,408,511,7
58496,job_18528,18528,240,512,10
58498,job_18529,18529,329,577,12
58507,job_18530,18530,377,533,9
58507,job_18531,18531,755,1897,30
58507,job_18532,18532,525,1992,49
58508,job_18533,18533,1134,2157,50
58518,job_18534,18534,174,555,13
58527,job_18535,18535,232,709,9
58535,job_18536,18536,171,615,12
58543,job_18537,18537,275,525,12
58545,job_18538,18538,315,506,16
58555,job_18539,18539,362,672,6
58559,job_18540,18540,378,440,11
58567,job_18541,18541,215,468,13
58569,job_18542,18542,210,478,10
58577,job_18543,18543,390,265,16
58582,job_18544,18544,451,426,9
58585,job_18545,18545,193,511,20
58594,job_18546,18546,128,460,14
58600,job_18547,18547,235,450,10
58602,job_18548,18548,241,599,12
58609,job_18549,18549,240,484,12
58611,job_18550,18550,255,531,19
58613,job_18551,18551,361,591,13
58615,job_18552,18552,403,539,16
58625,job_18553,18553,190,535,10
58630,job_18554,18554,219,327,18
58636,job_18555,18555,376,374,16
58641,job_18556,18556,210,391,7
58649,job_18557,18557,361,472,7
58652,job_18558,18558,196,512,15
58658,job_18559,18559,371,586,10
58662,job_18560,18560,419,389,8
58671,job_18561,18561,158,577,9
58681,job_18562,18562,498,437,7
58691,job_18563,18563,339,526,11
58697,job_18564,18564,436,381,12
58699,job_18565,18565,304,406,18
58701,job_18566,18566,1299,1931,41
58701,job_18567,18567,1099,2874,41
58711,job_18568,18568,295,482,15
58711,job_18569,18569,1099,1908,41
58712,job_18570,18570,1907,2148,26
58722,job_18571,18571,277,514,14
58722,job_18572,18572,1159,2432,22
58728,job_18573,18573,315,474,11
58737,job_18574,18574,445,456,12
58745,job_18575,18575,252,366,13
58753,job_18576,18576,235,509,6
58756,job_18577,18577,308,643,9
58763,job_18578,18578,317,519,12
58766,job_18579,18579,353,488,19
58773,job_18580,18580,397,535,12
58777,job_18581,18581,403,460,12
58780,job_18582,18582,360,588,9
58785,job_18583,18583,403,484,16
58789,job_18584,18584,268,590,6
58795,job_18585,18585,315,244,14
58803,job_18586,18586,306,335,13
58811,job_18587,18587,225,576,7
58814,job_18588,18588,343,479,6
58818,job_18589,18589,127,488,5
58825,job_18590,18590,268,364,17
58835,job_18591,18591,247,413,14
58835,job_18592,18592,1113,1670,10
58838,job_18593,18593,173,504,10
58842,job_18594,18594,584,394,11
58843,job_18595,18595,1149,2675,18
58850,job_18596,18596,283,354,15
58854,job_18597,18597,286,437,20
58859,job_18598,18598,144,624,13
58865,job_18599,18599,259,363,10
58867,job_18600,18600,257,583,18
58876,job_18601,18601,184,547,18
58879,job_18602,18602,279,490,17
58882,job_18603,18603,429,511,15
58889,job_18604,18604,209,468,12
58896,job_18605,18605,398,562,10
58898,job_18606,18606,222,641,16
58900,job_18607,18607,996,1846,41
58900,job_18608,18608,1498,1364,14
58901,job_18609,18609,950,2561,27
58903,job_18610,18610,174,435,19
58905,job_18611,18611,1110,2399,37
58910,job_18612,18612,387,466,18
58912,job_18613,18613,1293,1577,24
58919,job_18614,18614,363,609,18
58921,job_18615,18615,481,365,17
58924,job_18616,18616,415,504,9
58926,job_18617,18617,258,521,17
58934,job_18618,18618,112,479,13
58942,job_18619,18619,188,402,12
58948,job_18620,18620,233,355,7
58955,job_18621,18621,448,670,14
58964,job_18622,18622,201,614,11
58968,job_18623,18623,236,495,15
58976,job_18624,18624,473,528,10
58985,job_18625,18625,242,450,17
58994,job_18626,18626,339,599,10
59000,job_18627,18627,308,400,7
59009,job_18628,18628,318,560,12
59011,job_18629,18629,1480,1654,33
59019,job_18630,18630,271,511,13
59024,job_18631,18631,326,650,20
59029,job_18632,18632,302,522,12
59037,job_18633,18633,208,501,16
59043,job_18634,18634,222,434,9
59051,job_18635,18635,388,567,12
59061,job_18636,18636,287,620,19
59069,job_18637,18637,170,412,15
59079,job_18638,18638,493,448,17
59087,job_18639,18639,557,478,9
59091,job_18640,18640,266,584,6
59092,job_18641,18641,639,1098,36
59095,job_18642,18642,168,462,15
59100,job_18643,18643,249,396,12
59105,job_18644,18644,311,507,17
59113,job_18645,18645,128,485,7
59122,job_18646,18646,368,497,9
59132,job_18647,18647,213,548,16
59138,job_18648,18648,379,555,15
59147,job_18649,18649,456,501,9
59147,job_18650,18650,1475,2048,21
59152,job_18651,18651,203,282,14
59157,job_18652,18652,155,491,20
59159,job_18653,18653,193,528,19
59162,job_18654,18654,297,574,11
59172,job_18655,18655,346,600,16
59182,job_18656,18656,253,373,19
59188,job_18657,18657,399,558,17
59188,job_18658,18658,1022,2638,24
59197,job_18659,18659,408,512,20
59199,job_18660,18660,380,839,12
59204,job_18661,18661,377,466,12
59209,job_18662,18662,186,615,9
59215,job_18663,18663,133,398,11
59219,job_18664,18664,271,503,7
59221,job_18665,18665,274,471,14
59230,job_18666,18666,353,731,11
59233,job_18667,18667,222,581,11
59243,job_18668,18668,152,463,15
59247,job_18669,18669,466,507,12
59252,job_18670,18670,253,504,12
59258,job_18671,18671,358,532,19
59265,job_18672,18672,317,644,12
59266,job_18673,18673,1040,3132,49
59270,job_18674,18674,374,703,6
59279,job_18675,18675,192,477,9
59289,job_18676,18676,198,481,15
59291,job_18677,18677,358,546,13
59299,job_18678,18678,228,426,7
59303,job_18679,18679,433,463,15
59307,job_18680,18680,237,479,16
59312,job_18681,18681,349,388,6
59320,job_18682,18682,415,639,19
59324,job_18683,18683,172,413,14
59326,job_18684,18684,167,584,16
59333,job_18685,18685,287,404,16
59341,job_18686,18686,318,545,12
59347,job_18687,18687,279,450,16
59357,job_18688,18688,100,394,20
59362,job_18689,18689,439,512,14
59368,job_18690,18690,279,562,6
59377,job_18691,18691,244,654,15
59382,job_18692,18692,306,357,7
59385,job_18693,18693,187,701,20
59394,job_18694,18694,203,362,15
59401,job_18695,18695,366,582,17
59404,job_18696,18696,329,714,20
59410,job_18697,18697,381,669,14
59417,job_18698,18698,416,488,8
59427,job_18699,18699,284,569,9
59437,job_18700,18700,315,543,9
59446,job_18701,18701,209,442,7
59447,job_18702,18702,1216,2819,29
59447,job_18703,18703,1644,1782,24
59451,job_18704,18704,244,528,11
59453,job_18705,18705,101,397,11
59454,job_18706,18706,1086,2230,28
59458,job_18707,18707,407,467,16
59464,job_18708,18708,346,614,20
59474,job_18709,18709,243,524,20
59481,job_18710,18710,202,580,16
59490,job_18711,18711,283,430,8
59500,job_18712,18712,360,561,18
59504,job_18713,18713,396,547,7
59509,job_18714,18714,346,526,14
59514,job_18715,18715,505,397,10
59521,job_18716,18716,100,625,8
59521,job_18717,18717,1479,1739,13
59531,job_18718,18718,314,428,14
59541,job_18719,18719,237,589,17
59544,job_18720,18720,352,495,7
59549,job_18721,18721,251,462,20
59559,job_18722,18722,365,293,19
59564,job_18723,18723,257,395,7
59574,job_18724,18724,319,459,19
59579,job_18725,18725,215,613,13
59584,job_18726,18726,338,372,20
59588,job_18727,18727,263,569,14
59598,job_18728,18728,314,698,19
59601,job_18729,18729,302,475,5
59608,job_18730,18730,401,565,7
59611,job_18731,18731,157,419,13
59611,job_18732,18732,663,1720,26
59613,job_18733,18733,105,571,11
59615,job_18734,18734,1355,2097,50
59616,job_18735,18735,795,1643,11
59618,job_18736,18736,209,506,17
59620,job_18737,18737,1183,2491,37
59623,job_18738,18738,245,518,12
59628,job_18739,18739,160,538,15
59631,job_18740,18740,446,511,13
59635,job_18741,18741,322,364,17
59645,job_18742,18742,314,441,11
59655,job_18743,18743,284,596,7
59661,job_18744,18744,356,635,10
59669,job_18745,18745,291,445,18
59677,job_18746,18746,214,341,15
59680,job_18747,18747,310,520,17
59690,job_18748,18748,334,474,18
59698,job_18749,18749,136,660,15
59704,job_18750,18750,253,503,10
59706,job_18751,18751,399,574,20
59714,job_18752,18752,166,584,11
59718,job_18753,18753,203,431,15
59722,job_18754,18754,247,488,8
59729,job_18755,18755,476,517,15
59733,job_18756,18756,359,591,14
59740,job_18757,18757,266,577,17
59745,job_18758,18758,269,672,14
59752,job_18759,18759,330,433,16
59762,job_18760,18760,194,499,19
59765,job_18761,18761,366,463,12
59769,job_18762,18762,394,370,16
59777,job_18763,18763,213,592,20
59783,job_18764,18764,256,507,8
59787,job_18765,18765,318,340,17
59794,job_18766,18766,359,534,13
59800,job_18767,18767,460,403,17
59803,job_18768,18768,282,524,15
59813,job_18769,18769,370,385,9
59816,job_18770,18770,276,460,20
59825,job_18771,18771,563,487,18
59830,job_18772,18772,366,530,15
59836,job_18773,18773,385,546,13
59845,job_18774,18774,486,573,16
59850,job_18775,18775,172,490,16
59855,job_18776,18776,219,547,14
59855,job_18777,18777,810,2454,44
59863,job_18778,18778,278,578,5
59865,job_18779,18779,277,566,10
59871,job_18780,18780,262,532,15
59876,job_18781,18781,346,537,18
59886,job_18782,18782,265,545,12
59890,job_18783,18783,315,326,9
59898,job_18784,18784,312,548,6
59900,job_18785,18785,228,683,13
59902,job_18786,18786,1057,1592,46
59912,job_18787,18787,452,442,8
59919,job_18788,18788,233,394,9
59921,job_18789,18789,881,2101,46
59926,job_18790,18790,393,517,14
59936,job_18791,18791,253,480,12
59943,job_18792,18792,317,716,10
59945,job_18793,18793,335,675,11
59955,job_18794,18794,347,450,13
59958,job_18795,18795,236,606,7
59963,job_18796,18796,172,457,8
59967,job_18797,18797,268,518,20
59971,job_18798,18798,137,488,8
59974,job_18799,18799,436,477,5
59976,job_18800,18800,369,505,20
59984,job_18801,18801,407,521,15
59986,job_18802,18802,345,463,17
59993,job_18803,18803,100,484,12
60000,job_18804,18804,351,532,9
60009,job_18805,18805,280,608,6
60011,job_18806,18806,272,409,13
60019,job_18807,18807,375,489,7
60029,job_18808,18808,378,392,9
60032,job_18809,18809,389,524,10
60036,job_18810,18810,403,374,18
60038,job_18811,18811,235,617,8
60040,job_18812,18812,193,616,13
60050,job_18813,18813,275,519,14
60059,job_18814,18814,406,600,6
60067,job_18815,18815,410,628,20
60075,job_18816,18816,353,542,7
60080,job_18817,18817,202,585,12
60088,job_18818,18818,273,568,20
60091,job_18819,18819,279,595,16
60098,job_18820,18820,358,501,16
60108,job_18821,18821,100,413,13
60118,job_18822,18822,435,454,9
60120,job_18823,18823,190,481,20
60125,job_18824,18824,248,484,15
60134,job_18825,18825,294,502,16
60142,job_18826,18826,398,618,10
60148,job_18827,18827,234,523,17
60151,job_18828,18828,442,534,5
60153,job_18829,18829,253,596,7
60153,job_18830,18830,1154,2278,23
60159,job_18831,18831,436,661,13
60161,job_18832,18832,219,465,8
60170,job_18833,18833,215,432,7
60172,job_18834,18834,1445,633,45
60176,job_18835,18835,260,586,17
60181,job_18836,18836,257,480,15
60183,job_18837,18837,236,569,5
60185,job_18838,18838,566,476,12
60192,job_18839,18839,361,492,10
60195,job_18840,18840,381,465,18
60203,job_18841,18841,100,417,11
60212,job_18842,18842,266,466,13
60219,job_18843,18843,378,437,9
60223,job_18844,18844,331,442,14
60233,job_18845,18845,262,405,11
60239,job_18846,18846,283,531,11
60243,job_18847,18847,279,669,8
60251,job_18848,18848,386,616,19
60257,job_18849,18849,402,441,7
60265,job_18850,18850,438,482,9
60273,job_18851,18851,365,480,18
60275,job_18852,18852,309,545,15
60278,job_18853,18853,344,449,13
60284,job_18854,18854,320,694,5
60291,job_18855,18855,127,516,16
60297,job_18856,18856,311,517,9
60306,job_18857,18857,491,425,8
60307,job_18858,18858,1201,2334,44
60309,job_18859,18859,1137,1766,39
60312,job_18860,18860,307,472,9
60320,job_18861,18861,191,352,17
60329,job_18862,18862,354,404,8
60331,job_18863,18863,352,527,11
60335,job_18864,18864,399,512,14
60341,job_18865,18865,251,585,18
60343,job_18866,18866,182,495,20
60345,job_18867,18867,500,341,17
60352,job_18868,18868,420,437,12
60355,job_18869,18869,252,592,17
60362,job_18870,18870,310,602,20
60367,job_18871,18871,283,409,10
60369,job_18872,18872,275,443,14
60377,job_18873,18873,216,510,5
60387,job_18874,18874,323,536,5
60392,job_18875,18875,515,299,17
60394,job_18876,18876,217,576,13
60404,job_18877,18877,482,416,16
60412,job_18878,18878,215,450,11
60418,job_18879,18879,326,601,12
60423,job_18880,18880,273,449,9
60433,job_18881,18881,301,621,12
60437,job_18882,18882,451,527,16
60444,job_18883,18883,290,342,12
60452,job_18884,18884,371,409,12
60459,job_18885,18885,281,426,8
60465,job_18886,18886,277,368,17
60467,job_18887,18887,376,498,13
60469,job_18888,18888,156,515,5
60475,job_18889,18889,136,465,12
60475,job_18890,18890,876,2002,45
60481,job_18891,18891,280,524,15
60486,job_18892,18892,273,731,19
60496,job_18893,18893,100,533,19
60505,job_18894,18894,227,469,6
60513,job_18895,18895,311,567,11
60519,job_18896,18896,265,769,10
60523,job_18897,18897,352,510,14
60529,job_18898,18898,362,633,11
60534,job_18899,18899,365,505,9
60539,job_18900,18900,374,611,17
60544,job_18901,18901,212,619,16
60553,job_18902,18902,407,538,11
60562,job_18903,18903,185,441,19
60571,job_18904,18904,542,560,13
60580,job_18905,18905,317,384,17
60584,job_18906,18906,253,444,19
60594,job_18907,18907,409,615,19
60596,job_18908,18908,356,454,9
60599,job_18909,18909,208,496,9
60609,job_18910,18910,223,448,12
60619,job_18911,18911,115,621,18
60628,job_18912,18912,190,501,11
60633,job_18913,18913,310,500,19
60643,job_18914,18914,235,650,14
60648,job_18915,18915,183,521,19
60654,job_18916,18916,347,600,5
60658,job_18917,18917,121,356,19
60664,job_18918,18918,145,593,17
60672,job_18919,18919,199,376,9
60681,job_18920,18920,433,540,16
60684,job_18921,18921,343,388,5
60686,job_18922,18922,1340,2242,17
60696,job_18923,18923,329,504,15
60700,job_18924,18924,276,446,17
60709,job_18925,18925,278,524,10
60713,job_18926,18926,131,456,10
60721,job_18927,18927,153,381,13
60727,job_18928,18928,365,473,12
60732,job_18929,18929,350,343,20
60740,job_18930,18930,372,493,9
60742,job_18931,18931,410,410,10
60743,job_18932,18932,1574,1415,35
60746,job_18933,18933,336,386,16
60750,job_18934,18934,101,533,15
60752,job_18935,18935,480,578,8
60760,job_18936,18936,314,432,7
60763,job_18937,18937,407,544,18
60764,job_18938,18938,707,2468,18
60772,job_18939,18939,223,418,5
60775,job_18940,18940,289,613,14
60782,job_18941,18941,363,440,15
60785,job_18942,18942,406,520,15
60787,job_18943,18943,100,427,20
60797,job_18944,18944,164,350,14
60803,job_18945,18945,323,656,12
60806,job_18946,18946,384,378,18
60811,job_18947,18947,227,592,14
60813,job_18948,18948,291,484,8
60814,job_18949,18949,1149,2005,40
60819,job_18950,18950,356,502,17
60824,job_18951,18951,195,594,9
60831,job_18952,18952,384,499,11
60834,job_18953,18953,405,474,12
60841,job_18954,18954,426,553,18
60845,job_18955,18955,168,345,9
60850,job_18956,18956,200,443,16
60852,job_18957,18957,515,581,6
60859,job_18958,18958,364,496,16
60867,job_18959,18959,368,453,7
60876,job_18960,18960,403,599,19
60881,job_18961,18961,349,390,9
60883,job_18962,18962,1994,2182,32
60887,job_18963,18963,113,421,13
60896,job_18964,18964,356,523,5
60900,job_18965,18965,195,459,11
60904,job_18966,18966,384,412,17
60906,job_18967,18967,215,388,15
60908,job_18968,18968,1161,3450,36
60915,job_18969,18969,333,426,10
60919,job_18970,18970,379,553,10
60921,job_18971,18971,218,550,14
60923,job_18972,18972,260,448,16
60932,job_18973,18973,488,481,16
60940,job_18974,18974,358,612,14
60944,job_18975,18975,434,623,16
60954,job_18976,18976,231,584,12
60962,job_18977,18977,136,548,20
60971,job_18978,18978,316,446,8
60981,job_18979,18979,338,496,11
60989,job_18980,18980,392,503,13
60991,job_18981,18981,1567,1809,19
61000,job_18982,18982,202,541,15
61008,job_18983,18983,320,416,8
61010,job_18984,18984,167,560,9
61015,job_18985,18985,317,523,5
61018,job_18986,18986,262,560,8
61023,job_18987,18987,402,728,15
61026,job_18988,18988,121,310,10
61033,job_18989,18989,313,634,9
61038,job_18990,18990,398,571,5
61046,job_18991,18991,334,545,19
61049,job_18992,18992,147,559,13
61059,job_18993,18993,360,513,5
61065,job_18994,18994,432,637,13
61067,job_18995,18995,158,472,19
61071,job_18996,18996,294,503,17
61076,job_18997,18997,329,403,5
61084,job_18998,18998,370,363,13
61089,job_18999,18999,167,617,16
61095,job_19000,19000,325,470,11
61105,job_19001,19001,142,402,17
61112,job_19002,19002,395,454,15
61118,job_19003,19003,212,593,20
61121,job_19004,19004,368,488,5
61130,job_19005,19005,322,546,5
61133,job_19006,19006,342,357,9
61142,job_19007,19007,341,455,16
61148,job_19008,19008,411,410,15
61155,job_19009,19009,325,480,9
61157,job_19010,19010,522,410,15
61162,job_19011,19011,218,479,18
61169,job_19012,19012,334,409,8
61169,job_19013,19013,1076,1564,27
61171,job_19014,19014,282,503,9
61175,job_19015,19015,338,503,14
61177,job_19016,19016,237,558,17
61182,job_19017,19017,302,412,19
61185,job_19018,19018,422,496,10
61187,job_19019,19019,1727,2115,44
61197,job_19020,19020,344,338,20
61207,job_19021,19021,428,590,12
61213,job_19022,19022,123,598,11
61220,job_19023,19023,305,618,7
61225,job_19024,19024,230,548,6
61235,job_19025,19025,409,491,12
61237,job_19026,19026,141,372,14
61239,job_19027,19027,1297,1832,20
61247,job_19028,19028,291,431,15
61249,job_19029,19029,258,618,19
61259,job_19030,19030,398,448,15
61266,job_19031,19031,364,489,10
61268,job_19032,19032,461,547,16
61270,job_19033,19033,1228,2046,45
61277,job_19034,19034,226,519,17
61280,job_19035,19035,250,430,9
61282,job_19036,19036,171,336,9
61282,job_19037,19037,969,2864,50
61286,job_19038,19038,196,286,17
61294,job_19039,19039,329,509,6
61302,job_19040,19040,297,730,11
61308,job_19041,19041,256,614,9
61314,job_19042,19042,252,474,10
61317,job_19043,19043,233,693,14
61319,job_19044,19044,188,615,20
61319,job_19045,19045,1426,2123,42
61325,job_19046,19046,285,543,16
61334,job_19047,19047,176,384,16
61341,job_19048,19048,448,587,15
61343,job_19049,19049,196,494,6
61352,job_19050,19050,505,553,16
61353,job_19051,19051,811,1598,34
61358,job_19052,19052,100,300,18
61365,job_19053,19053,227,617,6
61375,job_19054,19054,297,641,5
61380,job_19055,19055,351,527,6
61382,job_19056,19056,224,634,12
61386,job_19057,19057,503,657,6
61393,job_19058,19058,111,505,7
61399,job_19059,19059,261,528,16
61407,job_19060,19060,250,546,16
61416,job_19061,19061,338,437,13
61420,job_19062,19062,515,612,7
61429,job_19063,19063,308,604,10
61435,job_19064,19064,100,501,8
61444,job_19065,19065,437,419,11
61450,job_19066,19066,111,506,14
61452,job_19067,19067,389,490,17
61453,job_19068,19068,871,1702,42
61458,job_19069,19069,214,494,8
61461,job_19070,19070,340,447,13
61466,job_19071,19071,249,643,5
61473,job_19072,19072,290,694,8
61479,job_19073,19073,235,480,12
61482,job_19074,19074,370,684,6
61490,job_19075,19075,380,603,19
61492,job_19076,19076,305,486,12
61498,job_19077,19077,467,257,11
61501,job_19078,19078,269,592,15
61507,job_19079,19079,477,362,18
61510,job_19080,19080,223,346,12
61518,job_19081,19081,135,479,12
61522,job_19082,19082,306,536,20
61528,job_19083,19083,200,597,17
61538,job_19084,19084,296,664,12
61540,job_19085,19085,277,590,16
61545,job_19086,19086,106,550,7
61552,job_19087,19087,384,476,10
61558,job_19088,19088,283,491,8
61568,job_19089,19089,313,584,5
61573,job_19090,19090,362,564,6
61581,job_19091,19091,292,562,5
61591,job_19092,19092,415,545,15
61597,job_19093,19093,494,689,10
61602,job_19094,19094,441,531,19
61611,job_19095,19095,175,431,9
61620,job_19096,19096,239,521,5
61622,job_19097,19097,317,444,16
61627,job_19098,19098,264,336,13
61633,job_19099,19099,338,424,19
61636,job_19100,19100,260,452,17
61645,job_19101,19101,398,534,19
61645,job_19102,19102,1229,3511,26
61652,job_19103,19103,424,522,16
61657,job_19104,19104,240,447,14
61664,job_19105,19105,249,436,6
61664,job_19106,19106,1655,1908,13
61669,job_19107,19107,435,379,16
61671,job_19108,19108,232,387,7
61673,job_19109,19109,855,2358,48
61682,job_19110,19110,251,545,19
61686,job_19111,19111,490,689,7
61690,job_19112,19112,209,243,20
61693,job_19113,19113,536,506,19
61695,job_19114,19114,1075,2242,18
61697,job_19115,19115,531,610,15
61707,job_19116,19116,392,410,20
61717,job_19117,19117,442,513,11
61725,job_19118,19118,401,570,8
61732,job_19119,19119,522,567,16
61733,job_19120,19120,1407,2038,38
61738,job_19121,19121,278,606,6
61744,job_19122,19122,337,406,11
61753,job_19123,19123,265,447,6
61753,job_19124,19124,1346,1631,31
61763,job_19125,19125,269,602,18
61766,job_19126,19126,304,550,10
61775,job_19127,19127,172,476,11
61783,job_19128,19128,306,646,14
61785,job_19129,19129,452,445,12
61788,job_19130,19130,393,550,19
61794,job_19131,19131,338,583,13
61800,job_19132,19132,295,513,13
61800,job_19133,19133,1487,1879,33
61805,job_19134,19134,339,594,17
61813,job_19135,19135,402,605,14
61818,job_19136,19136,472,556,18
61818,job_19137,19137,759,2440,49
61821,job_19138,19138,523,536,10
61821,job_19139,19139,1375,2619,27
61822,job_19140,19140,1364,2558,27
61824,job_19141,19141,306,576,15
61826,job_19142,19142,1181,1873,15
61836,job_19143,19143,345,292,17
61837,job_19144,19144,875,2338,48
61843,job_19145,19145,133,382,20
61851,job_19146,19146,279,496,9
61858,job_19147,19147,317,602,9
61859,job_19148,19148,1485,1746,45
61861,job_19149,19149,299,460,8
61863,job_19150,19150,190,554,10
61863,job_19151,19151,799,2345,36
61866,job_19152,19152,242,586,18
61874,job_19153,19153,215,650,9
61875,job_19154,19154,1341,1473,42
61880,job_19155,19155,346,423,12
61886,job_19156,19156,184,503,14
61890,job_19157,19157,362,283,10
61896,job_19158,19158,567,349,9
61905,job_19159,19159,251,590,6
61907,job_19160,19160,872,2846,20
61917,job_19161,19161,160,536,7
61921,job_19162,19162,290,465,6
61924,job_19163,19163,146,734,12
61929,job_19164,19164,570,366,8
61932,job_19165,19165,387,422,11
61935,job_19166,19166,361,409,13
61940,job_19167,19167,224,413,17
61944,job_19168,19168,101,390,17
61947,job_19169,19169,270,563,18
61950,job_19170,19170,263,420,7
61955,job_19171,19171,304,441,7
61957,job_19172,19172,542,443,12
61965,job_19173,19173,189,503,16
61973,job_19174,19174,365,526,8
61983,job_19175,19175,259,551,13
61991,job_19176,19176,264,478,19
61995,job_19177,19177,194,687,18
62002,job_19178,19178,392,503,5
62012,job_19179,19179,340,468,19
62015,job_19180,19180,253,404,19
62017,job_19181,19181,1247,2181,46
62025,job_19182,19182,473,493,18
62028,job_19183,19183,182,426,20
62035,job_19184,19184,446,408,14
62039,job_19185,19185,301,551,9
62041,job_19186,19186,339,533,13
62044,job_19187,19187,278,474,8
62047,job_19188,19188,195,407,17
62051,job_19189,19189,397,588,11
62059,job_19190,19190,186,517,18
62066,job_19191,19191,145,424,8
62066,job_19192,19192,793,1846,43
62073,job_19193,19193,449,698,17
62079,job_19194,19194,394,352,7
62081,job_19195,19195,281,496,13
62083,job_19196,19196,246,308,17
62087,job_19197,19197,351,567,5
62090,job_19198,19198,235,490,8
62097,job_19199,19199,241,541,16
62102,job_19200,19200,333,487,11
62108,job_19201,19201,258,540,17
62118,job_19202,19202,388,678,5
62123,job_19203,19203,513,527,9
62126,job_19204,19204,465,564,12
62133,job_19205,19205,100,397,7
62142,job_19206,19206,363,502,12
62147,job_19207,19207,192,444,18
62149,job_19208,19208,327,458,17
62157,job_19209,19209,100,619,20
62160,job_19210,19210,330,250,15
62162,job_19211,19211,304,417,16
62169,job_19212,19212,377,632,20
62176,job_19213,19213,388,411,16
62183,job_19214,19214,228,566,8
62185,job_19215,19215,265,318,20
62186,job_19216,19216,1649,2392,46
62194,job_19217,19217,231,460,19
62194,job_19218,19218,791,2251,21
62196,job_19219,19219,280,463,20
62200,job_19220,19220,295,388,13
62204,job_19221,19221,312,664,13
62206,job_19222,19222,221,498,20
62216,job_19223,19223,411,495,12
62219,job_19224,19224,264,379,9
62226,job_19225,19225,267,418,9
62236,job_19226,19226,301,445,20
62237,job_19227,19227,1998,2490,16
62244,job_19228,19228,215,421,18
62250,job_19229,19229,369,415,18
62256,job_19230,19230,157,444,8
62264,job_19231,19231,375,495,14
62272,job_19232,19232,186,619,9
62278,job_19233,19233,280,473,20
62284,job_19234,19234,100,487,8
62288,job_19235,19235,277,612,16
62292,job_19236,19236,220,569,7
62302,job_19237,19237,291,509,18
62308,job_19238,19238,415,637,16
62311,job_19239,19239,290,652,10
62318,job_19240,19240,252,376,14
62321,job_19241,19241,229,524,14
62328,job_19242,19242,218,383,8
62331,job_19243,19243,258,341,18
62334,job_19244,19244,354,408,5
62343,job_19245,19245,181,406,19
62352,job_19246,19246,126,458,9
62355,job_19247,19247,343,422,19
62358,job_19248,19248,192,590,20
62367,job_19249,19249,341,574,11
62374,job_19250,19250,479,528,20
62382,job_19251,19251,228,561,15
62386,job_19252,19252,267,589,19
62388,job_19253,19253,1546,2161,42
62393,job_19254,19254,260,605,18
62397,job_19255,19255,505,379,12
62403,job_19256,19256,210,481,14
62410,job_19257,19257,383,598,17
62411,job_19258,19258,1915,2035,14
62414,job_19259,19259,417,615,13
62417,job_19260,19260,345,448,16
62419,job_19261,19261,254,417,6
62427,job_19262,19262,251,576,15
62429,job_19263,19263,1583,2609,10
62436,job_19264,19264,433,542,11
62444,job_19265,19265,329,552,5
62449,job_19266,19266,352,243,6
62453,job_19267,19267,468,520,5
62458,job_19268,19268,275,574,18
62462,job_19269,19269,329,555,19
62465,job_19270,19270,238,408,6
62468,job_19271,19271,295,548,15
62473,job_19272,19272,206,432,7
62475,job_19273,19273,503,511,9
62484,job_19274,19274,256,382,13
62494,job_19275,19275,512,489,9
62498,job_19276,19276,170,722,9
62498,job_19277,19277,1084,1693,42
62500,job_19278,19278,1672,2449,49
62502,job_19279,19279,372,554,18
62509,job_19280,19280,345,549,9
62513,job_19281,19281,292,603,5
62513,job_19282,19282,1421,1847,13
62520,job_19283,19283,213,448,16
62528,job_19284,19284,305,473,14
62533,job_19285,19285,352,538,13
62535,job_19286,19286,388,447,15
62540,job_19287,19287,320,383,16
62550,job_19288,19288,280,669,13
62558,job_19289,19289,303,398,9
62558,job_19290,19290,845,2401,15
62568,job_19291,19291,504,557,6
62574,job_19292,19292,381,596,10
62583,job_19293,19293,430,487,19
62588,job_19294,19294,396,473,6
62594,job_19295,19295,275,479,9
62598,job_19296,19296,483,429,7
62601,job_19297,19297,310,573,7
62603,job_19298,19298,1070,2089,11
62608,job_19299,19299,345,446,8
62611,job_19300,19300,292,469,18
62621,job_19301,19301,265,654,8
62628,job_19302,19302,483,522,12
62633,job_19303,19303,534,523,12
62640,job_19304,19304,292,524,14
62644,job_19305,19305,412,465,18
62649,job_19306,19306,446,496,8
62654,job_19307,19307,340,328,8
62660,job_19308,19308,245,462,10
62668,job_19309,19309,276,493,9
62676,job_19310,19310,313,498,10
62683,job_19311,19311,134,549,15
62690,job_19312,19312,329,620,5
62695,job_19313,19313,341,338,16
62700,job_19314,19314,169,541,6
62704,job_19315,19315,224,579,10
62712,job_19316,19316,433,459,17
62721,job_19317,19317,424,582,19
62729,job_19318,19318,297,583,19
62732,job_19319,19319,179,418,18
62741,job_19320,19320,305,566,9
62741,job_19321,19321,1286,2837,21
62741,job_19322,19322,1856,2513,32
62749,job_19323,19323,386,458,15
62759,job_19324,19324,385,643,19
62762,job_19325,19325,204,646,19
62770,job_19326,19326,293,450,5
62777,job_19327,19327,289,337,19
62782,job_19328,19328,479,663,13
62789,job_19329,19329,341,558,16
62792,job_19330,19330,347,531,7
62794,job_19331,19331,415,480,12
62796,job_19332,19332,1280,2329,35
62803,job_19333,19333,259,580,7
62808,job_19334,19334,517,458,12
62815,job_19335,19335,324,669,11
62820,job_19336,19336,339,432,13
62825,job_19337,19337,245,351,18
62828,job_19338,19338,165,403,7
62828,job_19339,19339,1874,1883,20
62828,job_19340,19340,1136,1575,47
62833,job_19341,19341,457,566,15
62841,job_19342,19342,414,683,17
62844,job_19343,19343,326,518,18
62845,job_19344,19344,1176,2520,47
62855,job_19345,19345,334,518,18
62857,job_19346,19346,2019,1658,13
62861,job_19347,19347,281,367,15
62865,job_19348,19348,346,506,13
62873,job_19349,19349,164,495,18
62878,job_19350,19350,444,551,7
62881,job_19351,19351,305,483,10
62881,job_19352,19352,1477,1989,12
62883,job_19353,19353,1354,3088,32
62885,job_19354,19354,1142,1604,14
62892,job_19355,19355,341,730,12
62892,job_19356,19356,1198,2060,35
62895,job_19357,19357,324,598,14
62905,job_19358,19358,233,431,7
62908,job_19359,19359,179,684,7
62909,job_19360,19360,1237,2610,49
62916,job_19361,19361,378,507,20
62920,job_19362,19362,406,604,17
62921,job_19363,19363,1238,1190,19
62924,job_19364,19364,379,554,16
62926,job_19365,19365,303,488,7
62926,job_19366,19366,1049,1532,19
62926,job_19367,19367,1385,2091,24
62934,job_19368,19368,286,464,18
62942,job_19369,19369,312,527,16
62944,job_19370,19370,326,466,9
62952,job_19371,19371,326,471,7
62956,job_19372,19372,227,490,10
62959,job_19373,19373,205,587,6
62960,job_19374,19374,1028,1293,42
62961,job_19375,19375,1174,2208,39
62971,job_19376,19376,391,569,8
62977,job_19377,19377,207,413,19
62980,job_19378,19378,253,517,14
62980,job_19379,19379,1031,377,25
62986,job_19380,19380,385,415,9
62990,job_19381,19381,364,524,18
62990,job_19382,19382,1220,2669,36
62993,job_19383,19383,315,511,20
62995,job_19384,19384,1430,1852,20
63000,job_19385,19385,336,492,17
63007,job_19386,19386,258,541,5
63013,job_19387,19387,200,369,16
63021,job_19388,19388,441,316,19
63028,job_19389,19389,377,459,5
63038,job_19390,19390,278,647,12
63040,job_19391,19391,205,466,17
63042,job_19392,19392,899,2406,12
63045,job_19393,19393,423,374,9
63048,job_19394,19394,553,598,10
63056,job_19395,19395,407,464,8
63060,job_19396,19396,257,649,10
63063,job_19397,19397,549,635,10
63064,job_19398,19398,555,2562,19
63065,job_19399,19399,902,1353,17
63069,job_19400,19400,315,515,5
63069,job_19401,19401,1175,2508,33
63077,job_19402,19402,231,384,7
63083,job_19403,19403,451,723,11
63090,job_19404,19404,412,436,5
63098,job_19405,19405,454,563,13
63103,job_19406,19406,487,461,10
63105,job_19407,19407,1217,2531,37
63107,job_19408,19408,643,2038,40
63109,job_19409,19409,332,430,11
63111,job_19410,19410,341,470,13
63121,job_19411,19411,247,691,14
63123,job_19412,19412,1500,2754,45
63125,job_19413,19413,1261,2404,18
63126,job_19414,19414,1197,2418,34
63134,job_19415,19415,378,440,13
63135,job_19416,19416,1387,2555,10
63142,job_19417,19417,418,520,15
63144,job_19418,19418,177,696,19
63151,job_19419,19419,251,547,16
63152,job_19420,19420,1184,3369,27
63159,job_19421,19421,364,632,15
63168,job_19422,19422,125,489,5
63174,job_19423,19423,195,573,10
63184,job_19424,19424,224,617,11
63194,job_19425,19425,566,447,19
63198,job_19426,19426,418,599,10
63207,job_19427,19427,270,543,15
63215,job_19428,19428,393,586,12
63222,job_19429,19429,295,522,15
63228,job_19430,19430,164,657,17
63238,job_19431,19431,425,631,19
63238,job_19432,19432,773,2629,17
63245,job_19433,19433,392,554,6
63247,job_19434,19434,1049,2894,32
63254,job_19435,19435,351,479,10
63254,job_19436,19436,859,1924,22
63255,job_19437,19437,1515,1561,11
63257,job_19438,19438,348,542,17
63257,job_19439,19439,1460,1290,42
63259,job_19440,19440,1374,2007,35
63261,job_19441,19441,1333,3014,25
63263,job_19442,19442,305,583,14
63269,job_19443,19443,380,480,8
63278,job_19444,19444,222,431,17
63279,job_19445,19445,1107,2828,39
63284,job_19446,19446,275,413,5
63286,job_19447,19447,236,569,18
63292,job_19448,19448,323,498,17
63295,job_19449,19449,465,438,13
63298,job_19450,19450,153,560,17
63301,job_19451,19451,279,428,10
63310,job_19452,19452,199,505,6
63314,job_19453,19453,459,515,5
63316,job_19454,19454,2158,1982,28
63318,job_19455,19455,928,2112,44
63320,job_19456,19456,500,649,11
63324,job_19457,19457,306,349,11
63328,job_19458,19458,272,677,17
63333,job_19459,19459,306,531,16
63341,job_19460,19460,409,553,9
63342,job_19461,19461,1162,2236,46
63344,job_19462,19462,916,1980,29
63347,job_19463,19463,346,406,6
63356,job_19464,19464,194,517,16
63360,job_19465,19465,316,753,14
63369,job_19466,19466,234,506,11
63372,job_19467,19467,405,316,9
63380,job_19468,19468,270,486,9
63380,job_19469,19469,1269,2014,28
63385,job_19470,19470,279,418,13
63385,job_19471,19471,1172,1727,27
63385,job_19472,19472,723,1615,19
63392,job_19473,19473,416,400,5
63399,job_19474,19474,113,492,13
63407,job_19475,19475,174,723,20
63417,job_19476,19476,465,574,19
63427,job_19477,19477,328,466,6
63428,job_19478,19478,1296,2345,41
63432,job_19479,19479,404,499,16
63438,job_19480,19480,375,522,14
63447,job_19481,19481,414,434,5
63449,job_19482,19482,1396,2014,49
63454,job_19483,19483,194,509,20
63456,job_19484,19484,894,2188,37
63466,job_19485,19485,351,468,19
63466,job_19486,19486,785,1492,32
63467,job_19487,19487,1230,2721,35
63477,job_19488,19488,100,416,19
63478,job_19489,19489,781,1886,15
63481,job_19490,19490,125,512,19
63483,job_19491,19491,540,528,8
63486,job_19492,19492,365,570,19
63489,job_19493,19493,288,504,17
63491,job_19494,19494,1123,2718,13
63492,job_19495,19495,1494,2396,43
63501,job_19496,19496,452,543,20
63510,job_19497,19497,334,655,17
63511,job_19498,19498,1581,1934,30
63511,job_19499,19499,933,2845,40
63513,job_19500,19500,1169,2121,28
63513,job_19501,19501,936,1636,11
63517,job_19502,19502,433,709,10
63526,job_19503,19503,192,645,9
63534,job_19504,19504,311,473,14
63541,job_19505,19505,439,540,14
63541,job_19506,19506,1386,2678,37
63543,job_19507,19507,1605,2658,14
63547,job_19508,19508,146,590,11
63548,job_19509,19509,1131,1930,17
63558,job_19510,19510,350,479,13
63564,job_19511,19511,213,605,16
63574,job_19512,19512,415,507,8
63577,job_19513,19513,378,486,14
63587,job_19514,19514,232,356,18
63596,job_19515,19515,442,663,11
63601,job_19516,19516,283,656,10
63603,job_19517,19517,1148,1938,24
63606,job_19518,19518,442,527,13
63608,job_19519,19519,308,440,20
63616,job_19520,19520,190,544,17
63619,job_19521,19521,301,657,5
63625,job_19522,19522,279,392,18
63633,job_19523,19523,309,592,6
63638,job_19524,19524,208,519,16
63638,job_19525,19525,1295,2195,11
63640,job_19526,19526,1690,1449,24
63650,job_19527,19527,244,493,10
63660,job_19528,19528,448,489,6
63661,job_19529,19529,1689,1586,17
63663,job_19530,19530,146,392,14
63670,job_19531,19531,310,515,10
63676,job_19532,19532,232,490,16
63676,job_19533,19533,2042,2499,17
63679,job_19534,19534,409,447,17
63688,job_19535,19535,354,476,15
63692,job_19536,19536,300,427,7
63702,job_19537,19537,243,591,19
63712,job_19538,19538,126,555,17
63722,job_19539,19539,366,506,8
63732,job_19540,19540,243,469,7
63740,job_19541,19541,180,660,14
63750,job_19542,19542,428,428,11
63750,job_19543,19543,1187,2351,42
63752,job_19544,19544,1210,1282,21
63759,job_19545,19545,358,524,16
63761,job_19546,19546,1127,1964,43
63765,job_19547,19547,386,567,17
63769,job_19548,19548,208,571,17
63769,job_19549,19549,1051,2882,14
63769,job_19550,19550,1231,2081,24
63771,job_19551,19551,204,502,14
63781,job_19552,19552,336,457,14
63783,job_19553,19553,941,2770,14
63791,job_19554,19554,299,604,10
63792,job_19555,19555,1728,3034,37
63792,job_19556,19556,1264,2627,12
63800,job_19557,19557,424,552,15
63806,job_19558,19558,462,551,10
63811,job_19559,19559,249,504,14
63813,job_19560,19560,266,622,11
63820,job_19561,19561,268,733,6
63823,job_19562,19562,294,591,20
63829,job_19563,19563,195,601,13
63832,job_19564,19564,297,679,5
63841,job_19565,19565,357,455,12
63849,job_19566,19566,299,228,6
63853,job_19567,19567,379,408,20
63861,job_19568,19568,364,483,14
63866,job_19569,19569,188,452,20
63868,job_19570,19570,176,622,12
63875,job_19571,19571,322,536,8
63881,job_19572,19572,262,403,6
63891,job_19573,19573,172,544,9
63895,job_19574,19574,404,603,14
63902,job_19575,19575,474,518,12
63906,job_19576,19576,276,368,8
63908,job_19577,19577,266,455,20
63915,job_19578,19578,305,492,14
63916,job_19579,19579,1079,1697,40
63920,job_19580,19580,297,484,12
63921,job_19581,19581,1269,1518,48
63931,job_19582,19582,379,400,15
63940,job_19583,19583,293,659,6
63942,job_19584,19584,1419,1891,30
63949,job_19585,19585,313,550,7
63958,job_19586,19586,389,446,15
63959,job_19587,19587,1726,2286,13
63968,job_19588,19588,375,434,8
63969,job_19589,19589,1006,2486,35
63979,job_19590,19590,144,520,8
63986,job_19591,19591,174,550,8
63991,job_19592,19592,434,451,8
63993,job_19593,19593,901,2347,47
64003,job_19594,19594,345,589,6
64012,job_19595,19595,313,206,11
64017,job_19596,19596,239,509,13
64019,job_19597,19597,893,1601,41
64019,job_19598,19598,1145,1642,47
64019,job_19599,19599,1434,1746,23
64023,job_19600,19600,251,471,6
64025,job_19601,19601,1198,2063,23
64033,job_19602,19602,328,395,8
64037,job_19603,19603,339,628,13
64038,job_19604,19604,1126,2520,50
64040,job_19605,19605,345,500,11
64046,job_19606,19606,237,562,19
64056,job_19607,19607,390,416,7
64057,job_19608,19608,1352,2420,43
64060,job_19609,19609,254,547,20
64062,job_19610,19610,114,548,20
64069,job_19611,19611,274,432,10
64079,job_19612,19612,270,578,6
64087,job_19613,19613,100,549,7
64090,job_19614,19614,324,670,19
64099,job_19615,19615,272,509,18
64099,job_19616,19616,1220,1372,28
64108,job_19617,19617,357,379,19
64112,job_19618,19618,260,495,17
64112,job_19619,19619,835,1775,47
64121,job_19620,19620,280,628,7
64127,job_19621,19621,279,672,20
64133,job_19622,19622,364,469,5
64135,job_19623,19623,1623,2594,23
64137,job_19624,19624,256,546,5
64139,job_19625,19625,1598,1485,30
64147,job_19626,19626,397,580,12
64150,job_19627,19627,357,467,12
64156,job_19628,19628,199,499,5
64156,job_19629,19629,1364,2288,28
64157,job_19630,19630,985,2691,12
64159,job_19631,19631,1603,3520,18
64165,job_19632,19632,213,428,5
64166,job_19633,19633,745,2168,43
64175,job_19634,19634,298,568,14
64175,job_19635,19635,734,2345,49
64177,job_19636,19636,926,2676,25
64181,job_19637,19637,167,560,9
64187,job_19638,19638,344,444,15
64197,job_19639,19639,100,552,8
64199,job_19640,19640,1272,2221,45
64208,job_19641,19641,407,360,8
64214,job_19642,19642,290,655,5
64217,job_19643,19643,376,488,5
64222,job_19644,19644,311,648,6
64231,job_19645,19645,385,466,19
64232,job_19646,19646,1124,2340,42
64233,job_19647,19647,965,2227,34
64239,job_19648,19648,281,524,11
64242,job_19649,19649,424,426,8
64252,job_19650,19650,455,501,5
64258,job_19651,19651,282,508,7
64262,job_19652,19652,283,523,20
64271,job_19653,19653,297,493,14
64273,job_19654,19654,1276,2101,14
64273,job_19655,19655,976,2274,42
64280,job_19656,19656,350,587,14
64282,job_19657,19657,1203,2292,43
64285,job_19658,19658,374,666,14
64287,job_19659,19659,1447,1965,50
64288,job_19660,19660,1113,1221,40
64290,job_19661,19661,332,554,11
64290,job_19662,19662,1090,1775,29
64299,job_19663,19663,445,565,6
64301,job_19664,19664,1367,2082,20
64303,job_19665,19665,262,589,12
64306,job_19666,19666,392,495,8
64307,job_19667,19667,1178,2564,34
64309,job_19668,19668,893,882,42
64309,job_19669,19669,1309,860,20
64310,job_19670,19670,1632,1440,34
64311,job_19671,19671,827,2612,22
64318,job_19672,19672,100,523,19
64326,job_19673,19673,319,738,18
64326,job_19674,19674,1656,2731,29
64335,job_19675,19675,401,344,19
64345,job_19676,19676,354,570,15
64351,job_19677,19677,321,440,19
64353,job_19678,19678,239,489,20
64355,job_19679,19679,1510,1619,38
64355,job_19680,19680,1102,1556,27
64362,job_19681,19681,367,627,14
64370,job_19682,19682,346,508,19
64370,job_19683,19683,1198,2341,47
64370,job_19684,19684,1215,1924,46
64372,job_19685,19685,1627,2287,50
64373,job_19686,19686,1290,1762,28
64382,job_19687,19687,125,523,5
64384,job_19688,19688,310,555,14
64394,job_19689,19689,167,474,18
64403,job_19690,19690,278,583,15
64404,job_19691,19691,993,2211,20
64406,job_19692,19692,246,533,13
64412,job_19693,19693,271,442,11
64415,job_19694,19694,319,468,14
64418,job_19695,19695,326,353,15
64419,job_19696,19696,1211,2835,12
64429,job_19697,19697,458,541,19
64431,job_19698,19698,243,442,7
64434,job_19699,19699,367,567,12
64437,job_19700,19700,372,448,9
64446,job_19701,19701,164,471,20
64448,job_19702,19702,1208,1457,36
64449,job_19703,19703,922,2071,46
64458,job_19704,19704,394,536,11
64464,job_19705,19705,109,560,18
64465,job_19706,19706,898,2411,33
64467,job_19707,19707,1470,2257,49
64473,job_19708,19708,309,578,14
64481,job_19709,19709,264,629,18
64482,job_19710,19710,942,2066,25
64489,job_19711,19711,389,557,9
64489,job_19712,19712,1511,2143,37
64490,job_19713,19713,1554,1828,38
64492,job_19714,19714,843,2047,27
64496,job_19715,19715,385,374,5
64497,job_19716,19716,1278,1596,46
64499,job_19717,19717,185,462,18
64508,job_19718,19718,358,455,6
64509,job_19719,19719,1111,1973,26
64509,job_19720,19720,617,1066,21
64515,job_19721,19721,360,519,14
64517,job_19722,19722,339,518,7
64517,job_19723,19723,1104,2767,18
64527,job_19724,19724,269,431,11
64529,job_19725,19725,1040,1651,16
64536,job_19726,19726,345,570,8
64543,job_19727,19727,289,592,14
64548,job_19728,19728,453,526,15
64553,job_19729,19729,264,550,15
64563,job_19730,19730,131,528,17
64572,job_19731,19731,230,355,19
64574,job_19732,19732,393,492,9
64575,job_19733,19733,984,2188,15
64580,job_19734,19734,461,474,13
64582,job_19735,19735,677,1342,21
64592,job_19736,19736,207,534,9
64594,job_19737,19737,1495,3423,20
64602,job_19738,19738,100,387,7
64611,job_19739,19739,425,437,10
64611,job_19740,19740,828,2025,35
64618,job_19741,19741,291,470,12
64627,job_19742,19742,413,481,13
64627,job_19743,19743,1139,2187,10
64629,job_19744,19744,359,653,12
64631,job_19745,19745,1849,1429,15
64638,job_19746,19746,262,735,12
64642,job_19747,19747,302,463,17
64651,job_19748,19748,267,354,18
64652,job_19749,19749,941,2427,46
64658,job_19750,19750,248,454,17
64667,job_19751,19751,100,644,8
64670,job_19752,19752,408,468,14
64670,job_19753,19753,1406,1637,28
64675,job_19754,19754,476,500,18
64676,job_19755,19755,1185,1828,48
64678,job_19756,19756,1091,2044,10
64681,job_19757,19757,494,372,6
64688,job_19758,19758,332,581,6
64697,job_19759,19759,480,265,6
64700,job_19760,19760,112,582,15
64701,job_19761,19761,1237,1617,37
64703,job_19762,19762,1351,1838,49
64712,job_19763,19763,397,568,8
64716,job_19764,19764,273,458,8
64724,job_19765,19765,302,362,8
64728,job_19766,19766,572,494,19
64735,job_19767,19767,388,560,13
64737,job_19768,19768,393,527,18
64738,job_19769,19769,953,2119,38
64738,job_19770,19770,1759,2525,14
64741,job_19771,19771,348,451,6
64743,job_19772,19772,1303,1436,13
64752,job_19773,19773,205,407,5
64762,job_19774,19774,304,614,14
64772,job_19775,19775,401,387,17
64774,job_19776,19776,399,597,9
64776,job_19777,19777,199,449,19
64778,job_19778,19778,360,429,20
64784,job_19779,19779,338,561,8
64790,job_19780,19780,186,527,5
64800,job_19781,19781,177,646,5
64802,job_19782,19782,230,526,13
64805,job_19783,19783,202,457,10
64807,job_19784,19784,1087,2314,21
64816,job_19785,19785,533,550,16
64819,job_19786,19786,335,456,9
64823,job_19787,19787,359,616,16
64825,job_19788,19788,1233,2087,19
64828,job_19789,19789,344,564,5
64834,job_19790,19790,445,467,13
64835,job_19791,19791,1110,2337,26
64835,job_19792,19792,1279,2549,39
64835,job_19793,19793,1176,2072,35
64844,job_19794,19794,201,483,19
64853,job_19795,19795,272,604,20
64861,job_19796,19796,341,492,7
64863,job_19797,19797,400,591,18
64870,job_19798,19798,217,444,19
64872,job_19799,19799,1017,2967,45
64874,job_19800,19800,485,520,8
64882,job_19801,19801,254,624,17
64883,job_19802,19802,1422,2048,21
64887,job_19803,19803,168,350,11
64889,job_19804,19804,772,1935,32
64899,job_19805,19805,177,580,9
64900,job_19806,19806,1742,2244,34
64901,job_19807,19807,1550,2669,41
64906,job_19808,19808,352,514,17
64916,job_19809,19809,219,486,6
64918,job_19810,19810,396,594,8
64927,job_19811,19811,358,528,5
64929,job_19812,19812,312,559,14
64930,job_19813,19813,1583,2148,15
64932,job_19814,19814,1210,1453,35
64941,job_19815,19815,399,361,5
64949,job_19816,19816,172,731,6
64950,job_19817,19817,777,2281,37
64959,job_19818,19818,217,427,16
64961,job_19819,19819,313,624,17
64961,job_19820,19820,1558,1897,46
64963,job_19821,19821,548,1059,27
64965,job_19822,19822,1661,1463,41
64974,job_19823,19823,477,611,17
64975,job_19824,19824,1517,1993,19
64983,job_19825,19825,249,634,16
64989,job_19826,19826,177,421,18
64992,job_19827,19827,160,413,13
65002,job_19828,19828,192,555,9
65004,job_19829,19829,884,2085,32
65004,job_19830,19830,1448,2360,37
65008,job_19831,19831,129,576,14
65010,job_19832,19832,371,522,17
65018,job_19833,19833,345,383,7
65025,job_19834,19834,100,523,11
65033,job_19835,19835,294,450,6
65037,job_19836,19836,199,388,10
65037,job_19837,19837,889,2174,19
65044,job_19838,19838,478,574,7
65046,job_19839,19839,177,421,14
65050,job_19840,19840,302,602,10
65055,job_19841,19841,276,275,8
65055,job_19842,19842,1008,1574,22
65060,job_19843,19843,288,392,13
65062,job_19844,19844,284,488,10
65064,job_19845,19845,457,1976,36
65072,job_19846,19846,334,433,19
65072,job_19847,19847,1333,2603,40
65072,job_19848,19848,1554,1649,48
65079,job_19849,19849,203,482,15
65086,job_19850,19850,335,380,6
65088,job_19851,19851,1456,1515,11
65091,job_19852,19852,241,611,11
65094,job_19853,19853,393,686,20
65098,job_19854,19854,328,617,13
65105,job_19855,19855,480,387,11
65115,job_19856,19856,248,640,15
65115,job_19857,19857,1432,2149,43
65117,job_19858,19858,1105,1320,40
65117,job_19859,19859,1139,1515,36
65125,job_19860,19860,369,564,7
65134,job_19861,19861,466,433,17
65135,job_19862,19862,916,1908,22
65139,job_19863,19863,313,547,18
65148,job_19864,19864,327,538,12
65156,job_19865,19865,305,464,9
65158,job_19866,19866,439,613,19
65161,job_19867,19867,213,463,19
65162,job_19868,19868,1049,1754,31
65167,job_19869,19869,274,420,9
65171,job_19870,19870,245,538,8
65173,job_19871,19871,1184,2163,26
65182,job_19872,19872,327,545,7
65182,job_19873,19873,1432,1994,22
65188,job_19874,19874,415,527,7
65198,job_19875,19875,481,472,13
65205,job_19876,19876,326,520,16
65208,job_19877,19877,345,424,9
65210,job_19878,19878,1746,1597,22
65211,job_19879,19879,1484,1935,45
65211,job_19880,19880,1487,3151,41
65216,job_19881,19881,367,527,10
65225,job_19882,19882,301,638,15
65235,job_19883,19883,465,467,11
65237,job_19884,19884,264,383,18
65237,job_19885,19885,863,1707,49
65237,job_19886,19886,1178,2610,40
65244,job_19887,19887,440,500,17
65245,job_19888,19888,837,2450,29
65252,job_19889,19889,219,485,20
65255,job_19890,19890,212,640,13
65256,job_19891,19891,1570,2657,29
65264,job_19892,19892,305,284,14
65264,job_19893,19893,690,2473,12
65266,job_19894,19894,1291,2529,29
65272,job_19895,19895,261,563,15
65275,job_19896,19896,286,422,9
65282,job_19897,19897,237,478,13
65291,job_19898,19898,365,408,7
65298,job_19899,19899,281,606,14
65300,job_19900,19900,967,2958,38
65301,job_19901,19901,868,2073,47
65302,job_19902,19902,1453,2309,33
65308,job_19903,19903,193,619,16
65310,job_19904,19904,1239,1145,36
65312,job_19905,19905,1735,1980,48
65321,job_19906,19906,441,492,20
65323,job_19907,19907,1219,1808,41
65330,job_19908,19908,137,487,6
65338,job_19909,19909,316,469,10
65340,job_19910,19910,1551,2397,44
65344,job_19911,19911,388,438,8
65344,job_19912,19912,1677,2893,38
65345,job_19913,19913,973,2025,19
65347,job_19914,19914,1764,2006,44
65349,job_19915,19915,753,2493,43
65358,job_19916,19916,380,599,20
65366,job_19917,19917,341,589,15
65368,job_19918,19918,1108,2039,17
65369,job_19919,19919,949,1681,29
65371,job_19920,19920,389,560,19
65379,job_19921,19921,256,664,6
65388,job_19922,19922,416,544,19
65393,job_19923,19923,376,591,7
65401,job_19924,19924,304,652,13
65408,job_19925,19925,438,401,13
65414,job_19926,19926,400,476,5
65420,job_19927,19927,148,318,18
65427,job_19928,19928,332,524,15
65429,job_19929,19929,309,569,18
65433,job_19930,19930,243,506,15
65434,job_19931,19931,1283,2938,46
65443,job_19932,19932,242,453,19
65451,job_19933,19933,401,599,16
65457,job_19934,19934,265,350,13
65459,job_19935,19935,961,1962,31
65468,job_19936,19936,350,467,11
65468,job_19937,19937,610,2713,10
65470,job_19938,19938,1309,1863,39
65474,job_19939,19939,158,425,17
65477,job_19940,19940,256,385,15
65479,job_19941,19941,405,476,9
65487,job_19942,19942,280,622,14
65488,job_19943,19943,1239,2510,43
65498,job_19944,19944,616,447,5
65504,job_19945,19945,345,478,19
65513,job_19946,19946,422,539,19
65513,job_19947,19947,1152,2238,45
65522,job_19948,19948,363,431,8
65528,job_19949,19949,264,464,16
65529,job_19950,19950,1341,2094,27
65539,job_19951,19951,239,542,6
65542,job_19952,19952,599,577,10
65545,job_19953,19953,390,418,12
65548,job_19954,19954,248,490,20
65551,job_19955,19955,180,474,5
65552,job_19956,19956,573,1467,11
65556,job_19957,19957,418,523,11
65556,job_19958,19958,1353,2546,18
65566,job_19959,19959,296,475,8
65568,job_19960,19960,942,2505,42
65576,job_19961,19961,341,583,9
65577,job_19962,19962,725,2378,31
65579,job_19963,19963,1013,1964,31
65580,job_19964,19964,878,2346,28
65590,job_19965,19965,342,561,5
65594,job_19966,19966,327,473,18
65603,job_19967,19967,274,369,12
65609,job_19968,19968,268,710,6
65610,job_19969,19969,1464,2761,20
65613,job_19970,19970,316,460,8
65613,job_19971,19971,956,2100,44
65615,job_19972,19972,1408,2440,12
65615,job_19973,19973,1362,2165,14
65616,job_19974,19974,1279,2346,28
65624,job_19975,19975,197,574,11
65627,job_19976,19976,412,361,13
65629,job_19977,19977,1645,1666,34
65629,job_19978,19978,739,1758,32
65634,job_19979,19979,248,559,15
65638,job_19980,19980,312,411,12
65640,job_19981,19981,1234,2387,37
65640,job_19982,19982,1157,1695,40
65642,job_19983,19983,703,2462,17
65646,job_19984,19984,235,561,8
65650,job_19985,19985,194,477,16
65650,job_19986,19986,950,1261,23
65658,job_19987,19987,385,403,18
65660,job_19988,19988,1032,2395,40
65660,job_19989,19989,820,2347,35
65662,job_19990,19990,677,1999,40
65666,job_19991,19991,176,555,20
65668,job_19992,19992,1423,1774,41
65672,job_19993,19993,186,448,18
65681,job_19994,19994,371,598,9
65683,job_19995,19995,1448,2367,40
65688,job_19996,19996,202,353,19
65689,job_19997,19997,1497,2386,31
65689,job_19998,19998,1605,2175,17
65698,job_19999,19999,196,564,13
